2020/01/09 18:21:32.903,-0.903366
2020/01/09 18:21:33.002,-0.935089
2020/01/09 18:21:33.102,-1.052444
2020/01/09 18:21:33.202,-0.923172
2020/01/09 18:21:33.302,-0.997726
2020/01/09 18:21:33.402,-0.868317
2020/01/09 18:21:33.502,-0.803940
2020/01/09 18:21:33.601,-1.029831
2020/01/09 18:21:33.702,-0.949081
2020/01/09 18:21:33.802,-0.866653
2020/01/09 18:21:33.902,-1.005463
2020/01/09 18:21:34.002,-1.031921
2020/01/09 18:21:34.101,-0.944473
2020/01/09 18:21:34.202,-0.846069
2020/01/09 18:21:34.301,-0.763962
2020/01/09 18:21:34.401,-0.653931
2020/01/09 18:21:34.501,-0.557938
2020/01/09 18:21:34.601,-0.695190
2020/01/09 18:21:34.701,-0.621277
2020/01/09 18:21:34.801,-0.478638
2020/01/09 18:21:34.901,-0.326736
2020/01/09 18:21:35.001,0.069839
2020/01/09 18:21:35.101,0.129761
2020/01/09 18:21:35.201,0.168335
2020/01/09 18:21:35.301,0.342667
2020/01/09 18:21:35.401,0.114777
2020/01/09 18:21:35.501,0.386261
2020/01/09 18:21:35.601,0.542465
2020/01/09 18:21:35.701,0.040344
2020/01/09 18:21:35.801,0.515518
2020/01/09 18:21:35.901,0.702789
2020/01/09 18:21:36.001,0.462662
2020/01/09 18:21:36.102,0.339294
2020/01/09 18:21:36.201,0.715607
2020/01/09 18:21:36.301,0.037918
2020/01/09 18:21:36.401,0.727890
2020/01/09 18:21:36.501,0.077591
2020/01/09 18:21:36.601,0.385010
2020/01/09 18:21:36.701,0.903656
2020/01/09 18:21:36.801,0.469086
2020/01/09 18:21:36.901,0.148209
2020/01/09 18:21:37.001,0.695084
2020/01/09 18:21:37.101,0.070221
2020/01/09 18:21:37.201,0.773346
2020/01/09 18:21:37.301,0.314346
2020/01/09 18:21:37.401,0.288971
2020/01/09 18:21:37.501,0.664337
2020/01/09 18:21:37.601,0.673904
2020/01/09 18:21:37.701,0.225555
2020/01/09 18:21:37.801,0.813431
2020/01/09 18:21:37.901,0.409775
2020/01/09 18:21:38.001,0.199768
2020/01/09 18:21:38.101,0.601868
2020/01/09 18:21:38.201,0.305893
2020/01/09 18:21:38.300,0.513748
2020/01/09 18:21:38.400,-0.024521
2020/01/09 18:21:38.500,0.090729
2020/01/09 18:21:38.600,-0.098587
2020/01/09 18:21:38.700,0.394043
2020/01/09 18:21:38.800,-0.188705
2020/01/09 18:21:38.900,0.292755
2020/01/09 18:21:39.000,0.802078
2020/01/09 18:21:39.101,0.153519
2020/01/09 18:21:39.200,0.075058
2020/01/09 18:21:39.300,0.876358
2020/01/09 18:21:39.399,0.202454
2020/01/09 18:21:39.500,0.408203
2020/01/09 18:21:39.600,0.274063
2020/01/09 18:21:39.700,-0.059967
2020/01/09 18:21:39.800,0.015320
2020/01/09 18:21:39.900,0.127747
2020/01/09 18:21:40.000,0.127457
2020/01/09 18:21:40.100,0.309677
2020/01/09 18:21:40.200,0.411697
2020/01/09 18:21:40.299,0.266190
2020/01/09 18:21:40.399,0.305786
2020/01/09 18:21:40.499,0.525589
2020/01/09 18:21:40.600,0.256989
2020/01/09 18:21:40.699,0.097794
2020/01/09 18:21:40.799,0.110565
2020/01/09 18:21:40.899,0.009644
2020/01/09 18:21:40.999,0.221420
2020/01/09 18:21:41.100,0.247543
2020/01/09 18:21:41.199,0.669891
2020/01/09 18:21:41.299,0.416412
2020/01/09 18:21:41.399,0.421661
2020/01/09 18:21:41.499,0.404465
2020/01/09 18:21:41.599,0.266998
2020/01/09 18:21:41.698,0.142258
2020/01/09 18:21:41.799,0.207138
2020/01/09 18:21:41.899,0.138962
2020/01/09 18:21:41.999,0.302521
2020/01/09 18:21:42.099,0.286484
2020/01/09 18:21:42.199,0.248154
2020/01/09 18:21:42.299,0.292023
2020/01/09 18:21:42.398,0.379333
2020/01/09 18:21:42.499,0.414154
2020/01/09 18:21:42.598,0.669373
2020/01/09 18:21:42.698,0.102631
2020/01/09 18:21:42.798,0.361923
2020/01/09 18:21:42.898,0.157104
2020/01/09 18:21:42.998,0.328918
2020/01/09 18:21:43.098,0.392288
2020/01/09 18:21:43.198,0.678116
2020/01/09 18:21:43.298,0.269516
2020/01/09 18:21:43.398,0.226349
2020/01/09 18:21:43.498,0.385559
2020/01/09 18:21:43.598,0.535080
2020/01/09 18:21:43.698,0.796875
2020/01/09 18:21:43.798,0.130402
2020/01/09 18:21:43.898,0.208771
2020/01/09 18:21:43.998,0.531113
2020/01/09 18:21:44.098,0.301361
2020/01/09 18:21:44.198,0.684326
2020/01/09 18:21:44.298,0.298248
2020/01/09 18:21:44.398,0.060226
2020/01/09 18:21:44.498,0.403915
2020/01/09 18:21:44.598,0.589005
2020/01/09 18:21:44.698,0.725861
2020/01/09 18:21:44.798,0.050140
2020/01/09 18:21:44.898,0.508301
2020/01/09 18:21:44.998,0.639954
2020/01/09 18:21:45.098,0.161163
2020/01/09 18:21:45.198,0.648254
2020/01/09 18:21:45.298,0.326035
2020/01/09 18:21:45.398,0.102112
2020/01/09 18:21:45.497,0.395859
2020/01/09 18:21:45.597,0.921127
2020/01/09 18:21:45.697,0.364227
2020/01/09 18:21:45.797,0.270294
2020/01/09 18:21:45.897,0.465027
2020/01/09 18:21:45.997,0.502304
2020/01/09 18:21:46.097,0.365768
2020/01/09 18:21:46.197,0.342285
2020/01/09 18:21:46.297,0.562500
2020/01/09 18:21:46.397,0.260757
2020/01/09 18:21:46.497,0.184189
2020/01/09 18:21:46.597,0.628281
2020/01/09 18:21:46.697,0.954941
2020/01/09 18:21:46.797,0.195923
2020/01/09 18:21:46.897,0.332062
2020/01/09 18:21:46.997,0.456558
2020/01/09 18:21:47.097,0.351303
2020/01/09 18:21:47.198,0.631439
2020/01/09 18:21:47.297,0.140350
2020/01/09 18:21:47.397,0.478836
2020/01/09 18:21:47.497,0.317764
2020/01/09 18:21:47.597,0.157333
2020/01/09 18:21:47.697,0.245392
2020/01/09 18:21:47.797,0.456711
2020/01/09 18:21:47.897,0.310089
2020/01/09 18:21:47.997,0.816269
2020/01/09 18:21:48.097,0.575806
2020/01/09 18:21:48.197,0.073334
2020/01/09 18:21:48.297,0.026749
2020/01/09 18:21:48.397,0.015701
2020/01/09 18:21:48.496,0.094482
2020/01/09 18:21:48.596,0.250641
2020/01/09 18:21:48.696,0.832672
2020/01/09 18:21:48.797,0.606766
2020/01/09 18:21:48.896,0.627319
2020/01/09 18:21:48.996,0.486572
2020/01/09 18:21:49.096,0.581390
2020/01/09 18:21:49.196,0.165771
2020/01/09 18:21:49.296,-0.209030
2020/01/09 18:21:49.396,-0.139175
2020/01/09 18:21:49.496,-0.092422
2020/01/09 18:21:49.596,-0.117737
2020/01/09 18:21:49.696,-0.329803
2020/01/09 18:21:49.796,-0.178513
2020/01/09 18:21:49.896,-0.425888
2020/01/09 18:21:49.996,-0.512878
2020/01/09 18:21:50.096,-0.471405
2020/01/09 18:21:50.196,-0.482391
2020/01/09 18:21:50.296,-0.234924
2020/01/09 18:21:50.396,-0.028030
2020/01/09 18:21:50.496,-0.007050
2020/01/09 18:21:50.596,0.229446
2020/01/09 18:21:50.696,0.120651
2020/01/09 18:21:50.796,0.261047
2020/01/09 18:21:50.896,0.316666
2020/01/09 18:21:50.996,-0.028183
2020/01/09 18:21:51.095,0.185822
2020/01/09 18:21:51.195,0.582779
2020/01/09 18:21:51.295,0.441391
2020/01/09 18:21:51.395,0.055054
2020/01/09 18:21:51.495,0.153625
2020/01/09 18:21:51.595,-0.333923
2020/01/09 18:21:51.695,0.300461
2020/01/09 18:21:51.795,0.123489
2020/01/09 18:21:51.895,0.048080
2020/01/09 18:21:51.995,-0.053589
2020/01/09 18:21:52.095,0.396164
2020/01/09 18:21:52.195,0.354431
2020/01/09 18:21:52.295,0.315002
2020/01/09 18:21:52.395,-0.150192
2020/01/09 18:21:52.495,0.223587
2020/01/09 18:21:52.595,0.279251
2020/01/09 18:21:52.695,0.321564
2020/01/09 18:21:52.795,0.225082
2020/01/09 18:21:52.895,-0.240082
2020/01/09 18:21:52.995,0.338867
2020/01/09 18:21:53.095,0.149429
2020/01/09 18:21:53.195,-0.082886
2020/01/09 18:21:53.295,0.076752
2020/01/09 18:21:53.395,0.637619
2020/01/09 18:21:53.495,0.039505
2020/01/09 18:21:53.595,0.003677
2020/01/09 18:21:53.694,0.168472
2020/01/09 18:21:53.795,0.210251
2020/01/09 18:21:53.894,-0.579956
2020/01/09 18:21:53.994,0.331955
2020/01/09 18:21:54.094,0.091537
2020/01/09 18:21:54.194,-0.070969
2020/01/09 18:21:54.294,-0.037308
2020/01/09 18:21:54.394,-0.290955
2020/01/09 18:21:54.494,0.498657
2020/01/09 18:21:54.594,-0.256836
2020/01/09 18:21:54.694,0.346970
2020/01/09 18:21:54.794,0.012024
2020/01/09 18:21:54.894,-0.441711
2020/01/09 18:21:54.994,0.315033
2020/01/09 18:21:55.094,0.036224
2020/01/09 18:21:55.194,-0.078979
2020/01/09 18:21:55.294,0.137009
2020/01/09 18:21:55.394,0.377487
2020/01/09 18:21:55.494,0.321289
2020/01/09 18:21:55.594,0.028320
2020/01/09 18:21:55.694,-0.018143
2020/01/09 18:21:55.794,0.427414
2020/01/09 18:21:55.894,0.091675
2020/01/09 18:21:55.994,0.161819
2020/01/09 18:21:56.094,-0.186325
2020/01/09 18:21:56.194,0.378311
2020/01/09 18:21:56.294,0.103302
2020/01/09 18:21:56.395,0.070953
2020/01/09 18:21:56.493,0.081085
2020/01/09 18:21:56.594,0.176422
2020/01/09 18:21:56.693,0.815948
2020/01/09 18:21:56.794,-0.172226
2020/01/09 18:21:56.893,-0.029984
2020/01/09 18:21:56.993,0.348373
2020/01/09 18:21:57.093,0.340271
2020/01/09 18:21:57.193,0.394302
2020/01/09 18:21:57.293,0.348190
2020/01/09 18:21:57.393,0.328278
2020/01/09 18:21:57.493,0.016632
2020/01/09 18:21:57.593,-0.037140
2020/01/09 18:21:57.693,0.391693
2020/01/09 18:21:57.793,0.330261
2020/01/09 18:21:57.893,0.313248
2020/01/09 18:21:57.993,0.552689
2020/01/09 18:21:58.093,0.037140
2020/01/09 18:21:58.193,-0.037079
2020/01/09 18:21:58.293,0.107452
2020/01/09 18:21:58.393,0.162140
2020/01/09 18:21:58.493,0.294449
2020/01/09 18:21:58.593,0.250839
2020/01/09 18:21:58.693,0.321732
2020/01/09 18:21:58.793,0.121658
2020/01/09 18:21:58.892,0.172501
2020/01/09 18:21:58.992,0.327438
2020/01/09 18:21:59.093,0.766235
2020/01/09 18:21:59.192,0.342117
2020/01/09 18:21:59.292,0.124023
2020/01/09 18:21:59.392,0.103439
2020/01/09 18:21:59.492,0.170349
2020/01/09 18:21:59.592,0.207031
2020/01/09 18:21:59.692,0.292725
2020/01/09 18:21:59.792,0.309128
2020/01/09 18:21:59.892,0.435074
2020/01/09 18:21:59.992,0.230606
2020/01/09 18:22:00.092,0.333023
2020/01/09 18:22:00.192,0.188354
2020/01/09 18:22:00.292,0.250839
2020/01/09 18:22:00.392,0.183548
2020/01/09 18:22:00.492,0.161972
2020/01/09 18:22:00.592,0.236252
2020/01/09 18:22:00.692,0.259506
2020/01/09 18:22:00.792,0.315903
2020/01/09 18:22:00.891,0.236298
2020/01/09 18:22:00.992,0.261795
2020/01/09 18:22:01.092,0.370544
2020/01/09 18:22:01.192,0.727646
2020/01/09 18:22:01.292,0.205139
2020/01/09 18:22:01.392,0.253326
2020/01/09 18:22:01.492,0.325302
2020/01/09 18:22:01.592,0.232483
2020/01/09 18:22:01.692,0.359573
2020/01/09 18:22:01.792,0.208023
2020/01/09 18:22:01.891,0.345398
2020/01/09 18:22:01.992,0.255112
2020/01/09 18:22:02.092,0.097656
2020/01/09 18:22:02.191,0.118347
2020/01/09 18:22:02.291,0.406006
2020/01/09 18:22:02.391,0.631088
2020/01/09 18:22:02.491,0.241165
2020/01/09 18:22:02.591,-0.121201
2020/01/09 18:22:02.691,0.362442
2020/01/09 18:22:02.791,0.312408
2020/01/09 18:22:02.891,0.092575
2020/01/09 18:22:02.991,0.254181
2020/01/09 18:22:03.091,0.154877
2020/01/09 18:22:03.191,0.134903
2020/01/09 18:22:03.291,0.175400
2020/01/09 18:22:03.391,0.421814
2020/01/09 18:22:03.491,0.353317
2020/01/09 18:22:03.591,0.371826
2020/01/09 18:22:03.691,0.002533
2020/01/09 18:22:03.791,0.477249
2020/01/09 18:22:03.890,0.223251
2020/01/09 18:22:03.991,0.431870
2020/01/09 18:22:04.091,0.116226
2020/01/09 18:22:04.191,0.192123
2020/01/09 18:22:04.291,0.294891
2020/01/09 18:22:04.390,0.177109
2020/01/09 18:22:04.490,0.126022
2020/01/09 18:22:04.590,0.077988
2020/01/09 18:22:04.690,0.915756
2020/01/09 18:22:04.790,0.094177
2020/01/09 18:22:04.890,0.264069
2020/01/09 18:22:04.990,0.179092
2020/01/09 18:22:05.090,0.406616
2020/01/09 18:22:05.190,0.125168
2020/01/09 18:22:05.290,0.290070
2020/01/09 18:22:05.390,0.252518
2020/01/09 18:22:05.490,0.173782
2020/01/09 18:22:05.590,0.231644
2020/01/09 18:22:05.690,0.345123
2020/01/09 18:22:05.790,0.937164
2020/01/09 18:22:05.890,0.156891
2020/01/09 18:22:05.990,0.284500
2020/01/09 18:22:06.090,0.298767
2020/01/09 18:22:06.190,0.328003
2020/01/09 18:22:06.290,0.313751
2020/01/09 18:22:06.390,0.300583
2020/01/09 18:22:06.490,0.263397
2020/01/09 18:22:06.590,0.133820
2020/01/09 18:22:06.690,0.050400
2020/01/09 18:22:06.790,0.452530
2020/01/09 18:22:06.889,0.251617
2020/01/09 18:22:06.990,0.213837
2020/01/09 18:22:07.089,0.452469
2020/01/09 18:22:07.190,0.408493
2020/01/09 18:22:07.289,0.101166
2020/01/09 18:22:07.389,0.025574
2020/01/09 18:22:07.489,0.022339
2020/01/09 18:22:07.589,0.134338
2020/01/09 18:22:07.689,0.123077
2020/01/09 18:22:07.789,0.314865
2020/01/09 18:22:07.889,0.341125
2020/01/09 18:22:07.989,0.092133
2020/01/09 18:22:08.089,0.256271
2020/01/09 18:22:08.189,0.431122
2020/01/09 18:22:08.289,0.329330
2020/01/09 18:22:08.389,-0.035049
2020/01/09 18:22:08.489,-0.061737
2020/01/09 18:22:08.589,-0.003265
2020/01/09 18:22:08.689,0.039627
2020/01/09 18:22:08.789,0.203354
2020/01/09 18:22:08.889,0.075455
2020/01/09 18:22:08.989,0.210052
2020/01/09 18:22:09.089,0.067352
2020/01/09 18:22:09.189,0.227127
2020/01/09 18:22:09.289,0.377869
2020/01/09 18:22:09.389,0.307053
2020/01/09 18:22:09.489,-0.070984
2020/01/09 18:22:09.589,-0.100998
2020/01/09 18:22:09.688,-0.059372
2020/01/09 18:22:09.788,0.142380
2020/01/09 18:22:09.888,0.126312
2020/01/09 18:22:09.988,0.225540
2020/01/09 18:22:10.088,0.114288
2020/01/09 18:22:10.188,0.194382
2020/01/09 18:22:10.288,0.336838
2020/01/09 18:22:10.388,0.432693
2020/01/09 18:22:10.488,0.212006
2020/01/09 18:22:10.588,-0.108368
2020/01/09 18:22:10.688,0.477264
2020/01/09 18:22:10.788,0.135071
2020/01/09 18:22:10.888,0.096268
2020/01/09 18:22:10.988,0.002121
2020/01/09 18:22:11.088,0.334213
2020/01/09 18:22:11.188,0.232925
2020/01/09 18:22:11.288,0.086395
2020/01/09 18:22:11.388,0.254776
2020/01/09 18:22:11.488,-0.001205
2020/01/09 18:22:11.588,0.860977
2020/01/09 18:22:11.688,0.095276
2020/01/09 18:22:11.788,0.091827
2020/01/09 18:22:11.888,0.253174
2020/01/09 18:22:11.988,0.310806
2020/01/09 18:22:12.088,-0.303772
2020/01/09 18:22:12.188,0.268967
2020/01/09 18:22:12.287,0.255692
2020/01/09 18:22:12.387,-0.026489
2020/01/09 18:22:12.487,0.275574
2020/01/09 18:22:12.587,0.328400
2020/01/09 18:22:12.687,0.433060
2020/01/09 18:22:12.787,0.107315
2020/01/09 18:22:12.887,0.432968
2020/01/09 18:22:12.987,0.223999
2020/01/09 18:22:13.087,-0.164093
2020/01/09 18:22:13.187,0.039764
2020/01/09 18:22:13.287,0.275528
2020/01/09 18:22:13.387,0.085846
2020/01/09 18:22:13.487,0.362701
2020/01/09 18:22:13.587,-0.017700
2020/01/09 18:22:13.687,0.714798
2020/01/09 18:22:13.787,-0.079727
2020/01/09 18:22:13.887,0.328339
2020/01/09 18:22:13.987,0.281616
2020/01/09 18:22:14.087,0.218735
2020/01/09 18:22:14.187,0.004929
2020/01/09 18:22:14.287,0.162918
2020/01/09 18:22:14.387,0.239273
2020/01/09 18:22:14.487,0.112732
2020/01/09 18:22:14.587,0.235870
2020/01/09 18:22:14.686,0.221771
2020/01/09 18:22:14.786,0.312134
2020/01/09 18:22:14.886,-0.101273
2020/01/09 18:22:14.986,0.491211
2020/01/09 18:22:15.086,0.113846
2020/01/09 18:22:15.186,0.082062
2020/01/09 18:22:15.286,0.221344
2020/01/09 18:22:15.386,0.285675
2020/01/09 18:22:15.486,0.125519
2020/01/09 18:22:15.586,0.323059
2020/01/09 18:22:15.686,0.441940
2020/01/09 18:22:15.786,0.324265
2020/01/09 18:22:15.886,0.754532
2020/01/09 18:22:15.986,-0.113876
2020/01/09 18:22:16.086,0.604141
2020/01/09 18:22:16.186,0.013443
2020/01/09 18:22:16.286,0.108612
2020/01/09 18:22:16.386,0.097733
2020/01/09 18:22:16.486,0.033279
2020/01/09 18:22:16.586,0.206039
2020/01/09 18:22:16.685,0.176636
2020/01/09 18:22:16.786,0.277298
2020/01/09 18:22:16.886,0.125641
2020/01/09 18:22:16.985,0.277954
2020/01/09 18:22:17.085,0.410248
2020/01/09 18:22:17.185,0.556580
2020/01/09 18:22:17.285,0.262344
2020/01/09 18:22:17.385,0.278458
2020/01/09 18:22:17.485,0.072296
2020/01/09 18:22:17.585,0.035889
2020/01/09 18:22:17.685,0.268845
2020/01/09 18:22:17.785,0.334335
2020/01/09 18:22:17.885,0.247543
2020/01/09 18:22:17.985,0.418213
2020/01/09 18:22:18.085,0.212875
2020/01/09 18:22:18.185,0.450241
2020/01/09 18:22:18.285,0.420288
2020/01/09 18:22:18.385,0.393158
2020/01/09 18:22:18.485,0.386887
2020/01/09 18:22:18.585,0.165176
2020/01/09 18:22:18.685,0.018768
2020/01/09 18:22:18.785,-0.110199
2020/01/09 18:22:18.885,0.257965
2020/01/09 18:22:18.985,0.310196
2020/01/09 18:22:19.085,0.143539
2020/01/09 18:22:19.185,0.236542
2020/01/09 18:22:19.285,0.139908
2020/01/09 18:22:19.385,1.006790
2020/01/09 18:22:19.484,0.026138
2020/01/09 18:22:19.585,0.429398
2020/01/09 18:22:19.684,0.279846
2020/01/09 18:22:19.784,0.269196
2020/01/09 18:22:19.884,0.096634
2020/01/09 18:22:19.984,0.244003
2020/01/09 18:22:20.084,0.331253
2020/01/09 18:22:20.184,0.087997
2020/01/09 18:22:20.284,0.175644
2020/01/09 18:22:20.384,0.319702
2020/01/09 18:22:20.484,0.262360
2020/01/09 18:22:20.584,0.804688
2020/01/09 18:22:20.684,0.157013
2020/01/09 18:22:20.784,0.159210
2020/01/09 18:22:20.884,0.391174
2020/01/09 18:22:20.984,0.199646
2020/01/09 18:22:21.084,0.345535
2020/01/09 18:22:21.184,0.215836
2020/01/09 18:22:21.284,0.236252
2020/01/09 18:22:21.384,0.332413
2020/01/09 18:22:21.484,0.048981
2020/01/09 18:22:21.584,0.320648
2020/01/09 18:22:21.684,0.928513
2020/01/09 18:22:21.784,0.147278
2020/01/09 18:22:21.883,0.221985
2020/01/09 18:22:21.984,0.443848
2020/01/09 18:22:22.084,0.375488
2020/01/09 18:22:22.183,-0.093536
2020/01/09 18:22:22.283,0.346054
2020/01/09 18:22:22.383,0.368393
2020/01/09 18:22:22.484,0.177155
2020/01/09 18:22:22.583,0.099548
2020/01/09 18:22:22.683,0.909012
2020/01/09 18:22:22.783,0.104355
2020/01/09 18:22:22.883,0.314224
2020/01/09 18:22:22.983,0.568375
2020/01/09 18:22:23.083,-0.012726
2020/01/09 18:22:23.183,0.284393
2020/01/09 18:22:23.283,0.406052
2020/01/09 18:22:23.383,0.094711
2020/01/09 18:22:23.483,0.194138
2020/01/09 18:22:23.583,-0.036484
2020/01/09 18:22:23.683,1.242645
2020/01/09 18:22:23.783,0.072388
2020/01/09 18:22:23.883,0.460419
2020/01/09 18:22:23.983,0.370102
2020/01/09 18:22:24.083,0.109238
2020/01/09 18:22:24.183,0.361023
2020/01/09 18:22:24.283,0.234985
2020/01/09 18:22:24.383,0.110855
2020/01/09 18:22:24.483,0.146759
2020/01/09 18:22:24.583,0.551590
2020/01/09 18:22:24.683,0.402252
2020/01/09 18:22:24.783,0.672012
2020/01/09 18:22:24.883,0.403976
2020/01/09 18:22:24.982,-0.308685
2020/01/09 18:22:25.083,0.044662
2020/01/09 18:22:25.183,0.042114
2020/01/09 18:22:25.282,0.233398
2020/01/09 18:22:25.382,0.191925
2020/01/09 18:22:25.482,0.351410
2020/01/09 18:22:25.582,0.425003
2020/01/09 18:22:25.682,0.473724
2020/01/09 18:22:25.782,0.373871
2020/01/09 18:22:25.882,0.448929
2020/01/09 18:22:25.982,0.211395
2020/01/09 18:22:26.082,-0.253693
2020/01/09 18:22:26.182,0.218521
2020/01/09 18:22:26.282,0.176498
2020/01/09 18:22:26.382,0.327255
2020/01/09 18:22:26.481,0.240753
2020/01/09 18:22:26.582,0.213425
2020/01/09 18:22:26.682,0.390427
2020/01/09 18:22:26.782,0.171097
2020/01/09 18:22:26.882,0.723282
2020/01/09 18:22:26.982,-0.043472
2020/01/09 18:22:27.082,0.583740
2020/01/09 18:22:27.182,0.283752
2020/01/09 18:22:27.282,0.158478
2020/01/09 18:22:27.381,0.344742
2020/01/09 18:22:27.481,0.044983
2020/01/09 18:22:27.582,0.598679
2020/01/09 18:22:27.682,0.519852
2020/01/09 18:22:27.781,0.132965
2020/01/09 18:22:27.881,-0.004456
2020/01/09 18:22:27.981,0.575333
2020/01/09 18:22:28.081,0.669342
2020/01/09 18:22:28.182,0.420135
2020/01/09 18:22:28.282,0.058929
2020/01/09 18:22:28.381,0.489517
2020/01/09 18:22:28.481,0.290176
2020/01/09 18:22:28.581,0.397720
2020/01/09 18:22:28.681,0.256363
2020/01/09 18:22:28.781,0.408493
2020/01/09 18:22:28.881,0.356079
2020/01/09 18:22:28.981,0.130508
2020/01/09 18:22:29.081,0.404007
2020/01/09 18:22:29.181,0.610809
2020/01/09 18:22:29.280,0.438324
2020/01/09 18:22:29.381,0.209839
2020/01/09 18:22:29.480,0.402710
2020/01/09 18:22:29.581,0.195724
2020/01/09 18:22:29.681,0.001938
2020/01/09 18:22:29.781,0.058640
2020/01/09 18:22:29.880,0.239197
2020/01/09 18:22:29.981,0.253403
2020/01/09 18:22:30.080,0.040085
2020/01/09 18:22:30.180,0.499939
2020/01/09 18:22:30.280,0.211151
2020/01/09 18:22:30.380,0.763214
2020/01/09 18:22:30.480,-0.047943
2020/01/09 18:22:30.580,0.499786
2020/01/09 18:22:30.680,0.348343
2020/01/09 18:22:30.780,0.599365
2020/01/09 18:22:30.880,0.320541
2020/01/09 18:22:30.980,0.150116
2020/01/09 18:22:31.080,0.316849
2020/01/09 18:22:31.180,-0.084579
2020/01/09 18:22:31.280,0.705536
2020/01/09 18:22:31.380,0.304626
2020/01/09 18:22:31.480,0.557632
2020/01/09 18:22:31.580,0.591354
2020/01/09 18:22:31.679,0.092773
2020/01/09 18:22:31.780,-0.177780
2020/01/09 18:22:31.880,0.037857
2020/01/09 18:22:31.980,0.145279
2020/01/09 18:22:32.079,0.104538
2020/01/09 18:22:32.180,0.296463
2020/01/09 18:22:32.280,0.363525
2020/01/09 18:22:32.379,0.329269
2020/01/09 18:22:32.479,0.279022
2020/01/09 18:22:32.579,0.272644
2020/01/09 18:22:32.679,0.454605
2020/01/09 18:22:32.779,0.304657
2020/01/09 18:22:32.879,0.164978
2020/01/09 18:22:32.979,0.040146
2020/01/09 18:22:33.079,-0.091629
2020/01/09 18:22:33.179,0.012817
2020/01/09 18:22:33.279,0.210709
2020/01/09 18:22:33.379,0.163132
2020/01/09 18:22:33.479,0.365646
2020/01/09 18:22:33.579,0.204224
2020/01/09 18:22:33.679,0.111389
2020/01/09 18:22:33.779,0.466003
2020/01/09 18:22:33.879,0.327118
2020/01/09 18:22:33.978,0.392548
2020/01/09 18:22:34.079,0.192978
2020/01/09 18:22:34.179,0.313354
2020/01/09 18:22:34.279,0.257446
2020/01/09 18:22:34.379,0.302872
2020/01/09 18:22:34.479,0.099075
2020/01/09 18:22:34.579,0.156403
2020/01/09 18:22:34.679,0.388992
2020/01/09 18:22:34.779,0.335175
2020/01/09 18:22:34.878,0.081528
2020/01/09 18:22:34.978,0.271927
2020/01/09 18:22:35.078,0.375443
2020/01/09 18:22:35.178,0.251053
2020/01/09 18:22:35.278,1.048721
2020/01/09 18:22:35.378,0.077454
2020/01/09 18:22:35.478,0.376862
2020/01/09 18:22:35.578,0.403732
2020/01/09 18:22:35.678,0.322952
2020/01/09 18:22:35.778,0.027054
2020/01/09 18:22:35.878,0.452667
2020/01/09 18:22:35.978,0.272354
2020/01/09 18:22:36.078,0.314911
2020/01/09 18:22:36.178,0.397095
2020/01/09 18:22:36.278,-0.177490
2020/01/09 18:22:36.378,0.988098
2020/01/09 18:22:36.491,0.003784
2020/01/09 18:22:36.577,0.306168
2020/01/09 18:22:36.685,0.404099
2020/01/09 18:22:36.777,-0.257843
2020/01/09 18:22:36.878,0.299774
2020/01/09 18:22:36.977,0.337326
2020/01/09 18:22:37.077,0.083160
2020/01/09 18:22:37.177,0.246170
2020/01/09 18:22:37.277,0.625244
2020/01/09 18:22:37.377,0.159714
2020/01/09 18:22:37.477,0.111465
2020/01/09 18:22:37.577,0.443588
2020/01/09 18:22:37.677,0.278717
2020/01/09 18:22:37.777,-0.151245
2020/01/09 18:22:37.877,0.281952
2020/01/09 18:22:37.977,0.162766
2020/01/09 18:22:38.077,0.067810
2020/01/09 18:22:38.177,0.258606
2020/01/09 18:22:38.277,-0.036743
2020/01/09 18:22:38.377,0.932419
2020/01/09 18:22:38.477,-0.074570
2020/01/09 18:22:38.577,0.364151
2020/01/09 18:22:38.677,0.154663
2020/01/09 18:22:38.777,0.339508
2020/01/09 18:22:38.877,0.044815
2020/01/09 18:22:38.977,0.244156
2020/01/09 18:22:39.077,0.149841
2020/01/09 18:22:39.177,0.064850
2020/01/09 18:22:39.277,0.249237
2020/01/09 18:22:39.377,0.193436
2020/01/09 18:22:39.477,0.843094
2020/01/09 18:22:39.577,-0.195511
2020/01/09 18:22:39.677,0.244095
2020/01/09 18:22:39.777,0.199005
2020/01/09 18:22:39.877,0.287582
2020/01/09 18:22:39.977,0.163513
2020/01/09 18:22:40.077,0.365204
2020/01/09 18:22:40.177,0.344116
2020/01/09 18:22:40.277,0.074295
2020/01/09 18:22:40.377,0.120224
2020/01/09 18:22:40.477,0.441711
2020/01/09 18:22:40.576,0.690384
2020/01/09 18:22:40.677,0.205322
2020/01/09 18:22:40.776,0.116165
2020/01/09 18:22:40.876,0.447052
2020/01/09 18:22:40.976,-0.329498
2020/01/09 18:22:41.076,0.096252
2020/01/09 18:22:41.176,0.056320
2020/01/09 18:22:41.276,0.123535
2020/01/09 18:22:41.376,0.133377
2020/01/09 18:22:41.476,0.322952
2020/01/09 18:22:41.576,0.227142
2020/01/09 18:22:41.676,0.369568
2020/01/09 18:22:41.776,0.443604
2020/01/09 18:22:41.876,0.542709
2020/01/09 18:22:41.976,0.349258
2020/01/09 18:22:42.076,0.133026
2020/01/09 18:22:42.176,0.176407
2020/01/09 18:22:42.275,-0.183121
2020/01/09 18:22:42.375,-0.027496
2020/01/09 18:22:42.476,0.244720
2020/01/09 18:22:42.576,0.182037
2020/01/09 18:22:42.675,0.448547
2020/01/09 18:22:42.775,0.129730
2020/01/09 18:22:42.876,0.255493
2020/01/09 18:22:42.975,0.408859
2020/01/09 18:22:43.075,0.399139
2020/01/09 18:22:43.175,0.375473
2020/01/09 18:22:43.275,0.219788
2020/01/09 18:22:43.375,0.227600
2020/01/09 18:22:43.475,0.393921
2020/01/09 18:22:43.575,-0.259659
2020/01/09 18:22:43.676,0.292114
2020/01/09 18:22:43.775,0.367599
2020/01/09 18:22:43.875,0.037186
2020/01/09 18:22:43.975,0.218140
2020/01/09 18:22:44.075,0.380798
2020/01/09 18:22:44.175,0.600769
2020/01/09 18:22:44.275,0.151489
2020/01/09 18:22:44.375,0.151642
2020/01/09 18:22:44.475,0.413544
2020/01/09 18:22:44.575,0.303360
2020/01/09 18:22:44.675,-0.017395
2020/01/09 18:22:44.775,0.199234
2020/01/09 18:22:44.875,0.428589
2020/01/09 18:22:44.975,0.145248
2020/01/09 18:22:45.075,0.080643
2020/01/09 18:22:45.175,0.442688
2020/01/09 18:22:45.275,0.285645
2020/01/09 18:22:45.374,0.627502
2020/01/09 18:22:45.474,0.049423
2020/01/09 18:22:45.574,0.465897
2020/01/09 18:22:45.674,0.212524
2020/01/09 18:22:45.774,0.293976
2020/01/09 18:22:45.874,0.036423
2020/01/09 18:22:45.974,0.361786
2020/01/09 18:22:46.074,0.440735
2020/01/09 18:22:46.174,0.186157
2020/01/09 18:22:46.274,0.212082
2020/01/09 18:22:46.374,0.256851
2020/01/09 18:22:46.474,0.313614
2020/01/09 18:22:46.574,0.203400
2020/01/09 18:22:46.674,-0.315186
2020/01/09 18:22:46.774,-0.406189
2020/01/09 18:22:46.874,-0.601990
2020/01/09 18:22:46.974,-1.017578
2020/01/09 18:22:47.074,-0.873230
2020/01/09 18:22:47.174,-0.871841
2020/01/09 18:22:47.274,-0.889496
2020/01/09 18:22:47.374,-0.857040
2020/01/09 18:22:47.474,-0.818130
2020/01/09 18:22:47.574,-0.550690
2020/01/09 18:22:47.674,-0.589508
2020/01/09 18:22:47.774,-0.703522
2020/01/09 18:22:47.873,-0.724579
2020/01/09 18:22:47.973,-0.696350
2020/01/09 18:22:48.073,-0.694824
2020/01/09 18:22:48.173,-0.678391
2020/01/09 18:22:48.273,-0.713882
2020/01/09 18:22:48.373,-0.702438
2020/01/09 18:22:48.473,-0.729050
2020/01/09 18:22:48.573,-0.701248
2020/01/09 18:22:48.674,-0.722427
2020/01/09 18:22:48.773,-0.725342
