2020/01/08 17:04:11.114,0.289017
2020/01/08 17:04:11.212,0.295364
2020/01/08 17:04:11.311,0.230209
2020/01/08 17:04:11.411,0.239349
2020/01/08 17:04:11.510,0.224167
2020/01/08 17:04:11.610,0.114868
2020/01/08 17:04:11.709,0.049530
2020/01/08 17:04:11.809,0.162796
2020/01/08 17:04:11.908,0.151276
2020/01/08 17:04:12.008,0.126541
2020/01/08 17:04:12.107,0.163925
2020/01/08 17:04:12.207,0.187698
2020/01/08 17:04:12.306,0.011383
2020/01/08 17:04:12.406,-0.096115
2020/01/08 17:04:12.505,-0.101990
2020/01/08 17:04:12.604,0.152771
2020/01/08 17:04:12.704,0.144608
2020/01/08 17:04:12.804,0.154816
2020/01/08 17:04:12.903,0.109421
2020/01/08 17:04:13.002,-0.057297
2020/01/08 17:04:13.102,0.035660
2020/01/08 17:04:13.202,0.274796
2020/01/08 17:04:13.301,0.102814
2020/01/08 17:04:13.400,0.119629
2020/01/08 17:04:13.500,0.070435
2020/01/08 17:04:13.599,0.081696
2020/01/08 17:04:13.699,0.052582
2020/01/08 17:04:13.798,0.078461
2020/01/08 17:04:13.898,0.093079
2020/01/08 17:04:13.997,0.095428
2020/01/08 17:04:14.096,0.098160
2020/01/08 17:04:14.196,0.099289
2020/01/08 17:04:14.295,0.101913
2020/01/08 17:04:14.395,0.098404
2020/01/08 17:04:14.494,0.093094
2020/01/08 17:04:14.594,0.099533
2020/01/08 17:04:14.693,0.098343
2020/01/08 17:04:14.793,0.093597
2020/01/08 17:04:14.892,0.096359
2020/01/08 17:04:14.992,0.096878
2020/01/08 17:04:15.092,0.097610
2020/01/08 17:04:15.191,0.100769
2020/01/08 17:04:15.290,0.098526
2020/01/08 17:04:15.390,0.091187
2020/01/08 17:04:15.489,0.096039
2020/01/08 17:04:15.588,0.089966
2020/01/08 17:04:15.688,0.105881
2020/01/08 17:04:15.787,0.093231
2020/01/08 17:04:15.887,0.100677
2020/01/08 17:04:15.986,0.094467
2020/01/08 17:04:16.086,0.100891
2020/01/08 17:04:16.185,0.101364
2020/01/08 17:04:16.285,0.100403
2020/01/08 17:04:16.384,0.103638
2020/01/08 17:04:16.484,0.105621
2020/01/08 17:04:16.583,0.099106
2020/01/08 17:04:16.682,0.091858
2020/01/08 17:04:16.782,0.099121
2020/01/08 17:04:16.881,0.103317
2020/01/08 17:04:16.981,0.088120
2020/01/08 17:04:17.081,0.105072
2020/01/08 17:04:17.180,0.099274
2020/01/08 17:04:17.280,0.095932
2020/01/08 17:04:17.379,0.099136
2020/01/08 17:04:17.478,0.100555
2020/01/08 17:04:17.578,0.096146
2020/01/08 17:04:17.677,0.095749
2020/01/08 17:04:17.777,0.084824
2020/01/08 17:04:17.876,0.094818
2020/01/08 17:04:17.976,0.085861
2020/01/08 17:04:18.075,0.096207
2020/01/08 17:04:18.174,0.109665
2020/01/08 17:04:18.274,0.101944
2020/01/08 17:04:18.373,0.094315
2020/01/08 17:04:18.473,0.099854
2020/01/08 17:04:18.572,0.099380
2020/01/08 17:04:18.672,0.096909
2020/01/08 17:04:18.771,0.100143
2020/01/08 17:04:18.870,0.103897
2020/01/08 17:04:18.970,0.102768
2020/01/08 17:04:19.070,0.099106
2020/01/08 17:04:19.169,0.099457
2020/01/08 17:04:19.269,0.101181
2020/01/08 17:04:19.368,0.098022
2020/01/08 17:04:19.468,0.101471
2020/01/08 17:04:19.567,0.101501
2020/01/08 17:04:19.666,0.102936
2020/01/08 17:04:19.766,0.109543
2020/01/08 17:04:19.866,0.119949
2020/01/08 17:04:19.965,0.080002
2020/01/08 17:04:20.064,0.110840
2020/01/08 17:04:20.164,0.084259
2020/01/08 17:04:20.263,0.033188
2020/01/08 17:04:20.363,0.177551
2020/01/08 17:04:20.462,-0.003494
2020/01/08 17:04:20.562,0.057480
2020/01/08 17:04:20.661,0.061310
2020/01/08 17:04:20.761,0.148331
2020/01/08 17:04:20.860,0.042999
2020/01/08 17:04:20.959,0.072250
2020/01/08 17:04:21.059,0.049423
2020/01/08 17:04:21.159,0.061798
2020/01/08 17:04:21.258,0.051117
2020/01/08 17:04:21.357,0.086487
2020/01/08 17:04:21.457,0.084503
2020/01/08 17:04:21.556,0.086319
2020/01/08 17:04:21.656,0.086639
2020/01/08 17:04:21.755,0.085678
2020/01/08 17:04:21.855,0.088623
2020/01/08 17:04:21.954,0.083313
2020/01/08 17:04:22.054,0.086792
2020/01/08 17:04:22.153,0.084061
2020/01/08 17:04:22.253,0.086746
2020/01/08 17:04:22.352,0.086151
2020/01/08 17:04:22.452,0.088837
2020/01/08 17:04:22.551,0.086807
2020/01/08 17:04:22.651,0.087280
2020/01/08 17:04:22.750,0.087616
2020/01/08 17:04:22.850,0.089493
2020/01/08 17:04:22.949,0.086853
2020/01/08 17:04:23.048,0.091568
2020/01/08 17:04:23.148,0.088547
2020/01/08 17:04:23.247,0.090591
2020/01/08 17:04:23.347,0.091721
2020/01/08 17:04:23.446,0.089828
2020/01/08 17:04:23.546,0.091415
2020/01/08 17:04:23.645,0.091751
2020/01/08 17:04:23.745,0.084808
2020/01/08 17:04:23.844,0.091370
2020/01/08 17:04:23.943,0.089966
2020/01/08 17:04:24.043,0.092361
2020/01/08 17:04:24.143,0.090317
2020/01/08 17:04:24.242,0.089233
2020/01/08 17:04:24.342,0.089630
2020/01/08 17:04:24.441,0.088303
2020/01/08 17:04:24.540,0.088654
2020/01/08 17:04:24.640,0.090057
2020/01/08 17:04:24.739,0.089462
2020/01/08 17:04:24.839,0.090103
2020/01/08 17:04:24.938,0.090088
2020/01/08 17:04:25.038,0.088943
2020/01/08 17:04:25.137,0.090637
2020/01/08 17:04:25.237,0.090057
2020/01/08 17:04:25.336,0.090118
2020/01/08 17:04:25.436,0.091187
2020/01/08 17:04:25.535,0.091080
2020/01/08 17:04:25.635,0.091431
2020/01/08 17:04:25.734,0.090637
2020/01/08 17:04:25.833,0.092117
2020/01/08 17:04:25.933,0.095840
2020/01/08 17:04:26.032,0.093811
2020/01/08 17:04:26.132,0.093613
2020/01/08 17:04:26.231,0.094025
2020/01/08 17:04:26.331,0.095169
2020/01/08 17:04:26.430,0.093933
2020/01/08 17:04:26.530,0.093842
2020/01/08 17:04:26.629,0.096649
2020/01/08 17:04:26.729,0.094421
2020/01/08 17:04:26.828,0.094940
2020/01/08 17:04:26.928,0.094131
2020/01/08 17:04:27.027,0.092041
2020/01/08 17:04:27.126,0.092880
2020/01/08 17:04:27.226,0.091278
2020/01/08 17:04:27.325,0.090485
2020/01/08 17:04:27.425,0.091965
2020/01/08 17:04:27.524,0.090179
2020/01/08 17:04:27.624,0.089462
2020/01/08 17:04:27.723,0.091324
2020/01/08 17:04:27.823,0.091736
2020/01/08 17:04:27.922,0.090530
2020/01/08 17:04:28.021,0.091049
2020/01/08 17:04:28.121,0.089798
2020/01/08 17:04:28.221,0.090836
2020/01/08 17:04:28.320,0.090485
2020/01/08 17:04:28.419,0.091003
2020/01/08 17:04:28.519,0.091049
2020/01/08 17:04:28.618,0.091934
2020/01/08 17:04:28.718,0.089890
2020/01/08 17:04:28.817,0.091537
2020/01/08 17:04:28.917,0.091660
2020/01/08 17:04:29.016,0.090561
2020/01/08 17:04:29.116,0.090714
2020/01/08 17:04:29.215,0.090714
2020/01/08 17:04:29.315,0.089493
2020/01/08 17:04:29.414,0.091690
2020/01/08 17:04:29.514,0.090515
2020/01/08 17:04:29.613,0.091125
2020/01/08 17:04:29.713,0.090088
2020/01/08 17:04:29.812,0.091415
2020/01/08 17:04:29.911,0.090118
2020/01/08 17:04:30.011,0.092102
2020/01/08 17:04:30.110,0.093658
2020/01/08 17:04:30.209,0.093491
2020/01/08 17:04:30.309,0.092041
2020/01/08 17:04:30.408,0.092850
2020/01/08 17:04:30.508,0.091354
2020/01/08 17:04:30.608,0.090668
2020/01/08 17:04:30.707,0.091782
2020/01/08 17:04:30.806,0.091965
2020/01/08 17:04:30.906,0.091751
2020/01/08 17:04:31.005,0.090714
2020/01/08 17:04:31.105,0.091049
2020/01/08 17:04:31.204,0.091171
2020/01/08 17:04:31.304,0.090805
2020/01/08 17:04:31.403,0.090912
2020/01/08 17:04:31.503,0.090942
2020/01/08 17:04:31.603,0.091644
2020/01/08 17:04:31.702,0.092514
2020/01/08 17:04:31.801,0.091125
2020/01/08 17:04:31.901,0.090942
2020/01/08 17:04:32.000,0.090973
2020/01/08 17:04:32.100,0.092514
2020/01/08 17:04:32.199,0.090286
2020/01/08 17:04:32.298,0.092041
2020/01/08 17:04:32.398,0.091751
2020/01/08 17:04:32.498,0.092148
2020/01/08 17:04:32.597,0.092209
2020/01/08 17:04:32.696,0.092361
2020/01/08 17:04:32.796,0.092270
2020/01/08 17:04:32.895,0.092148
2020/01/08 17:04:32.995,0.092514
2020/01/08 17:04:33.094,0.091888
2020/01/08 17:04:33.194,0.091339
2020/01/08 17:04:33.293,0.092270
2020/01/08 17:04:33.392,0.092026
2020/01/08 17:04:33.492,0.091721
2020/01/08 17:04:33.592,0.092865
2020/01/08 17:04:33.691,0.091125
2020/01/08 17:04:33.790,0.091171
2020/01/08 17:04:33.890,0.091110
2020/01/08 17:04:33.989,0.089859
2020/01/08 17:04:34.089,0.091690
2020/01/08 17:04:34.188,0.090790
2020/01/08 17:04:34.288,0.091171
2020/01/08 17:04:34.387,0.092010
2020/01/08 17:04:34.487,0.091690
2020/01/08 17:04:34.586,0.091583
2020/01/08 17:04:34.686,0.091492
2020/01/08 17:04:34.785,0.091797
2020/01/08 17:04:34.885,0.091629
2020/01/08 17:04:34.984,0.092789
2020/01/08 17:04:35.083,0.090866
2020/01/08 17:04:35.183,0.092209
2020/01/08 17:04:35.283,0.093231
2020/01/08 17:04:35.382,0.092163
2020/01/08 17:04:35.481,0.091949
2020/01/08 17:04:35.581,0.093582
2020/01/08 17:04:35.680,0.092270
2020/01/08 17:04:35.780,0.092682
2020/01/08 17:04:35.879,0.092560
2020/01/08 17:04:35.979,0.093369
2020/01/08 17:04:36.078,0.092575
2020/01/08 17:04:36.177,0.092804
2020/01/08 17:04:36.277,0.092072
2020/01/08 17:04:36.376,0.092178
2020/01/08 17:04:36.476,0.091583
2020/01/08 17:04:36.575,0.094116
2020/01/08 17:04:36.675,0.090698
2020/01/08 17:04:36.774,0.091812
2020/01/08 17:04:36.874,0.095337
2020/01/08 17:04:36.973,0.097549
2020/01/08 17:04:37.073,0.094528
2020/01/08 17:04:37.172,0.098999
2020/01/08 17:04:37.272,0.096024
2020/01/08 17:04:37.371,0.104660
2020/01/08 17:04:37.471,0.101181
2020/01/08 17:04:37.570,0.103027
2020/01/08 17:04:37.670,0.098877
2020/01/08 17:04:37.769,0.099701
2020/01/08 17:04:37.868,0.100296
2020/01/08 17:04:37.968,0.102158
2020/01/08 17:04:38.067,0.100571
2020/01/08 17:04:38.167,0.098557
2020/01/08 17:04:38.266,0.099319
2020/01/08 17:04:38.366,0.097702
2020/01/08 17:04:38.465,0.096054
2020/01/08 17:04:38.565,0.096359
2020/01/08 17:04:38.664,0.096283
2020/01/08 17:04:38.764,0.095978
2020/01/08 17:04:38.863,0.097549
2020/01/08 17:04:38.963,0.096664
2020/01/08 17:04:39.062,0.094421
2020/01/08 17:04:39.161,0.096725
2020/01/08 17:04:39.261,0.096512
2020/01/08 17:04:39.360,0.095886
2020/01/08 17:04:39.460,0.097946
2020/01/08 17:04:39.559,0.097946
2020/01/08 17:04:39.659,0.096329
2020/01/08 17:04:39.758,0.096619
2020/01/08 17:04:39.858,0.096878
2020/01/08 17:04:39.957,0.097000
2020/01/08 17:04:40.057,0.097000
2020/01/08 17:04:40.156,0.097580
2020/01/08 17:04:40.256,0.097290
2020/01/08 17:04:40.355,0.096497
2020/01/08 17:04:40.454,0.096954
2020/01/08 17:04:40.554,0.098679
2020/01/08 17:04:40.654,0.096725
2020/01/08 17:04:40.753,0.097946
2020/01/08 17:04:40.852,0.096695
2020/01/08 17:04:40.952,0.095612
2020/01/08 17:04:41.052,0.096512
2020/01/08 17:04:41.151,0.097198
2020/01/08 17:04:41.250,0.096939
2020/01/08 17:04:41.350,0.096207
2020/01/08 17:04:41.449,0.095810
2020/01/08 17:04:41.549,0.097534
2020/01/08 17:04:41.648,0.097855
2020/01/08 17:04:41.748,0.096130
2020/01/08 17:04:41.847,0.097839
2020/01/08 17:04:41.946,0.101913
2020/01/08 17:04:42.046,0.093811
2020/01/08 17:04:42.146,0.098480
2020/01/08 17:04:42.245,0.096451
2020/01/08 17:04:42.345,0.093155
2020/01/08 17:04:42.444,0.089630
2020/01/08 17:04:42.543,0.096451
2020/01/08 17:04:42.643,0.090256
2020/01/08 17:04:42.742,0.087357
2020/01/08 17:04:42.842,0.090805
2020/01/08 17:04:42.941,0.092911
2020/01/08 17:04:43.040,0.089920
2020/01/08 17:04:43.140,0.090240
2020/01/08 17:04:43.240,0.090881
2020/01/08 17:04:43.339,0.091202
2020/01/08 17:04:43.439,0.091614
2020/01/08 17:04:43.538,0.091415
2020/01/08 17:04:43.638,0.091721
2020/01/08 17:04:43.737,0.090759
2020/01/08 17:04:43.837,0.091034
2020/01/08 17:04:43.936,0.091675
2020/01/08 17:04:44.036,0.090912
2020/01/08 17:04:44.135,0.091919
2020/01/08 17:04:44.234,0.091675
2020/01/08 17:04:44.334,0.091217
2020/01/08 17:04:44.433,0.090515
2020/01/08 17:04:44.533,0.090698
2020/01/08 17:04:44.632,0.090057
2020/01/08 17:04:44.732,0.091934
2020/01/08 17:04:44.831,0.090240
2020/01/08 17:04:44.931,0.091370
2020/01/08 17:04:45.030,0.092239
2020/01/08 17:04:45.130,0.090515
2020/01/08 17:04:45.229,0.092575
2020/01/08 17:04:45.328,0.094070
2020/01/08 17:04:45.428,0.091827
2020/01/08 17:04:45.527,0.088654
2020/01/08 17:04:45.627,0.092178
2020/01/08 17:04:45.726,0.093491
2020/01/08 17:04:45.826,0.093033
2020/01/08 17:04:45.925,0.092636
2020/01/08 17:04:46.025,0.090225
2020/01/08 17:04:46.124,0.090744
2020/01/08 17:04:46.224,0.091858
2020/01/08 17:04:46.323,0.092270
2020/01/08 17:04:46.422,0.092087
2020/01/08 17:04:46.522,0.091675
2020/01/08 17:04:46.621,0.093048
2020/01/08 17:04:46.721,0.092682
2020/01/08 17:04:46.820,0.092117
2020/01/08 17:04:46.919,0.093201
2020/01/08 17:04:47.019,0.094482
2020/01/08 17:04:47.119,0.094635
2020/01/08 17:04:47.218,0.092163
2020/01/08 17:04:47.318,0.093842
2020/01/08 17:04:47.417,0.091217
2020/01/08 17:04:47.516,0.092255
2020/01/08 17:04:47.615,0.092697
2020/01/08 17:04:47.715,0.092667
2020/01/08 17:04:47.815,0.092560
2020/01/08 17:04:47.914,0.092941
2020/01/08 17:04:48.013,0.092453
2020/01/08 17:04:48.113,0.093124
2020/01/08 17:04:48.213,0.092163
2020/01/08 17:04:48.312,0.092682
2020/01/08 17:04:48.411,0.092346
2020/01/08 17:04:48.511,0.092773
2020/01/08 17:04:48.613,0.093567
2020/01/08 17:04:48.710,0.092697
2020/01/08 17:04:48.809,0.092072
2020/01/08 17:04:48.909,0.092819
2020/01/08 17:04:49.013,0.093491
2020/01/08 17:04:49.108,0.093933
2020/01/08 17:04:49.207,0.092651
2020/01/08 17:04:49.307,0.094162
2020/01/08 17:04:49.412,0.093552
2020/01/08 17:04:49.506,0.091904
2020/01/08 17:04:49.606,0.092178
2020/01/08 17:04:49.705,0.092819
2020/01/08 17:04:49.804,0.092789
2020/01/08 17:04:49.904,0.092850
2020/01/08 17:04:50.003,0.092377
2020/01/08 17:04:50.103,0.091309
2020/01/08 17:04:50.202,0.093246
2020/01/08 17:04:50.302,0.091904
2020/01/08 17:04:50.401,0.091751
2020/01/08 17:04:50.501,0.093140
2020/01/08 17:04:50.600,0.092468
2020/01/08 17:04:50.700,0.091293
2020/01/08 17:04:50.799,0.092468
2020/01/08 17:04:50.898,0.093811
2020/01/08 17:04:50.998,0.093613
2020/01/08 17:04:51.098,0.092590
2020/01/08 17:04:51.197,0.092636
2020/01/08 17:04:51.297,0.094147
2020/01/08 17:04:51.396,0.094009
2020/01/08 17:04:51.495,0.092300
2020/01/08 17:04:51.595,0.094635
2020/01/08 17:04:51.694,0.096008
2020/01/08 17:04:51.793,0.088882
2020/01/08 17:04:51.893,0.083618
2020/01/08 17:04:51.993,0.088058
2020/01/08 17:04:52.092,0.082642
2020/01/08 17:04:52.191,0.090042
2020/01/08 17:04:52.291,0.088745
2020/01/08 17:04:52.390,0.086929
2020/01/08 17:04:52.490,0.082336
2020/01/08 17:04:52.589,0.084656
2020/01/08 17:04:52.689,0.084564
2020/01/08 17:04:52.788,0.085556
2020/01/08 17:04:52.888,0.084396
2020/01/08 17:04:52.987,0.084854
2020/01/08 17:04:53.087,0.086304
2020/01/08 17:04:53.186,0.084900
2020/01/08 17:04:53.285,0.087387
2020/01/08 17:04:53.385,0.087418
2020/01/08 17:04:53.485,0.083420
2020/01/08 17:04:53.584,0.083130
2020/01/08 17:04:53.684,0.085739
2020/01/08 17:04:53.783,0.086685
2020/01/08 17:04:53.883,0.089020
2020/01/08 17:04:53.982,0.084915
2020/01/08 17:04:54.081,0.083389
2020/01/08 17:04:54.181,0.083252
2020/01/08 17:04:54.280,0.089157
2020/01/08 17:04:54.380,0.087509
2020/01/08 17:04:54.479,0.084625
2020/01/08 17:04:54.579,0.085800
2020/01/08 17:04:54.678,0.088089
2020/01/08 17:04:54.777,0.083984
2020/01/08 17:04:54.877,0.087265
2020/01/08 17:04:54.976,0.082047
2020/01/08 17:04:55.076,0.081726
2020/01/08 17:04:55.175,0.088516
2020/01/08 17:04:55.275,0.087082
2020/01/08 17:04:55.374,0.083664
2020/01/08 17:04:55.474,0.086411
2020/01/08 17:04:55.573,0.088165
2020/01/08 17:04:55.673,0.087296
2020/01/08 17:04:55.772,0.083282
2020/01/08 17:04:55.872,0.089828
2020/01/08 17:04:55.971,0.088257
2020/01/08 17:04:56.071,0.089645
2020/01/08 17:04:56.170,0.091080
2020/01/08 17:04:56.269,0.089005
2020/01/08 17:04:56.369,0.091507
2020/01/08 17:04:56.468,0.091080
2020/01/08 17:04:56.568,0.088852
2020/01/08 17:04:56.667,0.088135
2020/01/08 17:04:56.767,0.089188
2020/01/08 17:04:56.866,0.089020
2020/01/08 17:04:56.966,0.085983
2020/01/08 17:04:57.065,0.090546
2020/01/08 17:04:57.164,0.086517
2020/01/08 17:04:57.264,0.088287
2020/01/08 17:04:57.364,0.087280
2020/01/08 17:04:57.463,0.087204
2020/01/08 17:04:57.563,0.090958
2020/01/08 17:04:57.662,0.089447
2020/01/08 17:04:57.761,0.087784
2020/01/08 17:04:57.861,0.091003
2020/01/08 17:04:57.960,0.089050
2020/01/08 17:04:58.060,0.089294
2020/01/08 17:04:58.159,0.088058
2020/01/08 17:04:58.259,0.093246
2020/01/08 17:04:58.358,0.080505
2020/01/08 17:04:58.458,0.069550
2020/01/08 17:04:58.557,0.074936
2020/01/08 17:04:58.657,0.055588
2020/01/08 17:04:58.756,0.032776
2020/01/08 17:04:58.856,0.030457
2020/01/08 17:04:58.955,0.031082
2020/01/08 17:04:59.055,0.273804
2020/01/08 17:04:59.154,0.034439
2020/01/08 17:04:59.253,0.021042
2020/01/08 17:04:59.353,0.170258
2020/01/08 17:04:59.452,0.208969
2020/01/08 17:04:59.552,0.153000
2020/01/08 17:04:59.651,-0.264481
2020/01/08 17:04:59.751,0.101746
2020/01/08 17:04:59.850,0.080215
2020/01/08 17:04:59.950,-0.012375
2020/01/08 17:05:00.049,0.075729
2020/01/08 17:05:00.149,0.029388
2020/01/08 17:05:00.248,0.129532
2020/01/08 17:05:00.348,0.070770
2020/01/08 17:05:00.447,0.091873
2020/01/08 17:05:00.547,0.080383
2020/01/08 17:05:00.646,0.064606
2020/01/08 17:05:00.745,0.130051
2020/01/08 17:05:00.845,0.100754
2020/01/08 17:05:00.945,0.101608
2020/01/08 17:05:01.044,0.087082
2020/01/08 17:05:01.143,0.111649
2020/01/08 17:05:01.243,0.104691
2020/01/08 17:05:01.342,0.091980
2020/01/08 17:05:01.442,0.100739
2020/01/08 17:05:01.541,0.093643
2020/01/08 17:05:01.641,0.104248
2020/01/08 17:05:01.740,0.103531
2020/01/08 17:05:01.839,0.107071
2020/01/08 17:05:01.939,0.102921
2020/01/08 17:05:02.039,0.102173
2020/01/08 17:05:02.138,0.103470
2020/01/08 17:05:02.237,0.100632
2020/01/08 17:05:02.337,0.105927
2020/01/08 17:05:02.436,0.104706
2020/01/08 17:05:02.536,0.105362
2020/01/08 17:05:02.635,0.101303
2020/01/08 17:05:02.735,0.108154
2020/01/08 17:05:02.834,0.101410
2020/01/08 17:05:02.934,0.105743
2020/01/08 17:05:03.033,0.106186
2020/01/08 17:05:03.133,0.105576
2020/01/08 17:05:03.232,0.106888
2020/01/08 17:05:03.332,0.104568
2020/01/08 17:05:03.431,0.105820
2020/01/08 17:05:03.531,0.105957
2020/01/08 17:05:03.630,0.108063
2020/01/08 17:05:03.730,0.106918
2020/01/08 17:05:03.829,0.106812
2020/01/08 17:05:03.928,0.108521
2020/01/08 17:05:04.028,0.109146
2020/01/08 17:05:04.127,0.108078
2020/01/08 17:05:04.227,0.110336
2020/01/08 17:05:04.326,0.110886
2020/01/08 17:05:04.425,0.110626
2020/01/08 17:05:04.525,0.108902
2020/01/08 17:05:04.624,0.113617
2020/01/08 17:05:04.724,0.109299
2020/01/08 17:05:04.823,0.103973
2020/01/08 17:05:04.923,0.111191
2020/01/08 17:05:05.022,0.108688
2020/01/08 17:05:05.122,0.119080
2020/01/08 17:05:05.221,0.109802
2020/01/08 17:05:05.321,0.112289
2020/01/08 17:05:05.420,0.104019
2020/01/08 17:05:05.520,0.105743
2020/01/08 17:05:05.619,0.103989
2020/01/08 17:05:05.719,0.103470
2020/01/08 17:05:05.818,0.107117
2020/01/08 17:05:05.918,0.108276
2020/01/08 17:05:06.017,0.108109
2020/01/08 17:05:06.117,0.108383
2020/01/08 17:05:06.216,0.110107
2020/01/08 17:05:06.316,0.108017
2020/01/08 17:05:06.415,0.110703
2020/01/08 17:05:06.515,0.108215
2020/01/08 17:05:06.614,0.108978
2020/01/08 17:05:06.714,0.107513
2020/01/08 17:05:06.813,0.104355
2020/01/08 17:05:06.912,0.108521
2020/01/08 17:05:07.012,0.107788
2020/01/08 17:05:07.112,0.107407
2020/01/08 17:05:07.211,0.108505
2020/01/08 17:05:07.310,0.108582
2020/01/08 17:05:07.410,0.108353
2020/01/08 17:05:07.509,0.107880
2020/01/08 17:05:07.609,0.106476
2020/01/08 17:05:07.708,0.106354
2020/01/08 17:05:07.808,0.109772
2020/01/08 17:05:07.907,0.109512
2020/01/08 17:05:08.006,0.109039
2020/01/08 17:05:08.106,0.107544
2020/01/08 17:05:08.205,0.109406
2020/01/08 17:05:08.305,0.108261
2020/01/08 17:05:08.404,0.108963
2020/01/08 17:05:08.504,0.109070
2020/01/08 17:05:08.603,0.108322
2020/01/08 17:05:08.703,0.107559
2020/01/08 17:05:08.802,0.109390
2020/01/08 17:05:08.902,0.108871
2020/01/08 17:05:09.001,0.110367
2020/01/08 17:05:09.101,0.109497
2020/01/08 17:05:09.200,0.107498
2020/01/08 17:05:09.299,0.108948
2020/01/08 17:05:09.399,0.110870
2020/01/08 17:05:09.499,0.108475
2020/01/08 17:05:09.598,0.107986
2020/01/08 17:05:09.698,0.110306
2020/01/08 17:05:09.797,0.108917
2020/01/08 17:05:09.897,0.108505
2020/01/08 17:05:09.996,0.110092
2020/01/08 17:05:10.095,0.107864
2020/01/08 17:05:10.195,0.107376
2020/01/08 17:05:10.294,0.108368
2020/01/08 17:05:10.394,0.107071
2020/01/08 17:05:10.493,0.108780
2020/01/08 17:05:10.593,0.110092
2020/01/08 17:05:10.693,0.109970
2020/01/08 17:05:10.791,0.109131
2020/01/08 17:05:10.891,0.108353
2020/01/08 17:05:10.990,0.107941
2020/01/08 17:05:11.090,0.107880
2020/01/08 17:05:11.189,0.108398
2020/01/08 17:05:11.289,0.108597
2020/01/08 17:05:11.388,0.109009
2020/01/08 17:05:11.488,0.110748
2020/01/08 17:05:11.587,0.111374
2020/01/08 17:05:11.687,0.110901
2020/01/08 17:05:11.786,0.109253
2020/01/08 17:05:11.886,0.110657
2020/01/08 17:05:11.985,0.110703
2020/01/08 17:05:12.085,0.110275
2020/01/08 17:05:12.184,0.109741
2020/01/08 17:05:12.284,0.110916
2020/01/08 17:05:12.383,0.111908
2020/01/08 17:05:12.483,0.110367
2020/01/08 17:05:12.582,0.109924
2020/01/08 17:05:12.681,0.112717
2020/01/08 17:05:12.781,0.109970
2020/01/08 17:05:12.881,0.111496
2020/01/08 17:05:12.980,0.110458
2020/01/08 17:05:13.080,0.110840
2020/01/08 17:05:13.179,0.113846
2020/01/08 17:05:13.278,0.111557
2020/01/08 17:05:13.378,0.111099
2020/01/08 17:05:13.477,0.112625
2020/01/08 17:05:13.577,0.111847
2020/01/08 17:05:13.676,0.111435
2020/01/08 17:05:13.776,0.116257
2020/01/08 17:05:13.875,0.112289
2020/01/08 17:05:13.974,0.110489
2020/01/08 17:05:14.074,0.113449
2020/01/08 17:05:14.173,0.113052
2020/01/08 17:05:14.273,0.112534
2020/01/08 17:05:14.372,0.113464
2020/01/08 17:05:14.472,0.111984
2020/01/08 17:05:14.571,0.114426
2020/01/08 17:05:14.670,0.112183
2020/01/08 17:05:14.770,0.111771
2020/01/08 17:05:14.870,0.112823
2020/01/08 17:05:14.969,0.111298
2020/01/08 17:05:15.068,0.112000
2020/01/08 17:05:15.168,0.112091
2020/01/08 17:05:15.268,0.112381
2020/01/08 17:05:15.367,0.112183
2020/01/08 17:05:15.466,0.113052
2020/01/08 17:05:15.566,0.113037
2020/01/08 17:05:15.665,0.112747
2020/01/08 17:05:15.765,0.111053
2020/01/08 17:05:15.864,0.111816
2020/01/08 17:05:15.964,0.112045
2020/01/08 17:05:16.063,0.113388
2020/01/08 17:05:16.162,0.114517
2020/01/08 17:05:16.262,0.113556
2020/01/08 17:05:16.362,0.111679
2020/01/08 17:05:16.461,0.111649
2020/01/08 17:05:16.561,0.112686
2020/01/08 17:05:16.660,0.111557
2020/01/08 17:05:16.759,0.111755
2020/01/08 17:05:16.859,0.110321
2020/01/08 17:05:16.958,0.111832
2020/01/08 17:05:17.058,0.112259
2020/01/08 17:05:17.157,0.112686
2020/01/08 17:05:17.257,0.110321
2020/01/08 17:05:17.356,0.111801
2020/01/08 17:05:17.455,0.109894
2020/01/08 17:05:17.555,0.114212
2020/01/08 17:05:17.654,0.112106
2020/01/08 17:05:17.754,0.112534
2020/01/08 17:05:17.853,0.108658
2020/01/08 17:05:17.953,0.110504
2020/01/08 17:05:18.052,0.110779
2020/01/08 17:05:18.152,0.117294
2020/01/08 17:05:18.251,0.110382
2020/01/08 17:05:18.351,0.110947
2020/01/08 17:05:18.450,0.102570
2020/01/08 17:05:18.550,0.102554
2020/01/08 17:05:18.649,0.105148
2020/01/08 17:05:18.749,0.107635
2020/01/08 17:05:18.848,0.105362
2020/01/08 17:05:18.948,0.109543
2020/01/08 17:05:19.047,0.104355
2020/01/08 17:05:19.147,0.117584
2020/01/08 17:05:19.246,0.115936
2020/01/08 17:05:19.346,0.114609
2020/01/08 17:05:19.445,0.110947
2020/01/08 17:05:19.544,0.111771
2020/01/08 17:05:19.644,0.110016
2020/01/08 17:05:19.743,0.110260
2020/01/08 17:05:19.843,0.113541
2020/01/08 17:05:19.942,0.110565
2020/01/08 17:05:20.042,0.108383
2020/01/08 17:05:20.141,0.110596
2020/01/08 17:05:20.241,0.109177
2020/01/08 17:05:20.340,0.107788
2020/01/08 17:05:20.440,0.109299
2020/01/08 17:05:20.539,0.104202
2020/01/08 17:05:20.639,0.109894
2020/01/08 17:05:20.738,0.110886
2020/01/08 17:05:20.837,0.114548
2020/01/08 17:05:20.937,0.110001
2020/01/08 17:05:21.036,0.116394
2020/01/08 17:05:21.136,0.108490
2020/01/08 17:05:21.235,0.112061
2020/01/08 17:05:21.335,0.109100
2020/01/08 17:05:21.434,0.108810
2020/01/08 17:05:21.534,0.102493
2020/01/08 17:05:21.633,0.106262
2020/01/08 17:05:21.733,0.105179
2020/01/08 17:05:21.832,0.112976
2020/01/08 17:05:21.931,0.114960
2020/01/08 17:05:22.031,0.101929
2020/01/08 17:05:22.131,0.099548
2020/01/08 17:05:22.230,0.105988
2020/01/08 17:05:22.330,0.104095
2020/01/08 17:05:22.429,0.105927
2020/01/08 17:05:22.529,0.104797
2020/01/08 17:05:22.628,0.102249
2020/01/08 17:05:22.727,0.105957
2020/01/08 17:05:22.827,0.099747
2020/01/08 17:05:22.926,0.103241
2020/01/08 17:05:23.026,0.106735
2020/01/08 17:05:23.125,0.102966
2020/01/08 17:05:23.225,0.099319
2020/01/08 17:05:23.324,0.102402
2020/01/08 17:05:23.424,0.104202
2020/01/08 17:05:23.523,0.109497
2020/01/08 17:05:23.622,0.103088
2020/01/08 17:05:23.722,0.100784
2020/01/08 17:05:23.821,0.104294
2020/01/08 17:05:23.921,0.102676
2020/01/08 17:05:24.020,0.103577
2020/01/08 17:05:24.120,0.105530
2020/01/08 17:05:24.219,0.104614
2020/01/08 17:05:24.318,0.106766
2020/01/08 17:05:24.418,0.104324
2020/01/08 17:05:24.518,0.104813
2020/01/08 17:05:24.617,0.105179
2020/01/08 17:05:24.717,0.101990
2020/01/08 17:05:24.816,0.103775
2020/01/08 17:05:24.915,0.107452
2020/01/08 17:05:25.015,0.106201
2020/01/08 17:05:25.114,0.108200
2020/01/08 17:05:25.214,0.105698
2020/01/08 17:05:25.313,0.107315
2020/01/08 17:05:25.413,0.109177
2020/01/08 17:05:25.512,0.102829
2020/01/08 17:05:25.612,0.109421
2020/01/08 17:05:25.711,0.107727
2020/01/08 17:05:25.811,0.106506
2020/01/08 17:05:25.910,0.105728
2020/01/08 17:05:26.010,0.108597
2020/01/08 17:05:26.109,0.110199
2020/01/08 17:05:26.209,0.109253
2020/01/08 17:05:26.308,0.109207
2020/01/08 17:05:26.407,0.104507
2020/01/08 17:05:26.507,0.113342
2020/01/08 17:05:26.606,0.112411
2020/01/08 17:05:26.706,0.106674
2020/01/08 17:05:26.805,0.110794
2020/01/08 17:05:26.905,0.110092
2020/01/08 17:05:27.004,0.107971
2020/01/08 17:05:27.104,0.110596
2020/01/08 17:05:27.203,0.110580
2020/01/08 17:05:27.302,0.111984
2020/01/08 17:05:27.402,0.109970
2020/01/08 17:05:27.501,0.107056
2020/01/08 17:05:27.601,0.108887
2020/01/08 17:05:27.700,0.107956
2020/01/08 17:05:27.800,0.106140
2020/01/08 17:05:27.899,0.109787
2020/01/08 17:05:27.999,0.111084
2020/01/08 17:05:28.098,0.108704
2020/01/08 17:05:28.198,0.107132
2020/01/08 17:05:28.297,0.110626
2020/01/08 17:05:28.397,0.112473
2020/01/08 17:05:28.496,0.109634
2020/01/08 17:05:28.596,0.110504
2020/01/08 17:05:28.695,0.112366
2020/01/08 17:05:28.795,0.112808
2020/01/08 17:05:28.894,0.111191
2020/01/08 17:05:28.994,0.110153
2020/01/08 17:05:29.093,0.104294
2020/01/08 17:05:29.192,0.107513
2020/01/08 17:05:29.292,0.110703
2020/01/08 17:05:29.392,0.107971
2020/01/08 17:05:29.491,0.110229
2020/01/08 17:05:29.590,0.110092
2020/01/08 17:05:29.690,0.109177
2020/01/08 17:05:29.789,0.105957
2020/01/08 17:05:29.889,0.109543
2020/01/08 17:05:29.988,0.108719
2020/01/08 17:05:30.088,0.110718
2020/01/08 17:05:30.187,0.109467
2020/01/08 17:05:30.286,0.110916
2020/01/08 17:05:30.386,0.110626
2020/01/08 17:05:30.485,0.111618
2020/01/08 17:05:30.585,0.112152
2020/01/08 17:05:30.685,0.110519
2020/01/08 17:05:30.784,0.111984
2020/01/08 17:05:30.883,0.110352
2020/01/08 17:05:30.983,0.110306
2020/01/08 17:05:31.082,0.112488
2020/01/08 17:05:31.182,0.112000
2020/01/08 17:05:31.281,0.112213
2020/01/08 17:05:31.381,0.112122
2020/01/08 17:05:31.480,0.113876
2020/01/08 17:05:31.580,0.113022
2020/01/08 17:05:31.679,0.114899
2020/01/08 17:05:31.779,0.113464
2020/01/08 17:05:31.878,0.113983
2020/01/08 17:05:31.977,0.114441
2020/01/08 17:05:32.077,0.113770
2020/01/08 17:05:32.176,0.115952
2020/01/08 17:05:32.276,0.112732
2020/01/08 17:05:32.375,0.115448
2020/01/08 17:05:32.474,0.113007
2020/01/08 17:05:32.574,0.114334
2020/01/08 17:05:32.673,0.114227
2020/01/08 17:05:32.773,0.114349
2020/01/08 17:05:32.873,0.114197
2020/01/08 17:05:32.972,0.113800
2020/01/08 17:05:33.072,0.114166
2020/01/08 17:05:33.171,0.113480
2020/01/08 17:05:33.270,0.113998
2020/01/08 17:05:33.370,0.114609
2020/01/08 17:05:33.469,0.115433
2020/01/08 17:05:33.569,0.114273
2020/01/08 17:05:33.668,0.115402
2020/01/08 17:05:33.768,0.112930
2020/01/08 17:05:33.867,0.112930
2020/01/08 17:05:33.967,0.114029
2020/01/08 17:05:34.066,0.114746
2020/01/08 17:05:34.165,0.115601
2020/01/08 17:05:34.265,0.116104
2020/01/08 17:05:34.365,0.118057
2020/01/08 17:05:34.464,0.115585
2020/01/08 17:05:34.564,0.113449
2020/01/08 17:05:34.663,0.116104
2020/01/08 17:05:34.762,0.116837
2020/01/08 17:05:34.862,0.116943
2020/01/08 17:05:34.961,0.114319
2020/01/08 17:05:35.061,0.115692
2020/01/08 17:05:35.160,0.114365
2020/01/08 17:05:35.260,0.112320
2020/01/08 17:05:35.359,0.112259
2020/01/08 17:05:35.459,0.114685
2020/01/08 17:05:35.558,0.126343
2020/01/08 17:05:35.657,0.114319
2020/01/08 17:05:35.757,0.102036
2020/01/08 17:05:35.856,0.099518
2020/01/08 17:05:35.956,0.100723
2020/01/08 17:05:36.055,0.092422
2020/01/08 17:05:36.155,0.078964
2020/01/08 17:05:36.254,0.080231
2020/01/08 17:05:36.354,0.100174
2020/01/08 17:05:36.453,0.097534
2020/01/08 17:05:36.553,0.090469
2020/01/08 17:05:36.652,0.121384
2020/01/08 17:05:36.752,0.112701
2020/01/08 17:05:36.851,0.107803
2020/01/08 17:05:36.951,0.105377
2020/01/08 17:05:37.050,0.106781
2020/01/08 17:05:37.150,0.104584
2020/01/08 17:05:37.249,0.105667
2020/01/08 17:05:37.349,0.107880
2020/01/08 17:05:37.448,0.098282
2020/01/08 17:05:37.548,0.104462
2020/01/08 17:05:37.647,0.106049
2020/01/08 17:05:37.746,0.113525
2020/01/08 17:05:37.846,0.114792
2020/01/08 17:05:37.945,0.111145
2020/01/08 17:05:38.045,0.110275
2020/01/08 17:05:38.144,0.108032
2020/01/08 17:05:38.244,0.105331
2020/01/08 17:05:38.343,0.107651
2020/01/08 17:05:38.443,0.104660
2020/01/08 17:05:38.542,0.102371
2020/01/08 17:05:38.642,0.109070
2020/01/08 17:05:38.741,0.107391
2020/01/08 17:05:38.840,0.107376
2020/01/08 17:05:38.940,0.110733
2020/01/08 17:05:39.039,0.104736
2020/01/08 17:05:39.139,0.103287
2020/01/08 17:05:39.238,0.103210
2020/01/08 17:05:39.338,0.097153
2020/01/08 17:05:39.437,0.107574
2020/01/08 17:05:39.537,0.090073
2020/01/08 17:05:39.636,0.121857
2020/01/08 17:05:39.736,0.089142
2020/01/08 17:05:39.835,0.110504
2020/01/08 17:05:39.935,0.099701
2020/01/08 17:05:40.034,0.108673
2020/01/08 17:05:40.133,0.101166
2020/01/08 17:05:40.233,0.105835
2020/01/08 17:05:40.333,0.103760
2020/01/08 17:05:40.432,0.107712
2020/01/08 17:05:40.532,0.107178
2020/01/08 17:05:40.631,0.105774
2020/01/08 17:05:40.730,0.104538
2020/01/08 17:05:40.830,0.103577
2020/01/08 17:05:40.929,0.103851
2020/01/08 17:05:41.029,0.095779
2020/01/08 17:05:41.128,0.095001
2020/01/08 17:05:41.228,0.100098
2020/01/08 17:05:41.327,0.094025
2020/01/08 17:05:41.427,0.095703
2020/01/08 17:05:41.526,0.097198
2020/01/08 17:05:41.625,0.096313
2020/01/08 17:05:41.725,0.093948
2020/01/08 17:05:41.825,0.096954
2020/01/08 17:05:41.924,0.102859
2020/01/08 17:05:42.023,0.102966
2020/01/08 17:05:42.123,0.105972
2020/01/08 17:05:42.222,0.097198
2020/01/08 17:05:42.322,0.096268
2020/01/08 17:05:42.422,0.100800
2020/01/08 17:05:42.521,0.100983
2020/01/08 17:05:42.620,0.098892
2020/01/08 17:05:42.719,0.094437
2020/01/08 17:05:42.819,0.099075
2020/01/08 17:05:42.918,0.099030
2020/01/08 17:05:43.018,0.098511
2020/01/08 17:05:43.117,0.097610
2020/01/08 17:05:43.217,0.093918
2020/01/08 17:05:43.316,0.099045
2020/01/08 17:05:43.416,0.097458
2020/01/08 17:05:43.516,0.101425
2020/01/08 17:05:43.615,0.099030
2020/01/08 17:05:43.714,0.097549
2020/01/08 17:05:43.814,0.099792
2020/01/08 17:05:43.913,0.100418
2020/01/08 17:05:44.013,0.098938
2020/01/08 17:05:44.112,0.099564
2020/01/08 17:05:44.211,0.099426
2020/01/08 17:05:44.311,0.099396
2020/01/08 17:05:44.410,0.096802
2020/01/08 17:05:44.510,0.100052
2020/01/08 17:05:44.610,0.097961
2020/01/08 17:05:44.709,0.100494
2020/01/08 17:05:44.809,0.097870
2020/01/08 17:05:44.908,0.099258
2020/01/08 17:05:45.008,0.100128
2020/01/08 17:05:45.107,0.099731
2020/01/08 17:05:45.206,0.100922
2020/01/08 17:05:45.306,0.101791
2020/01/08 17:05:45.405,0.102127
2020/01/08 17:05:45.505,0.099182
2020/01/08 17:05:45.604,0.100189
2020/01/08 17:05:45.704,0.100281
2020/01/08 17:05:45.803,0.099365
2020/01/08 17:05:45.902,0.098312
2020/01/08 17:05:46.002,0.101562
2020/01/08 17:05:46.101,0.099808
2020/01/08 17:05:46.201,0.098511
2020/01/08 17:05:46.300,0.098587
2020/01/08 17:05:46.400,0.100815
2020/01/08 17:05:46.500,0.101562
2020/01/08 17:05:46.599,0.099426
2020/01/08 17:05:46.699,0.101654
2020/01/08 17:05:46.798,0.102097
2020/01/08 17:05:46.897,0.100235
2020/01/08 17:05:46.997,0.097122
2020/01/08 17:05:47.096,0.102127
2020/01/08 17:05:47.195,0.102142
2020/01/08 17:05:47.295,0.100845
2020/01/08 17:05:47.395,0.101669
2020/01/08 17:05:47.494,0.100723
2020/01/08 17:05:47.594,0.102295
2020/01/08 17:05:47.693,0.103226
2020/01/08 17:05:47.793,0.103638
2020/01/08 17:05:47.892,0.099487
2020/01/08 17:05:47.991,0.101883
2020/01/08 17:05:48.091,0.102036
2020/01/08 17:05:48.190,0.103683
2020/01/08 17:05:48.290,0.104462
2020/01/08 17:05:48.389,0.106873
2020/01/08 17:05:48.488,0.100296
2020/01/08 17:05:48.588,0.109283
2020/01/08 17:05:48.687,0.106323
2020/01/08 17:05:48.787,0.106735
2020/01/08 17:05:48.886,0.107605
2020/01/08 17:05:48.986,0.105881
2020/01/08 17:05:49.085,0.106537
2020/01/08 17:05:49.185,0.105484
2020/01/08 17:05:49.284,0.106979
2020/01/08 17:05:49.383,0.109131
2020/01/08 17:05:49.483,0.107132
2020/01/08 17:05:49.582,0.100876
2020/01/08 17:05:49.682,0.104919
2020/01/08 17:05:49.781,0.107773
2020/01/08 17:05:49.881,0.103653
2020/01/08 17:05:49.980,0.107880
2020/01/08 17:05:50.080,0.106964
2020/01/08 17:05:50.179,0.097794
2020/01/08 17:05:50.279,0.104065
2020/01/08 17:05:50.378,0.103836
2020/01/08 17:05:50.478,0.097702
2020/01/08 17:05:50.577,0.096237
2020/01/08 17:05:50.676,0.104111
2020/01/08 17:05:50.776,0.100418
2020/01/08 17:05:50.875,0.102371
2020/01/08 17:05:50.975,0.104172
2020/01/08 17:05:51.074,0.102448
2020/01/08 17:05:51.174,0.102325
2020/01/08 17:05:51.273,0.103470
2020/01/08 17:05:51.373,0.102432
2020/01/08 17:05:51.472,0.101227
2020/01/08 17:05:51.572,0.097961
2020/01/08 17:05:51.671,0.098343
2020/01/08 17:05:51.770,0.104858
2020/01/08 17:05:51.870,0.102097
2020/01/08 17:05:51.970,0.098267
2020/01/08 17:05:52.069,0.097855
2020/01/08 17:05:52.168,0.099182
2020/01/08 17:05:52.268,0.100281
2020/01/08 17:05:52.367,0.097900
2020/01/08 17:05:52.467,0.096420
2020/01/08 17:05:52.566,0.102173
2020/01/08 17:05:52.666,0.098907
2020/01/08 17:05:52.765,0.095169
2020/01/08 17:05:52.865,0.094391
2020/01/08 17:05:52.964,0.091003
2020/01/08 17:05:53.063,0.094666
2020/01/08 17:05:53.163,0.106674
2020/01/08 17:05:53.262,0.095245
2020/01/08 17:05:53.362,0.099457
2020/01/08 17:05:53.462,0.102905
2020/01/08 17:05:53.561,0.097946
2020/01/08 17:05:53.660,0.100296
2020/01/08 17:05:53.760,0.101288
2020/01/08 17:05:53.859,0.100082
2020/01/08 17:05:53.959,0.100555
2020/01/08 17:05:54.059,0.099243
2020/01/08 17:05:54.158,0.098785
2020/01/08 17:05:54.258,0.103104
2020/01/08 17:05:54.357,0.101334
2020/01/08 17:05:54.457,0.100357
2020/01/08 17:05:54.556,0.100037
2020/01/08 17:05:54.655,0.099365
2020/01/08 17:05:54.755,0.102127
2020/01/08 17:05:54.854,0.099655
2020/01/08 17:05:54.954,0.097580
2020/01/08 17:05:55.053,0.098740
2020/01/08 17:05:55.153,0.101318
2020/01/08 17:05:55.252,0.100327
2020/01/08 17:05:55.352,0.097427
2020/01/08 17:05:55.451,0.101044
2020/01/08 17:05:55.551,0.097366
2020/01/08 17:05:55.650,0.098190
2020/01/08 17:05:55.749,0.098877
2020/01/08 17:05:55.849,0.100052
2020/01/08 17:05:55.949,0.098831
2020/01/08 17:05:56.048,0.099030
2020/01/08 17:05:56.148,0.099442
2020/01/08 17:05:56.247,0.101639
2020/01/08 17:05:56.346,0.099182
2020/01/08 17:05:56.446,0.099106
2020/01/08 17:05:56.545,0.098175
2020/01/08 17:05:56.645,0.100861
2020/01/08 17:05:56.744,0.099304
2020/01/08 17:05:56.844,0.098419
2020/01/08 17:05:56.943,0.099091
2020/01/08 17:05:57.043,0.099777
2020/01/08 17:05:57.142,0.098740
2020/01/08 17:05:57.241,0.098450
2020/01/08 17:05:57.341,0.100906
2020/01/08 17:05:57.441,0.100006
2020/01/08 17:05:57.540,0.098343
2020/01/08 17:05:57.639,0.100571
2020/01/08 17:05:57.739,0.101303
2020/01/08 17:05:57.838,0.100204
2020/01/08 17:05:57.938,0.099411
2020/01/08 17:05:58.037,0.100616
2020/01/08 17:05:58.137,0.100464
2020/01/08 17:05:58.236,0.099823
2020/01/08 17:05:58.336,0.100845
2020/01/08 17:05:58.435,0.099670
2020/01/08 17:05:58.535,0.099808
2020/01/08 17:05:58.634,0.101120
2020/01/08 17:05:58.733,0.100067
2020/01/08 17:05:58.833,0.098145
2020/01/08 17:05:58.933,0.099457
2020/01/08 17:05:59.032,0.100754
2020/01/08 17:05:59.131,0.101059
2020/01/08 17:05:59.231,0.098831
2020/01/08 17:05:59.331,0.100098
2020/01/08 17:05:59.430,0.097748
2020/01/08 17:05:59.529,0.103317
2020/01/08 17:05:59.629,0.102188
2020/01/08 17:05:59.728,0.101685
2020/01/08 17:05:59.828,0.101044
2020/01/08 17:05:59.927,0.101700
2020/01/08 17:06:00.026,0.101944
2020/01/08 17:06:00.126,0.101379
2020/01/08 17:06:00.226,0.101273
2020/01/08 17:06:00.325,0.103287
2020/01/08 17:06:00.425,0.101410
2020/01/08 17:06:00.524,0.099960
2020/01/08 17:06:00.623,0.101746
2020/01/08 17:06:00.723,0.102203
2020/01/08 17:06:00.822,0.100052
2020/01/08 17:06:00.922,0.101425
2020/01/08 17:06:01.021,0.100708
2020/01/08 17:06:01.121,0.099747
2020/01/08 17:06:01.220,0.101547
2020/01/08 17:06:01.320,0.100723
2020/01/08 17:06:01.419,0.101166
2020/01/08 17:06:01.518,0.100433
2020/01/08 17:06:01.618,0.101608
2020/01/08 17:06:01.717,0.101273
2020/01/08 17:06:01.817,0.101303
2020/01/08 17:06:01.917,0.105042
2020/01/08 17:06:02.016,0.101669
2020/01/08 17:06:02.115,0.103165
2020/01/08 17:06:02.215,0.101257
2020/01/08 17:06:02.314,0.102142
2020/01/08 17:06:02.414,0.102661
2020/01/08 17:06:02.513,0.102585
2020/01/08 17:06:02.613,0.103470
2020/01/08 17:06:02.712,0.102280
2020/01/08 17:06:02.812,0.101837
2020/01/08 17:06:02.911,0.100418
2020/01/08 17:06:03.011,0.100327
2020/01/08 17:06:03.110,0.101044
2020/01/08 17:06:03.210,0.100357
2020/01/08 17:06:03.309,0.100296
2020/01/08 17:06:03.408,0.100082
2020/01/08 17:06:03.508,0.101990
2020/01/08 17:06:03.608,0.102448
2020/01/08 17:06:03.707,0.102097
2020/01/08 17:06:03.806,0.102798
2020/01/08 17:06:03.906,0.101776
2020/01/08 17:06:04.005,0.101608
2020/01/08 17:06:04.105,0.100281
2020/01/08 17:06:04.204,0.102051
2020/01/08 17:06:04.304,0.103638
2020/01/08 17:06:04.403,0.102814
2020/01/08 17:06:04.503,0.102524
2020/01/08 17:06:04.602,0.101440
2020/01/08 17:06:04.701,0.101944
2020/01/08 17:06:04.801,0.101624
2020/01/08 17:06:04.900,0.102463
2020/01/08 17:06:05.000,0.102234
2020/01/08 17:06:05.099,0.102158
2020/01/08 17:06:05.199,0.104370
2020/01/08 17:06:05.298,0.103775
2020/01/08 17:06:05.398,0.101654
2020/01/08 17:06:05.497,0.103226
2020/01/08 17:06:05.597,0.102402
2020/01/08 17:06:05.696,0.102310
2020/01/08 17:06:05.796,0.102554
2020/01/08 17:06:05.895,0.101624
2020/01/08 17:06:05.995,0.102921
2020/01/08 17:06:06.094,0.101624
2020/01/08 17:06:06.194,0.101730
2020/01/08 17:06:06.293,0.103516
2020/01/08 17:06:06.393,0.102158
2020/01/08 17:06:06.492,0.101685
2020/01/08 17:06:06.592,0.101135
2020/01/08 17:06:06.691,0.102615
2020/01/08 17:06:06.791,0.102539
2020/01/08 17:06:06.890,0.101227
2020/01/08 17:06:06.989,0.102158
2020/01/08 17:06:07.089,0.101807
2020/01/08 17:06:07.188,0.102814
2020/01/08 17:06:07.288,0.103928
2020/01/08 17:06:07.387,0.101852
2020/01/08 17:06:07.486,0.102280
2020/01/08 17:06:07.586,0.103210
2020/01/08 17:06:07.686,0.102859
2020/01/08 17:06:07.785,0.104309
2020/01/08 17:06:07.884,0.103149
2020/01/08 17:06:07.984,0.102432
2020/01/08 17:06:08.083,0.103302
2020/01/08 17:06:08.183,0.103256
2020/01/08 17:06:08.282,0.103165
2020/01/08 17:06:08.382,0.101807
2020/01/08 17:06:08.481,0.102402
2020/01/08 17:06:08.581,0.103271
2020/01/08 17:06:08.680,0.102142
2020/01/08 17:06:08.780,0.104218
2020/01/08 17:06:08.879,0.103668
2020/01/08 17:06:08.979,0.100586
2020/01/08 17:06:09.078,0.100983
2020/01/08 17:06:09.177,0.102951
2020/01/08 17:06:09.277,0.103363
2020/01/08 17:06:09.377,0.102051
2020/01/08 17:06:09.476,0.103195
2020/01/08 17:06:09.576,0.101547
2020/01/08 17:06:09.675,0.103378
2020/01/08 17:06:09.774,0.102219
2020/01/08 17:06:09.874,0.102188
2020/01/08 17:06:09.973,0.102722
2020/01/08 17:06:10.073,0.103317
2020/01/08 17:06:10.172,0.102615
2020/01/08 17:06:10.272,0.103333
2020/01/08 17:06:10.371,0.101349
2020/01/08 17:06:10.471,0.102615
2020/01/08 17:06:10.570,0.102737
2020/01/08 17:06:10.670,0.101883
2020/01/08 17:06:10.769,0.101517
2020/01/08 17:06:10.868,0.103577
2020/01/08 17:06:10.968,0.101593
2020/01/08 17:06:11.067,0.101654
2020/01/08 17:06:11.166,0.100876
2020/01/08 17:06:11.266,0.101822
2020/01/08 17:06:11.366,0.101364
2020/01/08 17:06:11.465,0.101730
2020/01/08 17:06:11.565,0.101547
2020/01/08 17:06:11.664,0.107269
2020/01/08 17:06:11.764,0.101898
2020/01/08 17:06:11.863,0.098907
2020/01/08 17:06:11.963,0.100189
2020/01/08 17:06:12.062,0.106583
2020/01/08 17:06:12.161,0.104080
2020/01/08 17:06:12.261,0.102478
2020/01/08 17:06:12.361,0.103409
2020/01/08 17:06:12.460,0.104187
2020/01/08 17:06:12.559,0.105164
2020/01/08 17:06:12.659,0.107986
2020/01/08 17:06:12.758,0.102325
2020/01/08 17:06:12.858,0.105881
2020/01/08 17:06:12.957,0.099976
2020/01/08 17:06:13.057,0.108597
2020/01/08 17:06:13.156,0.101273
2020/01/08 17:06:13.256,0.099197
2020/01/08 17:06:13.355,0.108170
2020/01/08 17:06:13.455,0.104431
2020/01/08 17:06:13.554,0.102036
2020/01/08 17:06:13.654,0.104233
2020/01/08 17:06:13.753,0.102737
2020/01/08 17:06:13.853,0.100983
2020/01/08 17:06:13.952,0.081360
