2020/01/09 10:57:17.095,0.643631
2020/01/09 10:57:17.195,0.362167
2020/01/09 10:57:17.295,0.261566
2020/01/09 10:57:17.395,0.154938
2020/01/09 10:57:17.494,0.064774
2020/01/09 10:57:17.594,0.204453
2020/01/09 10:57:17.694,-0.055191
2020/01/09 10:57:17.794,0.250763
2020/01/09 10:57:17.893,0.733826
2020/01/09 10:57:17.993,0.884964
2020/01/09 10:57:18.093,0.359009
2020/01/09 10:57:18.193,0.599335
2020/01/09 10:57:18.293,0.680801
2020/01/09 10:57:18.392,1.022415
2020/01/09 10:57:18.492,0.748734
2020/01/09 10:57:18.592,1.034241
2020/01/09 10:57:18.692,0.957718
2020/01/09 10:57:18.791,0.680542
2020/01/09 10:57:18.891,0.908020
2020/01/09 10:57:18.991,1.286179
2020/01/09 10:57:19.091,0.954956
2020/01/09 10:57:19.190,1.302460
2020/01/09 10:57:19.290,1.157791
2020/01/09 10:57:19.390,0.834595
2020/01/09 10:57:19.490,0.386139
2020/01/09 10:57:19.589,0.486404
2020/01/09 10:57:19.689,1.215485
2020/01/09 10:57:19.789,0.713058
2020/01/09 10:57:19.889,0.973053
2020/01/09 10:57:19.989,0.782455
2020/01/09 10:57:20.088,0.979065
2020/01/09 10:57:20.188,1.000519
2020/01/09 10:57:20.288,0.810043
2020/01/09 10:57:20.388,1.287598
2020/01/09 10:57:20.487,1.069580
2020/01/09 10:57:20.587,0.717667
2020/01/09 10:57:20.687,0.558807
2020/01/09 10:57:20.787,0.526978
2020/01/09 10:57:20.886,1.346283
2020/01/09 10:57:20.986,0.776398
2020/01/09 10:57:21.086,0.868439
2020/01/09 10:57:21.186,0.902054
2020/01/09 10:57:21.286,0.947906
2020/01/09 10:57:21.385,0.942764
2020/01/09 10:57:21.485,1.001572
2020/01/09 10:57:21.585,1.255951
2020/01/09 10:57:21.685,1.315689
2020/01/09 10:57:21.784,0.743515
2020/01/09 10:57:21.885,0.542419
2020/01/09 10:57:21.984,0.864349
2020/01/09 10:57:22.084,1.096146
2020/01/09 10:57:22.184,1.041153
2020/01/09 10:57:22.283,0.890656
2020/01/09 10:57:22.383,0.965668
2020/01/09 10:57:22.483,1.028015
2020/01/09 10:57:22.583,1.040024
2020/01/09 10:57:22.683,1.363586
2020/01/09 10:57:22.782,1.060532
2020/01/09 10:57:22.882,0.788681
2020/01/09 10:57:22.982,0.328125
2020/01/09 10:57:23.081,0.546921
2020/01/09 10:57:23.181,1.121002
2020/01/09 10:57:23.281,0.802933
2020/01/09 10:57:23.381,0.979462
2020/01/09 10:57:23.481,0.914124
2020/01/09 10:57:23.580,0.901367
2020/01/09 10:57:23.680,0.891800
2020/01/09 10:57:23.780,1.143936
2020/01/09 10:57:23.879,1.132492
2020/01/09 10:57:23.979,1.072525
2020/01/09 10:57:24.079,0.609940
2020/01/09 10:57:24.179,0.365173
2020/01/09 10:57:24.279,1.326050
2020/01/09 10:57:24.378,0.934418
2020/01/09 10:57:24.478,0.901596
2020/01/09 10:57:24.578,0.757278
2020/01/09 10:57:24.677,0.970734
2020/01/09 10:57:24.777,0.979309
2020/01/09 10:57:24.877,0.941299
2020/01/09 10:57:24.977,1.409958
2020/01/09 10:57:25.077,1.027039
2020/01/09 10:57:25.176,0.808517
2020/01/09 10:57:25.276,0.367050
2020/01/09 10:57:25.376,0.456192
2020/01/09 10:57:25.476,1.144363
2020/01/09 10:57:25.575,0.867645
2020/01/09 10:57:25.675,1.024948
2020/01/09 10:57:25.775,0.906967
2020/01/09 10:57:25.875,0.921066
2020/01/09 10:57:25.974,0.892609
2020/01/09 10:57:26.074,1.029785
2020/01/09 10:57:26.174,1.235596
2020/01/09 10:57:26.274,1.046814
2020/01/09 10:57:26.374,0.632294
2020/01/09 10:57:26.473,0.378784
2020/01/09 10:57:26.573,1.354187
2020/01/09 10:57:26.673,0.901703
2020/01/09 10:57:26.773,1.037338
2020/01/09 10:57:26.872,0.810593
2020/01/09 10:57:26.972,0.913040
2020/01/09 10:57:27.072,1.003479
2020/01/09 10:57:27.172,0.820114
2020/01/09 10:57:27.271,1.330811
2020/01/09 10:57:27.371,1.281647
2020/01/09 10:57:27.471,0.900238
2020/01/09 10:57:27.571,0.400681
2020/01/09 10:57:27.671,0.335480
2020/01/09 10:57:27.770,1.161545
2020/01/09 10:57:27.870,1.021896
2020/01/09 10:57:27.970,1.067505
2020/01/09 10:57:28.070,0.854187
2020/01/09 10:57:28.169,0.920395
2020/01/09 10:57:28.269,0.974457
2020/01/09 10:57:28.369,0.957489
2020/01/09 10:57:28.469,1.288040
2020/01/09 10:57:28.568,1.322739
2020/01/09 10:57:28.668,0.611328
2020/01/09 10:57:28.768,0.336960
2020/01/09 10:57:28.868,1.665421
2020/01/09 10:57:28.967,0.842453
2020/01/09 10:57:29.067,0.890060
2020/01/09 10:57:29.167,0.950394
2020/01/09 10:57:29.268,0.920532
2020/01/09 10:57:29.366,0.937424
2020/01/09 10:57:29.466,1.014084
2020/01/09 10:57:29.567,1.417572
2020/01/09 10:57:29.666,1.285263
2020/01/09 10:57:29.765,0.803162
2020/01/09 10:57:29.865,0.320328
2020/01/09 10:57:29.965,0.504364
2020/01/09 10:57:30.065,1.335617
2020/01/09 10:57:30.164,0.785583
2020/01/09 10:57:30.264,1.005356
2020/01/09 10:57:30.364,0.870865
2020/01/09 10:57:30.464,0.923126
2020/01/09 10:57:30.563,0.946716
2020/01/09 10:57:30.663,1.194351
2020/01/09 10:57:30.763,1.186798
2020/01/09 10:57:30.865,1.005981
2020/01/09 10:57:30.963,0.434509
2020/01/09 10:57:31.062,0.357712
2020/01/09 10:57:31.162,1.528625
2020/01/09 10:57:31.265,0.865509
2020/01/09 10:57:31.362,1.036179
2020/01/09 10:57:31.461,0.874847
2020/01/09 10:57:31.561,0.908813
2020/01/09 10:57:31.665,0.971161
2020/01/09 10:57:31.761,0.975418
2020/01/09 10:57:31.860,1.374680
2020/01/09 10:57:31.960,1.091965
2020/01/09 10:57:32.064,0.557907
2020/01/09 10:57:32.160,0.430038
2020/01/09 10:57:32.259,1.669006
2020/01/09 10:57:32.359,1.098419
2020/01/09 10:57:32.467,1.101440
2020/01/09 10:57:32.559,0.823853
2020/01/09 10:57:32.659,0.880890
2020/01/09 10:57:32.758,1.001358
2020/01/09 10:57:32.858,0.998657
2020/01/09 10:57:32.958,1.437576
2020/01/09 10:57:33.058,1.274780
2020/01/09 10:57:33.157,0.643692
2020/01/09 10:57:33.257,0.399841
2020/01/09 10:57:33.357,1.398422
2020/01/09 10:57:33.457,1.215378
2020/01/09 10:57:33.556,1.100006
2020/01/09 10:57:33.656,0.846542
2020/01/09 10:57:33.756,0.860825
2020/01/09 10:57:33.856,0.912262
2020/01/09 10:57:33.955,0.915421
2020/01/09 10:57:34.055,1.366364
2020/01/09 10:57:34.155,1.150803
2020/01/09 10:57:34.255,0.805893
2020/01/09 10:57:34.354,0.458527
2020/01/09 10:57:34.454,0.423676
2020/01/09 10:57:34.554,1.568497
2020/01/09 10:57:34.654,0.837448
2020/01/09 10:57:34.754,1.042801
2020/01/09 10:57:34.853,0.967194
2020/01/09 10:57:34.953,0.919006
2020/01/09 10:57:35.053,0.941574
2020/01/09 10:57:35.153,0.968735
2020/01/09 10:57:35.252,1.480194
2020/01/09 10:57:35.352,1.256836
2020/01/09 10:57:35.452,0.601562
2020/01/09 10:57:35.552,0.432785
2020/01/09 10:57:35.651,1.295456
2020/01/09 10:57:35.751,1.034134
2020/01/09 10:57:35.851,1.006577
2020/01/09 10:57:35.951,0.812073
2020/01/09 10:57:36.050,0.904221
2020/01/09 10:57:36.150,0.998016
2020/01/09 10:57:36.250,0.942444
2020/01/09 10:57:36.350,1.132309
2020/01/09 10:57:36.449,1.175507
2020/01/09 10:57:36.550,1.145859
2020/01/09 10:57:36.649,0.477570
2020/01/09 10:57:36.749,0.473541
2020/01/09 10:57:36.849,1.624344
2020/01/09 10:57:36.948,0.957275
2020/01/09 10:57:37.048,1.092285
2020/01/09 10:57:37.148,0.821259
2020/01/09 10:57:37.248,0.908478
2020/01/09 10:57:37.347,0.968933
2020/01/09 10:57:37.447,1.014069
2020/01/09 10:57:37.547,1.473404
2020/01/09 10:57:37.647,1.236679
2020/01/09 10:57:37.746,0.750580
2020/01/09 10:57:37.846,0.430710
2020/01/09 10:57:37.946,0.873428
2020/01/09 10:57:38.046,1.148087
2020/01/09 10:57:38.145,0.964066
2020/01/09 10:57:38.245,0.975693
2020/01/09 10:57:38.346,0.905930
2020/01/09 10:57:38.445,0.941055
2020/01/09 10:57:38.545,0.895523
2020/01/09 10:57:38.644,0.982742
2020/01/09 10:57:38.744,1.414734
2020/01/09 10:57:38.844,1.211136
2020/01/09 10:57:38.944,0.619522
2020/01/09 10:57:39.043,0.551987
2020/01/09 10:57:39.143,1.191620
2020/01/09 10:57:39.243,0.827271
2020/01/09 10:57:39.343,1.156357
2020/01/09 10:57:39.442,1.003799
2020/01/09 10:57:39.542,1.014969
2020/01/09 10:57:39.642,0.864395
2020/01/09 10:57:39.742,0.933487
2020/01/09 10:57:39.842,0.962784
2020/01/09 10:57:39.941,1.331360
2020/01/09 10:57:40.041,1.136383
2020/01/09 10:57:40.141,0.494690
2020/01/09 10:57:40.241,0.369720
2020/01/09 10:57:40.340,1.336472
2020/01/09 10:57:40.440,0.695969
2020/01/09 10:57:40.540,1.129944
2020/01/09 10:57:40.639,0.836197
2020/01/09 10:57:40.739,0.929962
2020/01/09 10:57:40.839,0.924942
2020/01/09 10:57:40.939,0.962387
2020/01/09 10:57:41.039,0.902405
2020/01/09 10:57:41.138,1.240631
2020/01/09 10:57:41.238,1.334122
2020/01/09 10:57:41.338,0.562775
2020/01/09 10:57:41.438,0.437759
2020/01/09 10:57:41.538,1.405182
2020/01/09 10:57:41.637,1.005234
2020/01/09 10:57:41.737,1.096939
2020/01/09 10:57:41.837,0.851532
2020/01/09 10:57:41.937,0.901031
2020/01/09 10:57:42.036,0.952560
2020/01/09 10:57:42.136,0.907837
2020/01/09 10:57:42.236,1.004593
2020/01/09 10:57:42.336,1.254562
2020/01/09 10:57:42.435,1.215271
2020/01/09 10:57:42.535,0.563141
2020/01/09 10:57:42.635,0.494019
2020/01/09 10:57:42.735,1.501541
2020/01/09 10:57:42.835,1.050934
2020/01/09 10:57:42.934,1.094177
2020/01/09 10:57:43.034,0.809113
2020/01/09 10:57:43.134,0.914948
2020/01/09 10:57:43.233,0.951385
2020/01/09 10:57:43.333,0.939331
2020/01/09 10:57:43.433,1.353271
2020/01/09 10:57:43.533,1.176132
2020/01/09 10:57:43.632,0.781448
2020/01/09 10:57:43.733,0.315170
2020/01/09 10:57:43.832,0.525742
2020/01/09 10:57:43.932,1.266006
2020/01/09 10:57:44.031,0.734512
2020/01/09 10:57:44.131,1.056900
2020/01/09 10:57:44.231,0.904495
2020/01/09 10:57:44.331,0.942688
2020/01/09 10:57:44.430,0.987350
2020/01/09 10:57:44.530,0.873047
2020/01/09 10:57:44.630,1.294327
2020/01/09 10:57:44.730,1.306152
2020/01/09 10:57:44.830,0.678177
2020/01/09 10:57:44.929,0.323166
2020/01/09 10:57:45.029,1.020493
2020/01/09 10:57:45.129,1.013718
2020/01/09 10:57:45.229,1.038925
2020/01/09 10:57:45.329,0.928131
2020/01/09 10:57:45.428,0.905197
2020/01/09 10:57:45.528,0.939865
2020/01/09 10:57:45.628,0.914719
2020/01/09 10:57:45.728,1.194626
2020/01/09 10:57:45.828,1.232559
2020/01/09 10:57:45.927,0.950394
2020/01/09 10:57:46.027,0.422958
2020/01/09 10:57:46.127,0.421829
2020/01/09 10:57:46.226,1.694382
2020/01/09 10:57:46.326,0.756485
2020/01/09 10:57:46.426,1.044098
2020/01/09 10:57:46.526,0.900238
2020/01/09 10:57:46.626,0.820862
2020/01/09 10:57:46.725,0.919571
2020/01/09 10:57:46.825,1.024857
2020/01/09 10:57:46.925,1.395920
2020/01/09 10:57:47.025,1.171722
2020/01/09 10:57:47.124,0.502426
2020/01/09 10:57:47.224,0.457260
2020/01/09 10:57:47.324,1.500229
2020/01/09 10:57:47.424,1.132797
2020/01/09 10:57:47.523,1.074142
2020/01/09 10:57:47.623,0.787506
2020/01/09 10:57:47.723,0.973068
2020/01/09 10:57:47.823,0.986115
2020/01/09 10:57:47.922,0.891281
2020/01/09 10:57:48.022,1.144363
2020/01/09 10:57:48.122,1.401932
2020/01/09 10:57:48.223,0.568375
2020/01/09 10:57:48.321,0.437744
2020/01/09 10:57:48.422,1.457352
2020/01/09 10:57:48.521,1.156754
2020/01/09 10:57:48.621,1.001297
2020/01/09 10:57:48.720,0.922882
2020/01/09 10:57:48.821,0.954376
2020/01/09 10:57:48.920,0.939468
2020/01/09 10:57:49.020,0.913727
2020/01/09 10:57:49.120,1.368057
2020/01/09 10:57:49.220,1.113846
2020/01/09 10:57:49.319,0.801514
2020/01/09 10:57:49.419,0.356308
2020/01/09 10:57:49.519,0.605408
2020/01/09 10:57:49.619,1.178314
2020/01/09 10:57:49.718,0.737640
2020/01/09 10:57:49.818,1.007553
2020/01/09 10:57:49.918,0.902435
2020/01/09 10:57:50.017,0.929031
2020/01/09 10:57:50.117,0.931427
2020/01/09 10:57:50.217,1.120453
2020/01/09 10:57:50.316,1.312057
2020/01/09 10:57:50.416,1.226303
2020/01/09 10:57:50.516,0.569977
2020/01/09 10:57:50.616,0.478699
2020/01/09 10:57:50.716,1.479568
2020/01/09 10:57:50.816,1.147812
2020/01/09 10:57:50.915,1.080750
2020/01/09 10:57:51.015,0.840225
2020/01/09 10:57:51.115,0.919693
2020/01/09 10:57:51.215,0.934921
2020/01/09 10:57:51.314,0.926590
2020/01/09 10:57:51.414,1.375946
2020/01/09 10:57:51.514,1.207352
2020/01/09 10:57:51.614,0.758011
2020/01/09 10:57:51.713,0.357986
2020/01/09 10:57:51.813,0.615448
2020/01/09 10:57:51.913,1.027832
2020/01/09 10:57:52.013,1.023331
2020/01/09 10:57:52.112,1.016724
2020/01/09 10:57:52.212,0.875977
2020/01/09 10:57:52.312,0.939331
2020/01/09 10:57:52.412,0.892548
2020/01/09 10:57:52.511,1.120789
2020/01/09 10:57:52.611,1.192490
2020/01/09 10:57:52.711,1.130981
2020/01/09 10:57:52.811,0.490891
2020/01/09 10:57:52.910,0.426422
2020/01/09 10:57:53.011,1.839111
2020/01/09 10:57:53.110,0.861649
2020/01/09 10:57:53.210,1.046753
2020/01/09 10:57:53.310,0.820801
2020/01/09 10:57:53.409,0.955124
2020/01/09 10:57:53.510,0.959198
2020/01/09 10:57:53.609,0.943619
2020/01/09 10:57:53.709,1.279343
2020/01/09 10:57:53.808,1.128235
2020/01/09 10:57:53.908,0.735840
2020/01/09 10:57:54.008,0.366943
2020/01/09 10:57:54.108,0.950195
2020/01/09 10:57:54.208,1.056046
2020/01/09 10:57:54.307,0.999374
2020/01/09 10:57:54.407,0.928360
2020/01/09 10:57:54.507,0.925934
2020/01/09 10:57:54.607,0.963226
2020/01/09 10:57:54.707,0.915039
2020/01/09 10:57:54.807,1.024643
2020/01/09 10:57:54.906,1.312637
2020/01/09 10:57:55.005,0.947464
2020/01/09 10:57:55.106,0.474731
2020/01/09 10:57:55.205,0.486145
2020/01/09 10:57:55.305,1.673370
2020/01/09 10:57:55.405,0.816101
2020/01/09 10:57:55.504,1.019943
2020/01/09 10:57:55.604,0.836792
2020/01/09 10:57:55.704,0.912933
2020/01/09 10:57:55.803,0.970703
2020/01/09 10:57:55.903,0.953598
2020/01/09 10:57:56.003,1.325882
2020/01/09 10:57:56.103,1.232941
2020/01/09 10:57:56.203,0.765182
2020/01/09 10:57:56.303,0.391891
2020/01/09 10:57:56.402,0.840958
2020/01/09 10:57:56.502,0.980072
2020/01/09 10:57:56.602,0.967987
2020/01/09 10:57:56.702,0.973343
2020/01/09 10:57:56.801,0.961929
2020/01/09 10:57:56.901,0.907745
2020/01/09 10:57:57.001,0.876404
2020/01/09 10:57:57.100,1.077347
2020/01/09 10:57:57.200,1.229797
2020/01/09 10:57:57.300,0.956802
2020/01/09 10:57:57.400,0.531525
2020/01/09 10:57:57.499,0.532135
2020/01/09 10:57:57.599,1.566452
2020/01/09 10:57:57.699,0.957275
2020/01/09 10:57:57.799,1.067719
2020/01/09 10:57:57.898,0.901962
2020/01/09 10:57:57.998,0.947006
2020/01/09 10:57:58.098,0.958969
2020/01/09 10:57:58.198,0.951324
2020/01/09 10:57:58.298,1.308960
2020/01/09 10:57:58.397,1.221115
2020/01/09 10:57:58.497,0.746964
2020/01/09 10:57:58.597,0.393585
2020/01/09 10:57:58.697,0.783310
2020/01/09 10:57:58.797,1.000000
2020/01/09 10:57:58.896,0.972351
2020/01/09 10:57:58.996,1.025467
2020/01/09 10:57:59.096,0.913895
2020/01/09 10:57:59.195,0.961243
2020/01/09 10:57:59.295,0.926605
2020/01/09 10:57:59.395,0.938492
2020/01/09 10:57:59.495,1.225418
2020/01/09 10:57:59.595,1.311646
2020/01/09 10:57:59.694,0.534286
2020/01/09 10:57:59.794,0.535049
2020/01/09 10:57:59.894,1.483643
2020/01/09 10:57:59.994,1.248871
2020/01/09 10:58:00.093,1.080566
2020/01/09 10:58:00.193,0.798187
2020/01/09 10:58:00.293,0.808624
2020/01/09 10:58:00.393,0.944916
2020/01/09 10:58:00.492,0.974350
2020/01/09 10:58:00.592,1.256683
2020/01/09 10:58:00.692,1.275192
2020/01/09 10:58:00.792,0.749161
2020/01/09 10:58:00.891,0.393127
2020/01/09 10:58:00.991,0.843292
2020/01/09 10:58:01.091,1.031174
2020/01/09 10:58:01.191,0.889130
2020/01/09 10:58:01.291,0.970078
2020/01/09 10:58:01.391,0.905136
2020/01/09 10:58:01.490,0.973724
2020/01/09 10:58:01.590,0.863998
2020/01/09 10:58:01.690,1.160370
2020/01/09 10:58:01.790,1.179626
2020/01/09 10:58:01.889,0.995743
2020/01/09 10:58:01.990,0.476486
2020/01/09 10:58:02.089,0.555115
2020/01/09 10:58:02.188,1.437332
2020/01/09 10:58:02.288,1.035309
2020/01/09 10:58:02.388,1.161102
2020/01/09 10:58:02.488,0.848679
2020/01/09 10:58:02.588,0.890472
2020/01/09 10:58:02.687,0.952911
2020/01/09 10:58:02.787,0.883636
2020/01/09 10:58:02.887,1.243744
2020/01/09 10:58:02.987,1.435989
2020/01/09 10:58:03.086,0.662537
2020/01/09 10:58:03.186,0.398117
2020/01/09 10:58:03.286,1.334030
2020/01/09 10:58:03.386,1.222122
2020/01/09 10:58:03.485,0.976654
2020/01/09 10:58:03.585,0.873215
2020/01/09 10:58:03.685,0.918701
2020/01/09 10:58:03.785,0.951065
2020/01/09 10:58:03.884,0.859528
2020/01/09 10:58:03.984,1.016846
2020/01/09 10:58:04.084,1.248108
2020/01/09 10:58:04.184,0.906982
2020/01/09 10:58:04.284,0.438339
2020/01/09 10:58:04.383,0.418686
2020/01/09 10:58:04.483,1.486862
2020/01/09 10:58:04.583,1.121002
2020/01/09 10:58:04.682,1.056564
2020/01/09 10:58:04.782,0.846542
2020/01/09 10:58:04.882,0.926956
2020/01/09 10:58:04.982,0.973801
2020/01/09 10:58:05.082,0.857346
2020/01/09 10:58:05.181,1.082748
2020/01/09 10:58:05.281,1.301331
2020/01/09 10:58:05.381,0.976257
2020/01/09 10:58:05.481,0.380051
2020/01/09 10:58:05.580,0.451706
2020/01/09 10:58:05.680,1.709534
2020/01/09 10:58:05.780,0.905899
2020/01/09 10:58:05.880,1.073212
2020/01/09 10:58:05.980,0.846191
2020/01/09 10:58:06.079,0.982300
2020/01/09 10:58:06.179,1.017426
2020/01/09 10:58:06.279,0.870895
2020/01/09 10:58:06.379,1.376801
2020/01/09 10:58:06.479,1.226685
2020/01/09 10:58:06.578,0.815186
2020/01/09 10:58:06.678,0.336334
2020/01/09 10:58:06.778,0.841660
2020/01/09 10:58:06.877,1.003616
2020/01/09 10:58:06.977,0.985016
2020/01/09 10:58:07.077,0.957947
2020/01/09 10:58:07.177,0.925507
2020/01/09 10:58:07.276,0.920105
2020/01/09 10:58:07.376,0.914734
2020/01/09 10:58:07.476,0.934753
2020/01/09 10:58:07.576,1.345276
2020/01/09 10:58:07.676,1.165024
2020/01/09 10:58:07.775,0.569534
2020/01/09 10:58:07.875,0.462814
2020/01/09 10:58:07.975,1.287048
2020/01/09 10:58:08.074,1.270218
2020/01/09 10:58:08.174,1.050995
2020/01/09 10:58:08.274,0.853027
2020/01/09 10:58:08.374,0.880615
2020/01/09 10:58:08.474,0.973938
2020/01/09 10:58:08.573,0.894135
2020/01/09 10:58:08.673,1.123138
2020/01/09 10:58:08.773,1.248077
2020/01/09 10:58:08.873,0.863297
2020/01/09 10:58:08.972,0.431610
2020/01/09 10:58:09.072,0.495117
2020/01/09 10:58:09.172,1.550934
2020/01/09 10:58:09.272,1.096054
2020/01/09 10:58:09.371,1.068619
2020/01/09 10:58:09.471,0.911789
2020/01/09 10:58:09.571,0.916061
2020/01/09 10:58:09.671,0.980423
2020/01/09 10:58:09.770,0.915771
2020/01/09 10:58:09.870,1.344666
2020/01/09 10:58:09.970,1.267700
2020/01/09 10:58:10.070,0.805984
2020/01/09 10:58:10.169,0.345673
2020/01/09 10:58:10.269,0.577988
2020/01/09 10:58:10.370,1.421417
2020/01/09 10:58:10.469,0.792450
2020/01/09 10:58:10.568,1.053223
2020/01/09 10:58:10.668,0.918121
2020/01/09 10:58:10.768,0.927460
2020/01/09 10:58:10.868,1.009872
2020/01/09 10:58:10.967,0.906372
2020/01/09 10:58:11.067,1.350754
2020/01/09 10:58:11.167,1.318832
2020/01/09 10:58:11.267,0.721619
2020/01/09 10:58:11.367,0.391937
2020/01/09 10:58:11.466,1.099579
2020/01/09 10:58:11.566,1.289963
2020/01/09 10:58:11.667,1.029846
2020/01/09 10:58:11.766,0.938080
2020/01/09 10:58:11.866,0.875580
2020/01/09 10:58:11.965,0.917450
2020/01/09 10:58:12.066,0.912521
2020/01/09 10:58:12.165,0.993240
2020/01/09 10:58:12.264,1.377151
2020/01/09 10:58:12.364,1.197510
2020/01/09 10:58:12.467,0.775497
2020/01/09 10:58:12.564,0.420792
2020/01/09 10:58:12.663,1.298019
2020/01/09 10:58:12.763,1.183945
2020/01/09 10:58:12.867,1.040741
2020/01/09 10:58:12.963,0.937897
2020/01/09 10:58:13.063,0.950867
2020/01/09 10:58:13.162,0.913834
2020/01/09 10:58:13.264,0.960480
2020/01/09 10:58:13.362,0.891891
2020/01/09 10:58:13.462,1.215240
2020/01/09 10:58:13.561,1.387253
2020/01/09 10:58:13.665,0.683960
2020/01/09 10:58:13.761,0.407608
2020/01/09 10:58:13.860,1.373856
2020/01/09 10:58:13.960,1.364838
2020/01/09 10:58:14.063,1.001663
2020/01/09 10:58:14.160,0.890076
2020/01/09 10:58:14.260,0.956497
2020/01/09 10:58:14.359,0.956772
2020/01/09 10:58:14.464,0.991119
2020/01/09 10:58:14.559,1.061279
2020/01/09 10:58:14.659,1.296066
2020/01/09 10:58:14.758,1.306183
2020/01/09 10:58:14.859,0.806229
2020/01/09 10:58:14.958,0.334091
2020/01/09 10:58:15.058,0.772507
2020/01/09 10:58:15.158,1.188873
2020/01/09 10:58:15.257,0.944946
2020/01/09 10:58:15.357,1.058731
2020/01/09 10:58:15.457,0.923721
2020/01/09 10:58:15.557,0.944839
2020/01/09 10:58:15.656,1.007889
2020/01/09 10:58:15.756,1.022522
2020/01/09 10:58:15.856,1.295105
2020/01/09 10:58:15.955,1.315582
2020/01/09 10:58:16.055,0.727081
2020/01/09 10:58:16.155,0.409317
2020/01/09 10:58:16.255,1.147949
2020/01/09 10:58:16.355,1.215164
2020/01/09 10:58:16.454,0.992447
2020/01/09 10:58:16.554,0.889618
2020/01/09 10:58:16.654,0.965622
2020/01/09 10:58:16.754,0.966248
2020/01/09 10:58:16.853,0.952820
2020/01/09 10:58:16.953,1.150558
2020/01/09 10:58:17.055,1.329285
2020/01/09 10:58:17.153,1.196304
2020/01/09 10:58:17.252,0.673111
2020/01/09 10:58:17.352,0.487839
2020/01/09 10:58:17.452,1.271805
2020/01/09 10:58:17.552,1.236038
2020/01/09 10:58:17.651,0.978485
2020/01/09 10:58:17.751,0.818878
2020/01/09 10:58:17.851,0.875275
2020/01/09 10:58:17.951,0.960938
2020/01/09 10:58:18.051,0.909210
2020/01/09 10:58:18.150,1.190765
2020/01/09 10:58:18.250,1.261444
2020/01/09 10:58:18.350,1.014175
2020/01/09 10:58:18.450,0.554474
2020/01/09 10:58:18.549,0.497604
2020/01/09 10:58:18.649,1.373779
2020/01/09 10:58:18.749,0.980270
2020/01/09 10:58:18.849,1.095932
2020/01/09 10:58:18.949,0.834885
2020/01/09 10:58:19.048,0.909760
2020/01/09 10:58:19.148,0.979553
2020/01/09 10:58:19.248,0.967667
2020/01/09 10:58:19.347,1.296768
2020/01/09 10:58:19.447,1.194946
2020/01/09 10:58:19.547,0.780029
2020/01/09 10:58:19.647,0.382416
2020/01/09 10:58:19.746,0.538086
2020/01/09 10:58:19.846,1.429871
2020/01/09 10:58:19.946,0.859131
2020/01/09 10:58:20.046,1.006760
2020/01/09 10:58:20.146,0.895920
2020/01/09 10:58:20.245,0.959839
2020/01/09 10:58:20.345,0.965927
2020/01/09 10:58:20.445,0.963913
2020/01/09 10:58:20.545,1.339142
2020/01/09 10:58:20.644,1.270462
2020/01/09 10:58:20.744,0.799103
2020/01/09 10:58:20.844,0.348404
2020/01/09 10:58:20.944,0.789520
2020/01/09 10:58:21.043,1.233353
2020/01/09 10:58:21.143,0.891510
2020/01/09 10:58:21.243,0.949127
2020/01/09 10:58:21.343,0.941483
2020/01/09 10:58:21.443,0.909363
2020/01/09 10:58:21.542,0.895172
2020/01/09 10:58:21.642,1.189087
2020/01/09 10:58:21.742,1.229645
2020/01/09 10:58:21.842,1.205780
2020/01/09 10:58:21.941,0.693512
2020/01/09 10:58:22.041,0.482697
2020/01/09 10:58:22.141,1.182663
2020/01/09 10:58:22.241,1.225082
2020/01/09 10:58:22.340,0.946930
2020/01/09 10:58:22.440,0.797104
2020/01/09 10:58:22.540,0.906281
2020/01/09 10:58:22.640,0.986328
2020/01/09 10:58:22.739,0.917923
2020/01/09 10:58:22.839,1.375107
2020/01/09 10:58:22.939,1.197815
2020/01/09 10:58:23.039,0.890213
2020/01/09 10:58:23.138,0.420532
2020/01/09 10:58:23.238,0.513672
2020/01/09 10:58:23.338,1.698059
2020/01/09 10:58:23.438,0.805756
2020/01/09 10:58:23.537,1.158295
2020/01/09 10:58:23.637,0.862991
2020/01/09 10:58:23.737,0.881393
2020/01/09 10:58:23.837,0.952240
2020/01/09 10:58:23.936,0.966095
2020/01/09 10:58:24.036,1.382339
2020/01/09 10:58:24.136,1.238831
2020/01/09 10:58:24.236,0.832794
2020/01/09 10:58:24.336,0.416000
2020/01/09 10:58:24.435,0.541489
2020/01/09 10:58:24.535,1.267853
2020/01/09 10:58:24.635,0.874847
2020/01/09 10:58:24.735,1.120667
2020/01/09 10:58:24.834,0.955917
2020/01/09 10:58:24.934,0.939102
2020/01/09 10:58:25.034,0.980423
2020/01/09 10:58:25.134,0.893478
2020/01/09 10:58:25.234,1.395554
2020/01/09 10:58:25.333,1.231155
2020/01/09 10:58:25.433,0.789597
2020/01/09 10:58:25.533,0.357834
2020/01/09 10:58:25.632,0.935165
2020/01/09 10:58:25.732,1.145142
2020/01/09 10:58:25.832,1.050781
2020/01/09 10:58:25.932,1.033798
2020/01/09 10:58:26.031,1.003967
2020/01/09 10:58:26.131,0.864700
2020/01/09 10:58:26.231,0.945862
2020/01/09 10:58:26.331,0.906586
2020/01/09 10:58:26.431,1.324585
2020/01/09 10:58:26.530,1.300522
2020/01/09 10:58:26.630,0.706543
2020/01/09 10:58:26.730,0.435684
2020/01/09 10:58:26.830,1.215408
2020/01/09 10:58:26.929,1.357193
2020/01/09 10:58:27.030,1.011017
2020/01/09 10:58:27.129,0.932083
2020/01/09 10:58:27.229,0.850967
2020/01/09 10:58:27.329,0.933197
2020/01/09 10:58:27.428,0.931305
2020/01/09 10:58:27.528,1.199722
2020/01/09 10:58:27.628,1.197510
2020/01/09 10:58:27.728,1.010315
2020/01/09 10:58:27.827,0.586258
2020/01/09 10:58:27.927,0.524551
2020/01/09 10:58:28.027,1.440048
2020/01/09 10:58:28.127,1.098572
2020/01/09 10:58:28.226,1.090851
2020/01/09 10:58:28.326,0.735977
2020/01/09 10:58:28.426,0.946930
2020/01/09 10:58:28.526,1.031067
2020/01/09 10:58:28.625,0.920593
2020/01/09 10:58:28.725,1.323837
2020/01/09 10:58:28.825,1.207443
2020/01/09 10:58:28.925,0.871567
2020/01/09 10:58:29.025,0.428421
2020/01/09 10:58:29.124,0.571808
2020/01/09 10:58:29.224,1.121643
2020/01/09 10:58:29.324,0.902817
2020/01/09 10:58:29.423,1.083115
2020/01/09 10:58:29.523,0.945068
2020/01/09 10:58:29.623,0.954285
2020/01/09 10:58:29.723,0.990311
2020/01/09 10:58:29.822,0.920151
2020/01/09 10:58:29.922,1.463547
2020/01/09 10:58:30.022,1.143021
2020/01/09 10:58:30.122,0.789352
2020/01/09 10:58:30.222,0.372650
2020/01/09 10:58:30.321,0.803131
2020/01/09 10:58:30.421,1.334808
2020/01/09 10:58:30.521,0.980011
2020/01/09 10:58:30.621,0.966476
2020/01/09 10:58:30.721,0.943619
2020/01/09 10:58:30.820,1.001190
2020/01/09 10:58:30.920,0.939697
2020/01/09 10:58:31.020,1.063110
2020/01/09 10:58:31.119,1.406464
2020/01/09 10:58:31.219,1.190842
2020/01/09 10:58:31.319,0.657532
2020/01/09 10:58:31.419,0.513809
2020/01/09 10:58:31.519,1.265976
2020/01/09 10:58:31.618,1.174561
2020/01/09 10:58:31.718,1.063980
2020/01/09 10:58:31.818,0.748306
2020/01/09 10:58:31.918,0.979462
2020/01/09 10:58:32.018,1.003265
2020/01/09 10:58:32.117,1.014160
2020/01/09 10:58:32.217,1.224716
2020/01/09 10:58:32.317,1.209412
2020/01/09 10:58:32.417,0.839584
2020/01/09 10:58:32.516,0.396423
2020/01/09 10:58:32.616,0.464478
2020/01/09 10:58:32.716,1.312729
2020/01/09 10:58:32.816,0.782089
2020/01/09 10:58:32.915,1.027100
2020/01/09 10:58:33.015,0.979477
2020/01/09 10:58:33.115,0.816086
2020/01/09 10:58:33.215,0.925934
2020/01/09 10:58:33.314,1.014587
2020/01/09 10:58:33.414,1.453812
2020/01/09 10:58:33.514,1.186432
2020/01/09 10:58:33.614,0.743698
2020/01/09 10:58:33.713,0.382080
2020/01/09 10:58:33.813,1.050644
2020/01/09 10:58:33.913,1.246506
2020/01/09 10:58:34.013,1.104813
2020/01/09 10:58:34.112,0.900085
2020/01/09 10:58:34.212,0.904984
2020/01/09 10:58:34.312,0.928879
2020/01/09 10:58:34.412,0.937271
2020/01/09 10:58:34.512,1.345047
2020/01/09 10:58:34.611,1.172440
2020/01/09 10:58:34.711,0.886414
2020/01/09 10:58:34.811,0.486862
2020/01/09 10:58:34.911,0.463181
2020/01/09 10:58:35.011,1.476303
2020/01/09 10:58:35.110,0.814438
2020/01/09 10:58:35.210,1.117157
2020/01/09 10:58:35.310,0.822357
2020/01/09 10:58:35.410,0.879425
2020/01/09 10:58:35.509,0.998474
2020/01/09 10:58:35.609,0.918335
2020/01/09 10:58:35.709,1.342499
2020/01/09 10:58:35.808,1.258759
2020/01/09 10:58:35.908,0.801407
2020/01/09 10:58:36.008,0.353714
2020/01/09 10:58:36.107,0.750183
2020/01/09 10:58:36.207,1.219101
2020/01/09 10:58:36.307,0.779587
2020/01/09 10:58:36.407,1.024124
2020/01/09 10:58:36.507,0.940201
2020/01/09 10:58:36.606,0.915222
2020/01/09 10:58:36.706,0.965118
2020/01/09 10:58:36.806,0.968811
2020/01/09 10:58:36.906,1.286316
2020/01/09 10:58:37.006,1.343155
2020/01/09 10:58:37.105,0.666977
2020/01/09 10:58:37.205,0.415436
2020/01/09 10:58:37.305,1.108337
2020/01/09 10:58:37.405,1.201096
2020/01/09 10:58:37.504,1.030869
2020/01/09 10:58:37.604,0.897980
2020/01/09 10:58:37.704,0.924652
2020/01/09 10:58:37.804,0.905991
2020/01/09 10:58:37.903,0.981949
2020/01/09 10:58:38.003,1.104446
2020/01/09 10:58:38.103,1.191666
2020/01/09 10:58:38.203,1.150803
2020/01/09 10:58:38.302,0.490417
2020/01/09 10:58:38.402,0.439850
2020/01/09 10:58:38.502,1.362228
2020/01/09 10:58:38.602,1.185379
2020/01/09 10:58:38.701,1.046188
2020/01/09 10:58:38.801,0.837387
2020/01/09 10:58:38.901,0.887405
2020/01/09 10:58:39.001,0.950546
2020/01/09 10:58:39.100,0.993134
2020/01/09 10:58:39.200,1.398468
2020/01/09 10:58:39.300,1.210373
2020/01/09 10:58:39.400,0.879547
2020/01/09 10:58:39.499,0.420074
2020/01/09 10:58:39.599,0.461609
2020/01/09 10:58:39.699,1.402481
2020/01/09 10:58:39.799,0.918793
2020/01/09 10:58:39.899,1.027237
2020/01/09 10:58:39.998,0.752823
2020/01/09 10:58:40.098,0.925629
2020/01/09 10:58:40.198,1.004837
2020/01/09 10:58:40.298,0.922516
2020/01/09 10:58:40.397,1.402252
2020/01/09 10:58:40.497,1.284973
2020/01/09 10:58:40.597,0.705704
2020/01/09 10:58:40.697,0.416199
2020/01/09 10:58:40.796,0.920410
2020/01/09 10:58:40.896,1.098785
2020/01/09 10:58:40.996,0.975815
2020/01/09 10:58:41.096,0.936737
2020/01/09 10:58:41.195,0.905655
2020/01/09 10:58:41.295,0.990540
2020/01/09 10:58:41.395,0.998184
2020/01/09 10:58:41.495,1.088470
2020/01/09 10:58:41.595,1.332123
2020/01/09 10:58:41.694,1.345428
2020/01/09 10:58:41.794,0.657089
2020/01/09 10:58:41.894,0.389862
2020/01/09 10:58:41.993,1.046677
2020/01/09 10:58:42.093,1.339630
2020/01/09 10:58:42.193,0.986435
2020/01/09 10:58:42.298,0.852661
2020/01/09 10:58:42.393,0.913971
2020/01/09 10:58:42.492,0.933746
2020/01/09 10:58:42.592,0.968475
2020/01/09 10:58:42.692,1.296265
2020/01/09 10:58:42.791,1.267761
2020/01/09 10:58:42.891,0.964890
2020/01/09 10:58:42.991,0.534134
2020/01/09 10:58:43.094,0.486435
2020/01/09 10:58:43.191,1.260239
2020/01/09 10:58:43.291,1.104614
2020/01/09 10:58:43.390,1.052246
2020/01/09 10:58:43.490,0.821030
2020/01/09 10:58:43.590,0.948410
2020/01/09 10:58:43.689,0.992874
2020/01/09 10:58:43.789,0.948456
2020/01/09 10:58:43.889,1.338333
2020/01/09 10:58:43.989,1.277771
2020/01/09 10:58:44.088,0.823746
2020/01/09 10:58:44.188,0.351028
2020/01/09 10:58:44.293,0.570282
2020/01/09 10:58:44.388,1.323288
2020/01/09 10:58:44.488,0.873138
2020/01/09 10:58:44.587,1.053009
2020/01/09 10:58:44.687,0.957687
2020/01/09 10:58:44.787,0.921539
2020/01/09 10:58:44.887,0.965088
2020/01/09 10:58:44.986,1.080368
2020/01/09 10:58:45.086,1.439880
2020/01/09 10:58:45.186,1.181778
2020/01/09 10:58:45.286,0.683975
2020/01/09 10:58:45.385,0.439194
2020/01/09 10:58:45.486,1.212616
2020/01/09 10:58:45.585,1.164322
2020/01/09 10:58:45.685,1.037842
2020/01/09 10:58:45.785,0.893753
2020/01/09 10:58:45.884,0.997559
2020/01/09 10:58:45.984,0.868744
2020/01/09 10:58:46.084,0.839951
2020/01/09 10:58:46.183,1.184372
2020/01/09 10:58:46.283,1.258560
2020/01/09 10:58:46.383,0.996216
2020/01/09 10:58:46.483,0.519333
2020/01/09 10:58:46.582,0.468338
2020/01/09 10:58:46.682,1.319595
2020/01/09 10:58:46.782,1.087402
2020/01/09 10:58:46.882,1.028015
2020/01/09 10:58:46.982,0.679749
2020/01/09 10:58:47.083,0.917572
2020/01/09 10:58:47.181,0.994568
2020/01/09 10:58:47.281,0.947784
2020/01/09 10:58:47.381,1.114853
2020/01/09 10:58:47.485,1.249725
2020/01/09 10:58:47.580,0.960098
2020/01/09 10:58:47.680,0.610718
2020/01/09 10:58:47.780,0.420731
2020/01/09 10:58:47.883,1.127563
2020/01/09 10:58:47.979,0.815491
2020/01/09 10:58:48.079,0.981339
2020/01/09 10:58:48.179,0.959381
2020/01/09 10:58:48.279,0.986984
2020/01/09 10:58:48.378,1.023468
2020/01/09 10:58:48.478,0.927734
2020/01/09 10:58:48.578,0.973129
2020/01/09 10:58:48.683,1.397522
2020/01/09 10:58:48.777,1.007294
2020/01/09 10:58:48.877,0.559799
2020/01/09 10:58:48.977,0.597733
2020/01/09 10:58:49.077,1.225082
2020/01/09 10:58:49.176,0.876434
2020/01/09 10:58:49.276,0.960541
2020/01/09 10:58:49.376,1.042862
2020/01/09 10:58:49.476,1.029892
2020/01/09 10:58:49.576,0.999176
2020/01/09 10:58:49.675,0.914078
2020/01/09 10:58:49.775,0.941101
2020/01/09 10:58:49.875,1.126694
2020/01/09 10:58:49.974,1.375992
2020/01/09 10:58:50.074,1.012146
2020/01/09 10:58:50.174,0.495712
2020/01/09 10:58:50.274,0.473999
2020/01/09 10:58:50.373,1.430740
2020/01/09 10:58:50.473,1.172974
2020/01/09 10:58:50.573,1.077744
2020/01/09 10:58:50.676,0.789001
2020/01/09 10:58:50.772,0.885269
2020/01/09 10:58:50.872,0.951187
2020/01/09 10:58:50.972,0.935989
2020/01/09 10:58:51.072,1.156967
2020/01/09 10:58:51.171,1.236191
2020/01/09 10:58:51.271,1.233826
2020/01/09 10:58:51.371,0.581238
2020/01/09 10:58:51.471,0.455887
2020/01/09 10:58:51.571,1.259750
2020/01/09 10:58:51.670,1.196854
2020/01/09 10:58:51.770,0.992004
2020/01/09 10:58:51.870,0.890579
2020/01/09 10:58:51.970,0.952591
2020/01/09 10:58:52.069,0.935303
2020/01/09 10:58:52.169,0.886261
2020/01/09 10:58:52.269,1.132675
2020/01/09 10:58:52.369,1.295975
2020/01/09 10:58:52.468,0.994049
2020/01/09 10:58:52.568,0.533173
2020/01/09 10:58:52.668,0.467682
2020/01/09 10:58:52.768,1.322403
2020/01/09 10:58:52.868,1.040527
2020/01/09 10:58:52.967,1.076294
2020/01/09 10:58:53.067,0.873001
2020/01/09 10:58:53.167,0.961899
2020/01/09 10:58:53.267,0.991547
2020/01/09 10:58:53.366,0.965454
2020/01/09 10:58:53.467,1.355072
2020/01/09 10:58:53.566,1.266464
2020/01/09 10:58:53.666,0.847931
2020/01/09 10:58:53.765,0.399292
2020/01/09 10:58:53.865,0.568069
2020/01/09 10:58:53.965,1.250244
2020/01/09 10:58:54.064,0.940521
2020/01/09 10:58:54.164,1.049667
2020/01/09 10:58:54.264,0.913330
2020/01/09 10:58:54.364,0.983002
2020/01/09 10:58:54.464,0.980515
2020/01/09 10:58:54.563,0.916336
2020/01/09 10:58:54.663,1.456970
2020/01/09 10:58:54.763,1.353424
2020/01/09 10:58:54.863,0.748886
2020/01/09 10:58:54.962,0.350067
2020/01/09 10:58:55.062,1.056000
2020/01/09 10:58:55.162,1.181564
2020/01/09 10:58:55.262,0.873749
2020/01/09 10:58:55.362,0.930435
2020/01/09 10:58:55.461,1.009796
2020/01/09 10:58:55.561,0.977661
2020/01/09 10:58:55.661,0.983154
2020/01/09 10:58:55.760,0.950729
2020/01/09 10:58:55.863,1.350479
2020/01/09 10:58:55.960,1.417938
2020/01/09 10:58:56.060,0.683609
2020/01/09 10:58:56.160,0.464676
2020/01/09 10:58:56.259,1.271469
2020/01/09 10:58:56.359,1.327698
2020/01/09 10:58:56.459,1.000305
2020/01/09 10:58:56.559,0.897995
2020/01/09 10:58:56.658,0.907944
2020/01/09 10:58:56.758,0.937698
2020/01/09 10:58:56.858,0.957230
2020/01/09 10:58:56.958,1.254059
2020/01/09 10:58:57.064,1.211472
2020/01/09 10:58:57.157,0.990860
2020/01/09 10:58:57.257,0.489685
2020/01/09 10:58:57.357,0.557297
2020/01/09 10:58:57.464,1.382950
2020/01/09 10:58:57.556,1.206482
2020/01/09 10:58:57.656,1.069077
2020/01/09 10:58:57.756,0.861130
2020/01/09 10:58:57.856,0.925720
2020/01/09 10:58:57.955,1.002213
2020/01/09 10:58:58.055,0.901123
2020/01/09 10:58:58.155,1.388855
2020/01/09 10:58:58.255,1.301086
2020/01/09 10:58:58.354,0.767227
2020/01/09 10:58:58.455,0.383545
2020/01/09 10:58:58.554,0.870224
2020/01/09 10:58:58.654,1.044052
2020/01/09 10:58:58.754,0.936127
2020/01/09 10:58:58.853,0.955963
2020/01/09 10:58:58.953,0.941956
2020/01/09 10:58:59.053,0.995789
2020/01/09 10:58:59.153,0.940125
2020/01/09 10:58:59.252,0.969452
2020/01/09 10:58:59.352,1.351013
2020/01/09 10:58:59.452,1.282272
2020/01/09 10:58:59.551,0.586105
2020/01/09 10:58:59.651,0.467850
2020/01/09 10:58:59.751,1.335907
2020/01/09 10:58:59.851,1.370361
2020/01/09 10:58:59.950,1.156845
2020/01/09 10:59:00.050,0.794342
2020/01/09 10:59:00.150,0.885071
2020/01/09 10:59:00.250,0.987595
2020/01/09 10:59:00.350,0.940689
2020/01/09 10:59:00.449,1.316422
2020/01/09 10:59:00.549,1.230865
2020/01/09 10:59:00.649,0.873779
2020/01/09 10:59:00.749,0.351654
2020/01/09 10:59:00.848,0.588058
2020/01/09 10:59:00.948,1.573608
2020/01/09 10:59:01.048,0.759460
2020/01/09 10:59:01.148,0.981720
2020/01/09 10:59:01.248,0.984329
2020/01/09 10:59:01.347,1.001648
2020/01/09 10:59:01.447,0.940048
2020/01/09 10:59:01.547,0.885330
2020/01/09 10:59:01.646,1.404694
2020/01/09 10:59:01.746,1.395309
2020/01/09 10:59:01.846,0.676575
2020/01/09 10:59:01.946,0.354645
2020/01/09 10:59:02.046,1.104050
2020/01/09 10:59:02.145,1.371902
2020/01/09 10:59:02.245,0.963074
2020/01/09 10:59:02.345,0.825363
2020/01/09 10:59:02.444,0.928238
2020/01/09 10:59:02.544,0.991394
2020/01/09 10:59:02.644,0.981995
2020/01/09 10:59:02.744,1.331985
2020/01/09 10:59:02.843,1.248291
2020/01/09 10:59:02.943,0.942230
2020/01/09 10:59:03.043,0.429077
2020/01/09 10:59:03.143,0.495453
2020/01/09 10:59:03.242,1.426804
2020/01/09 10:59:03.342,1.008270
2020/01/09 10:59:03.442,1.016800
2020/01/09 10:59:03.542,0.854111
2020/01/09 10:59:03.642,0.926941
2020/01/09 10:59:03.742,0.988144
2020/01/09 10:59:03.841,0.893570
2020/01/09 10:59:03.941,1.338943
2020/01/09 10:59:04.040,1.261505
2020/01/09 10:59:04.140,0.773483
2020/01/09 10:59:04.240,0.352341
2020/01/09 10:59:04.340,0.785278
2020/01/09 10:59:04.440,1.204224
2020/01/09 10:59:04.540,0.850006
2020/01/09 10:59:04.639,0.961029
2020/01/09 10:59:04.739,0.969193
2020/01/09 10:59:04.839,0.927826
2020/01/09 10:59:04.939,0.938568
2020/01/09 10:59:05.039,1.020065
2020/01/09 10:59:05.138,1.468582
2020/01/09 10:59:05.238,1.317871
2020/01/09 10:59:05.338,0.685684
2020/01/09 10:59:05.437,0.477448
2020/01/09 10:59:05.537,1.153442
2020/01/09 10:59:05.637,1.237198
2020/01/09 10:59:05.737,0.980392
2020/01/09 10:59:05.836,0.851944
2020/01/09 10:59:05.936,0.924133
2020/01/09 10:59:06.036,1.007614
2020/01/09 10:59:06.136,0.946304
2020/01/09 10:59:06.236,1.130615
2020/01/09 10:59:06.335,1.325058
2020/01/09 10:59:06.435,1.182846
2020/01/09 10:59:06.535,0.509979
2020/01/09 10:59:06.634,0.454468
2020/01/09 10:59:06.734,1.490448
2020/01/09 10:59:06.834,1.114700
2020/01/09 10:59:06.934,1.014389
2020/01/09 10:59:07.034,0.793976
2020/01/09 10:59:07.133,0.928177
2020/01/09 10:59:07.233,0.936768
2020/01/09 10:59:07.333,1.000732
2020/01/09 10:59:07.433,1.276199
2020/01/09 10:59:07.532,1.340332
2020/01/09 10:59:07.632,0.882812
2020/01/09 10:59:07.732,0.375473
2020/01/09 10:59:07.832,0.487457
2020/01/09 10:59:07.931,1.392838
2020/01/09 10:59:08.031,0.876480
2020/01/09 10:59:08.131,1.084656
2020/01/09 10:59:08.231,0.893890
2020/01/09 10:59:08.330,1.012985
2020/01/09 10:59:08.430,0.986115
2020/01/09 10:59:08.530,0.979340
2020/01/09 10:59:08.630,1.414764
2020/01/09 10:59:08.729,1.312943
2020/01/09 10:59:08.830,0.648636
2020/01/09 10:59:08.929,0.475250
2020/01/09 10:59:09.029,1.268890
2020/01/09 10:59:09.128,1.268799
2020/01/09 10:59:09.228,0.955078
2020/01/09 10:59:09.328,0.841629
2020/01/09 10:59:09.428,0.904922
2020/01/09 10:59:09.527,0.980331
2020/01/09 10:59:09.628,0.934494
2020/01/09 10:59:09.727,1.200943
2020/01/09 10:59:09.827,1.280579
2020/01/09 10:59:09.927,0.902588
2020/01/09 10:59:10.026,0.445358
2020/01/09 10:59:10.126,0.477600
2020/01/09 10:59:10.226,1.597244
2020/01/09 10:59:10.325,1.068512
2020/01/09 10:59:10.425,1.065994
2020/01/09 10:59:10.525,0.843079
2020/01/09 10:59:10.625,0.939545
2020/01/09 10:59:10.725,0.989426
2020/01/09 10:59:10.824,0.946472
2020/01/09 10:59:10.924,1.239349
2020/01/09 10:59:11.024,1.269455
2020/01/09 10:59:11.124,0.684708
2020/01/09 10:59:11.223,0.390198
2020/01/09 10:59:11.323,0.669556
2020/01/09 10:59:11.423,1.308731
2020/01/09 10:59:11.523,0.916214
2020/01/09 10:59:11.622,1.060074
2020/01/09 10:59:11.722,0.938904
2020/01/09 10:59:11.822,0.937256
2020/01/09 10:59:11.922,0.965179
2020/01/09 10:59:12.021,0.937454
2020/01/09 10:59:12.121,1.485687
2020/01/09 10:59:12.221,1.300659
2020/01/09 10:59:12.321,0.763092
2020/01/09 10:59:12.420,0.421295
2020/01/09 10:59:12.520,0.869308
2020/01/09 10:59:12.620,1.198792
2020/01/09 10:59:12.720,0.889465
2020/01/09 10:59:12.819,1.048538
2020/01/09 10:59:12.919,0.869812
2020/01/09 10:59:13.019,0.908890
2020/01/09 10:59:13.119,0.944916
2020/01/09 10:59:13.219,1.037140
2020/01/09 10:59:13.318,1.319244
2020/01/09 10:59:13.418,0.957916
2020/01/09 10:59:13.518,0.579376
2020/01/09 10:59:13.618,0.478119
2020/01/09 10:59:13.717,1.214737
2020/01/09 10:59:13.817,1.112228
2020/01/09 10:59:13.917,1.062210
2020/01/09 10:59:14.017,0.823090
2020/01/09 10:59:14.116,0.902390
2020/01/09 10:59:14.216,1.044357
2020/01/09 10:59:14.316,0.898132
2020/01/09 10:59:14.416,1.423920
2020/01/09 10:59:14.515,1.141541
2020/01/09 10:59:14.615,0.783478
2020/01/09 10:59:14.715,0.475189
2020/01/09 10:59:14.815,0.940414
2020/01/09 10:59:14.914,1.303238
2020/01/09 10:59:15.014,0.876312
2020/01/09 10:59:15.114,0.937485
2020/01/09 10:59:15.214,0.927490
2020/01/09 10:59:15.314,0.975266
2020/01/09 10:59:15.413,0.967438
2020/01/09 10:59:15.513,1.156677
2020/01/09 10:59:15.613,1.253082
2020/01/09 10:59:15.713,1.029129
2020/01/09 10:59:15.812,0.496124
2020/01/09 10:59:15.912,0.471664
2020/01/09 10:59:16.012,1.387909
2020/01/09 10:59:16.111,1.082550
2020/01/09 10:59:16.211,0.998291
2020/01/09 10:59:16.311,0.804672
2020/01/09 10:59:16.411,0.926895
2020/01/09 10:59:16.511,0.967438
2020/01/09 10:59:16.610,0.849167
2020/01/09 10:59:16.710,1.395050
2020/01/09 10:59:16.810,1.189285
2020/01/09 10:59:16.910,0.800735
2020/01/09 10:59:17.009,0.425964
2020/01/09 10:59:17.109,0.678299
2020/01/09 10:59:17.209,1.427094
2020/01/09 10:59:17.309,0.938110
2020/01/09 10:59:17.409,0.976654
2020/01/09 10:59:17.508,0.986710
2020/01/09 10:59:17.608,0.968048
2020/01/09 10:59:17.708,0.941849
2020/01/09 10:59:17.808,1.003006
2020/01/09 10:59:17.907,1.289810
2020/01/09 10:59:18.007,1.446960
2020/01/09 10:59:18.107,0.601852
2020/01/09 10:59:18.207,0.491409
2020/01/09 10:59:18.306,1.332336
2020/01/09 10:59:18.406,1.224442
2020/01/09 10:59:18.506,0.962372
2020/01/09 10:59:18.606,0.769211
2020/01/09 10:59:18.705,0.921265
2020/01/09 10:59:18.805,0.950089
2020/01/09 10:59:18.905,0.944061
2020/01/09 10:59:19.005,1.229980
2020/01/09 10:59:19.104,1.119888
2020/01/09 10:59:19.204,0.921982
2020/01/09 10:59:19.304,0.502563
2020/01/09 10:59:19.404,0.582947
2020/01/09 10:59:19.504,1.515579
2020/01/09 10:59:19.603,1.087097
2020/01/09 10:59:19.703,1.056793
2020/01/09 10:59:19.803,0.756638
2020/01/09 10:59:19.902,0.921234
2020/01/09 10:59:20.002,0.993546
2020/01/09 10:59:20.102,0.873459
2020/01/09 10:59:20.202,1.293839
2020/01/09 10:59:20.302,1.313049
2020/01/09 10:59:20.401,0.801880
2020/01/09 10:59:20.501,0.392731
2020/01/09 10:59:20.601,0.945419
2020/01/09 10:59:20.701,1.295654
2020/01/09 10:59:20.800,0.915070
2020/01/09 10:59:20.900,0.953278
2020/01/09 10:59:21.000,1.046997
2020/01/09 10:59:21.100,0.883606
2020/01/09 10:59:21.199,0.955154
2020/01/09 10:59:21.299,0.969864
2020/01/09 10:59:21.399,1.374832
2020/01/09 10:59:21.499,1.344131
2020/01/09 10:59:21.599,0.667419
2020/01/09 10:59:21.698,0.475464
2020/01/09 10:59:21.798,1.260193
2020/01/09 10:59:21.898,1.203415
2020/01/09 10:59:21.997,0.927704
2020/01/09 10:59:22.097,0.852005
2020/01/09 10:59:22.197,0.918076
2020/01/09 10:59:22.297,0.929962
2020/01/09 10:59:22.396,0.944870
2020/01/09 10:59:22.496,1.293396
2020/01/09 10:59:22.596,1.161026
2020/01/09 10:59:22.696,0.895706
2020/01/09 10:59:22.796,0.504562
2020/01/09 10:59:22.895,0.471664
2020/01/09 10:59:22.995,1.775818
2020/01/09 10:59:23.095,0.949280
2020/01/09 10:59:23.195,1.014099
2020/01/09 10:59:23.294,0.915207
2020/01/09 10:59:23.394,0.968796
2020/01/09 10:59:23.494,0.989471
2020/01/09 10:59:23.594,0.906937
2020/01/09 10:59:23.693,1.318481
2020/01/09 10:59:23.793,1.304230
2020/01/09 10:59:23.893,0.672821
2020/01/09 10:59:23.993,0.399979
2020/01/09 10:59:24.092,1.320847
2020/01/09 10:59:24.192,1.296707
2020/01/09 10:59:24.293,0.849350
2020/01/09 10:59:24.392,0.799454
2020/01/09 10:59:24.491,0.900162
2020/01/09 10:59:24.591,0.910889
2020/01/09 10:59:24.691,0.894516
2020/01/09 10:59:24.791,1.184113
2020/01/09 10:59:24.891,1.305008
2020/01/09 10:59:24.990,0.926559
2020/01/09 10:59:25.090,0.339432
2020/01/09 10:59:25.190,0.518692
2020/01/09 10:59:25.290,1.590973
2020/01/09 10:59:25.389,0.852707
2020/01/09 10:59:25.489,0.999023
2020/01/09 10:59:25.589,0.953934
2020/01/09 10:59:25.689,0.946838
2020/01/09 10:59:25.788,0.952240
2020/01/09 10:59:25.888,1.023178
2020/01/09 10:59:25.988,1.385773
2020/01/09 10:59:26.088,1.351273
2020/01/09 10:59:26.188,0.692642
2020/01/09 10:59:26.287,0.511017
2020/01/09 10:59:26.387,1.252548
2020/01/09 10:59:26.487,1.206833
2020/01/09 10:59:26.587,0.958878
2020/01/09 10:59:26.686,0.827805
2020/01/09 10:59:26.786,0.914307
2020/01/09 10:59:26.886,0.928360
2020/01/09 10:59:26.985,0.938568
2020/01/09 10:59:27.085,1.202515
2020/01/09 10:59:27.185,1.184479
2020/01/09 10:59:27.285,0.917084
2020/01/09 10:59:27.385,0.424545
2020/01/09 10:59:27.484,0.495499
2020/01/09 10:59:27.584,1.707535
2020/01/09 10:59:27.684,0.841644
2020/01/09 10:59:27.784,0.974014
2020/01/09 10:59:27.883,0.895432
2020/01/09 10:59:27.983,0.948303
2020/01/09 10:59:28.083,0.945435
2020/01/09 10:59:28.183,0.927521
2020/01/09 10:59:28.283,1.378326
2020/01/09 10:59:28.382,1.433121
2020/01/09 10:59:28.482,0.663925
2020/01/09 10:59:28.582,0.448120
2020/01/09 10:59:28.682,1.317642
2020/01/09 10:59:28.781,1.192703
2020/01/09 10:59:28.881,0.967575
2020/01/09 10:59:28.981,0.770416
2020/01/09 10:59:29.080,0.970703
2020/01/09 10:59:29.180,0.955215
2020/01/09 10:59:29.280,0.940353
2020/01/09 10:59:29.380,1.044678
2020/01/09 10:59:29.479,1.406357
2020/01/09 10:59:29.579,1.018799
2020/01/09 10:59:29.679,0.429062
2020/01/09 10:59:29.779,0.492889
2020/01/09 10:59:29.879,1.717575
2020/01/09 10:59:29.978,0.837906
2020/01/09 10:59:30.078,1.010971
2020/01/09 10:59:30.178,0.919052
2020/01/09 10:59:30.278,0.960068
2020/01/09 10:59:30.377,0.945129
2020/01/09 10:59:30.477,0.893555
2020/01/09 10:59:30.577,1.357834
2020/01/09 10:59:30.677,1.422180
2020/01/09 10:59:30.776,0.773300
2020/01/09 10:59:30.876,0.423218
2020/01/09 10:59:30.976,1.037964
2020/01/09 10:59:31.076,1.320053
2020/01/09 10:59:31.176,1.061920
2020/01/09 10:59:31.275,0.889633
2020/01/09 10:59:31.375,0.919861
2020/01/09 10:59:31.475,1.011292
2020/01/09 10:59:31.575,0.944290
2020/01/09 10:59:31.674,0.845383
2020/01/09 10:59:31.774,1.397766
2020/01/09 10:59:31.874,1.378845
2020/01/09 10:59:31.974,0.779297
2020/01/09 10:59:32.073,0.484146
2020/01/09 10:59:32.173,1.025375
2020/01/09 10:59:32.273,1.210327
2020/01/09 10:59:32.373,1.004105
2020/01/09 10:59:32.472,0.914215
2020/01/09 10:59:32.572,0.917847
2020/01/09 10:59:32.672,0.899734
2020/01/09 10:59:32.772,0.947159
2020/01/09 10:59:32.871,1.293594
2020/01/09 10:59:32.971,1.291077
2020/01/09 10:59:33.071,0.907593
2020/01/09 10:59:33.171,0.431686
2020/01/09 10:59:33.271,0.521667
2020/01/09 10:59:33.371,1.705139
2020/01/09 10:59:33.471,0.963928
2020/01/09 10:59:33.570,0.935471
2020/01/09 10:59:33.670,0.922531
2020/01/09 10:59:33.769,0.939835
2020/01/09 10:59:33.869,0.916260
2020/01/09 10:59:33.970,0.922195
2020/01/09 10:59:34.069,1.429062
2020/01/09 10:59:34.168,1.397156
2020/01/09 10:59:34.268,0.724289
2020/01/09 10:59:34.368,0.504333
2020/01/09 10:59:34.468,1.227234
2020/01/09 10:59:34.567,1.207596
2020/01/09 10:59:34.667,1.015213
2020/01/09 10:59:34.767,0.765213
2020/01/09 10:59:34.867,0.872955
2020/01/09 10:59:34.966,0.936707
2020/01/09 10:59:35.067,0.983521
2020/01/09 10:59:35.166,1.224869
2020/01/09 10:59:35.266,1.291672
2020/01/09 10:59:35.365,1.007828
2020/01/09 10:59:35.465,0.457962
2020/01/09 10:59:35.565,0.477005
2020/01/09 10:59:35.665,1.693939
2020/01/09 10:59:35.764,0.868927
2020/01/09 10:59:35.864,0.957748
2020/01/09 10:59:35.964,0.852509
2020/01/09 10:59:36.064,0.906006
2020/01/09 10:59:36.164,0.962662
2020/01/09 10:59:36.263,0.980331
2020/01/09 10:59:36.363,1.442337
2020/01/09 10:59:36.463,1.335632
2020/01/09 10:59:36.562,0.720901
2020/01/09 10:59:36.662,0.466827
2020/01/09 10:59:36.762,1.106812
2020/01/09 10:59:36.862,1.260162
2020/01/09 10:59:36.962,0.850021
2020/01/09 10:59:37.061,0.806290
2020/01/09 10:59:37.161,0.904358
2020/01/09 10:59:37.261,0.948898
2020/01/09 10:59:37.361,0.919678
2020/01/09 10:59:37.460,1.347809
2020/01/09 10:59:37.560,1.188919
2020/01/09 10:59:37.660,1.040527
2020/01/09 10:59:37.760,0.464813
2020/01/09 10:59:37.859,0.431519
2020/01/09 10:59:37.959,1.508316
2020/01/09 10:59:38.059,0.932480
2020/01/09 10:59:38.159,1.062500
2020/01/09 10:59:38.258,0.886826
2020/01/09 10:59:38.358,0.885620
2020/01/09 10:59:38.458,0.945801
2020/01/09 10:59:38.558,0.871399
2020/01/09 10:59:38.658,1.368698
2020/01/09 10:59:38.757,1.187653
2020/01/09 10:59:38.857,0.901993
2020/01/09 10:59:38.957,0.444992
2020/01/09 10:59:39.057,0.532990
2020/01/09 10:59:39.156,1.682800
2020/01/09 10:59:39.257,0.958450
2020/01/09 10:59:39.356,0.987869
2020/01/09 10:59:39.456,0.891235
2020/01/09 10:59:39.555,0.911865
2020/01/09 10:59:39.655,0.946259
2020/01/09 10:59:39.755,0.950500
2020/01/09 10:59:39.855,1.413193
2020/01/09 10:59:39.954,1.239212
2020/01/09 10:59:40.054,0.852554
2020/01/09 10:59:40.154,0.404434
2020/01/09 10:59:40.254,0.803543
2020/01/09 10:59:40.354,1.460129
2020/01/09 10:59:40.453,0.925812
2020/01/09 10:59:40.553,1.003784
2020/01/09 10:59:40.653,0.889053
2020/01/09 10:59:40.753,0.963028
2020/01/09 10:59:40.852,0.945511
2020/01/09 10:59:40.952,0.895950
2020/01/09 10:59:41.052,1.341476
2020/01/09 10:59:41.152,1.276031
2020/01/09 10:59:41.251,0.780075
2020/01/09 10:59:41.351,0.503647
2020/01/09 10:59:41.451,1.084152
2020/01/09 10:59:41.551,1.213226
2020/01/09 10:59:41.651,0.936035
2020/01/09 10:59:41.750,0.923676
2020/01/09 10:59:41.850,0.984283
2020/01/09 10:59:41.950,0.924866
2020/01/09 10:59:42.050,0.947922
2020/01/09 10:59:42.149,0.929657
2020/01/09 10:59:42.249,1.372498
2020/01/09 10:59:42.349,1.291550
2020/01/09 10:59:42.448,0.658203
2020/01/09 10:59:42.548,0.545547
2020/01/09 10:59:42.648,1.323517
2020/01/09 10:59:42.748,1.180679
2020/01/09 10:59:42.847,1.007217
2020/01/09 10:59:42.947,0.850342
2020/01/09 10:59:43.047,0.901550
2020/01/09 10:59:43.147,0.918396
2020/01/09 10:59:43.246,0.845047
2020/01/09 10:59:43.346,1.146957
2020/01/09 10:59:43.446,1.335007
2020/01/09 10:59:43.546,1.061646
2020/01/09 10:59:43.646,0.512619
2020/01/09 10:59:43.745,0.567566
2020/01/09 10:59:43.845,1.220184
2020/01/09 10:59:43.945,1.006912
2020/01/09 10:59:44.045,0.970062
2020/01/09 10:59:44.145,0.884628
2020/01/09 10:59:44.244,0.967087
2020/01/09 10:59:44.344,0.903397
2020/01/09 10:59:44.444,0.894058
2020/01/09 10:59:44.544,1.055176
2020/01/09 10:59:44.643,1.353745
2020/01/09 10:59:44.743,1.176834
2020/01/09 10:59:44.843,0.588226
2020/01/09 10:59:44.942,0.631851
2020/01/09 10:59:45.042,1.230637
2020/01/09 10:59:45.142,1.122574
2020/01/09 10:59:45.242,1.063721
2020/01/09 10:59:45.341,1.297104
2020/01/09 10:59:45.441,1.832977
2020/01/09 10:59:45.541,1.146271
2020/01/09 10:59:45.641,0.325546
2020/01/09 10:59:45.740,0.041519
2020/01/09 10:59:45.840,0.094482
2020/01/09 10:59:45.940,-0.014923
2020/01/09 10:59:46.040,-0.113144
2020/01/09 10:59:46.140,-0.133728
2020/01/09 10:59:46.239,-0.143051
2020/01/09 10:59:46.339,-0.084824
2020/01/09 10:59:46.439,-0.164276
2020/01/09 10:59:46.539,0.077835
2020/01/09 10:59:46.638,0.201324
2020/01/09 10:59:46.738,0.047028
2020/01/09 10:59:46.838,0.176132
2020/01/09 10:59:46.938,0.201614
2020/01/09 10:59:47.038,0.200974
2020/01/09 10:59:47.138,0.162796
