2020/01/10 21:13:55.404,0.310272
2020/01/10 21:13:55.503,0.185623
2020/01/10 21:13:55.602,0.132996
2020/01/10 21:13:55.702,0.255508
2020/01/10 21:13:55.802,0.093048
2020/01/10 21:13:55.902,0.075943
2020/01/10 21:13:56.002,0.081955
2020/01/10 21:13:56.101,0.124786
2020/01/10 21:13:56.201,0.030289
2020/01/10 21:13:56.301,0.083908
2020/01/10 21:13:56.400,0.091522
2020/01/10 21:13:56.500,0.065475
2020/01/10 21:13:56.600,0.110596
2020/01/10 21:13:56.700,0.172440
2020/01/10 21:13:56.800,0.041489
2020/01/10 21:13:56.899,0.194473
2020/01/10 21:13:56.999,0.134857
2020/01/10 21:13:57.099,0.107574
2020/01/10 21:13:57.198,0.014618
2020/01/10 21:13:57.298,-0.040344
2020/01/10 21:13:57.398,0.064728
2020/01/10 21:13:57.497,0.007797
2020/01/10 21:13:57.597,-0.029617
2020/01/10 21:13:57.697,0.035751
2020/01/10 21:13:57.797,0.050690
2020/01/10 21:13:57.897,0.135422
2020/01/10 21:13:57.996,0.129410
2020/01/10 21:13:58.096,0.024826
2020/01/10 21:13:58.196,-0.069717
2020/01/10 21:13:58.296,-0.057373
2020/01/10 21:13:58.395,-0.127884
2020/01/10 21:13:58.495,-0.049057
2020/01/10 21:13:58.595,-0.218384
2020/01/10 21:13:58.695,-0.193848
2020/01/10 21:13:58.794,-0.013489
2020/01/10 21:13:58.894,0.007080
2020/01/10 21:13:58.994,0.129501
2020/01/10 21:13:59.094,0.115433
2020/01/10 21:13:59.193,0.061859
2020/01/10 21:13:59.293,-0.027008
2020/01/10 21:13:59.393,-0.008667
2020/01/10 21:13:59.493,-0.098816
2020/01/10 21:13:59.593,-0.075378
2020/01/10 21:13:59.693,-0.086472
2020/01/10 21:13:59.792,-0.103622
2020/01/10 21:13:59.892,-0.073044
2020/01/10 21:13:59.992,0.014877
2020/01/10 21:14:00.092,0.088989
2020/01/10 21:14:00.191,0.071167
2020/01/10 21:14:00.291,0.032227
2020/01/10 21:14:00.390,-0.010178
2020/01/10 21:14:00.491,0.004196
2020/01/10 21:14:00.590,0.029373
2020/01/10 21:14:00.690,-0.139557
2020/01/10 21:14:00.790,-0.144730
2020/01/10 21:14:00.889,-0.172943
2020/01/10 21:14:00.989,-0.094238
2020/01/10 21:14:01.089,0.030579
2020/01/10 21:14:01.189,0.004135
2020/01/10 21:14:01.289,0.076447
2020/01/10 21:14:01.388,0.009033
2020/01/10 21:14:01.488,-0.004837
2020/01/10 21:14:01.588,-0.070068
2020/01/10 21:14:01.688,-0.036621
2020/01/10 21:14:01.788,-0.046280
2020/01/10 21:14:01.887,-0.038712
2020/01/10 21:14:01.987,-0.155746
2020/01/10 21:14:02.087,-0.117142
2020/01/10 21:14:02.186,-0.004181
2020/01/10 21:14:02.286,0.104782
2020/01/10 21:14:02.386,0.144684
2020/01/10 21:14:02.486,0.045563
2020/01/10 21:14:02.585,-0.042084
2020/01/10 21:14:02.685,-0.059433
2020/01/10 21:14:02.785,0.033463
2020/01/10 21:14:02.885,-0.021957
2020/01/10 21:14:02.984,0.052338
2020/01/10 21:14:03.084,0.010681
2020/01/10 21:14:03.184,-0.033417
2020/01/10 21:14:03.284,0.035202
2020/01/10 21:14:03.383,0.077423
2020/01/10 21:14:03.483,0.125137
2020/01/10 21:14:03.583,-0.002350
2020/01/10 21:14:03.683,0.014221
2020/01/10 21:14:03.782,0.036560
2020/01/10 21:14:03.882,0.159668
2020/01/10 21:14:03.982,0.183044
2020/01/10 21:14:04.082,0.112762
2020/01/10 21:14:04.181,0.116455
2020/01/10 21:14:04.281,0.053604
2020/01/10 21:14:04.381,0.141922
2020/01/10 21:14:04.481,0.171616
2020/01/10 21:14:04.581,0.122910
2020/01/10 21:14:04.680,0.229507
2020/01/10 21:14:04.780,0.179367
2020/01/10 21:14:04.880,0.115997
2020/01/10 21:14:04.980,0.017059
2020/01/10 21:14:05.079,-0.016052
2020/01/10 21:14:05.179,-0.029312
2020/01/10 21:14:05.279,0.030014
2020/01/10 21:14:05.378,0.157532
2020/01/10 21:14:05.478,0.140121
2020/01/10 21:14:05.578,0.125473
2020/01/10 21:14:05.678,0.132904
2020/01/10 21:14:05.777,0.099228
2020/01/10 21:14:05.877,0.089401
2020/01/10 21:14:05.977,0.015854
2020/01/10 21:14:06.077,-0.036377
2020/01/10 21:14:06.177,0.091888
2020/01/10 21:14:06.276,0.092987
2020/01/10 21:14:06.376,0.111206
2020/01/10 21:14:06.476,0.181107
2020/01/10 21:14:06.576,0.210068
2020/01/10 21:14:06.675,0.155350
2020/01/10 21:14:06.775,0.096619
2020/01/10 21:14:06.875,0.060013
2020/01/10 21:14:06.975,0.100800
2020/01/10 21:14:07.075,0.103409
2020/01/10 21:14:07.174,-0.038559
2020/01/10 21:14:07.274,0.039291
2020/01/10 21:14:07.374,0.020370
2020/01/10 21:14:07.474,0.037979
2020/01/10 21:14:07.573,0.153717
2020/01/10 21:14:07.673,0.108047
2020/01/10 21:14:07.773,0.009537
2020/01/10 21:14:07.873,0.103516
2020/01/10 21:14:07.972,0.047791
2020/01/10 21:14:08.072,0.052490
2020/01/10 21:14:08.172,0.032074
2020/01/10 21:14:08.272,0.012054
2020/01/10 21:14:08.371,0.054016
2020/01/10 21:14:08.471,0.053604
2020/01/10 21:14:08.571,0.044754
2020/01/10 21:14:08.671,0.051773
2020/01/10 21:14:08.770,0.125992
2020/01/10 21:14:08.870,0.219604
2020/01/10 21:14:08.970,0.187637
2020/01/10 21:14:09.070,0.028763
2020/01/10 21:14:09.169,0.007385
2020/01/10 21:14:09.269,0.044510
2020/01/10 21:14:09.369,-0.013245
2020/01/10 21:14:09.469,-0.018921
2020/01/10 21:14:09.568,0.056213
2020/01/10 21:14:09.668,0.035049
2020/01/10 21:14:09.768,0.115036
2020/01/10 21:14:09.868,0.123154
2020/01/10 21:14:09.967,0.104477
2020/01/10 21:14:10.067,0.173172
2020/01/10 21:14:10.167,0.048294
2020/01/10 21:14:10.267,0.024841
2020/01/10 21:14:10.366,0.010681
2020/01/10 21:14:10.467,0.012650
2020/01/10 21:14:10.566,-0.041794
2020/01/10 21:14:10.666,-0.028168
2020/01/10 21:14:10.766,0.080032
2020/01/10 21:14:10.865,0.094238
2020/01/10 21:14:10.965,0.037369
2020/01/10 21:14:11.065,0.086044
2020/01/10 21:14:11.165,0.094086
2020/01/10 21:14:11.265,0.033936
2020/01/10 21:14:11.364,-0.077301
2020/01/10 21:14:11.464,-0.231277
2020/01/10 21:14:11.564,-0.187622
2020/01/10 21:14:11.663,-0.217239
2020/01/10 21:14:11.763,-0.227753
2020/01/10 21:14:11.863,-0.184784
2020/01/10 21:14:11.963,-0.189728
2020/01/10 21:14:12.062,-0.095947
2020/01/10 21:14:12.162,-0.025742
2020/01/10 21:14:12.262,0.041260
2020/01/10 21:14:12.362,-0.006378
2020/01/10 21:14:12.461,-0.063828
2020/01/10 21:14:12.561,-0.167862
2020/01/10 21:14:12.661,-0.226501
2020/01/10 21:14:12.761,-0.297546
2020/01/10 21:14:12.860,-0.208221
2020/01/10 21:14:12.960,-0.061066
2020/01/10 21:14:13.060,-0.108398
2020/01/10 21:14:13.160,-0.082703
2020/01/10 21:14:13.259,0.042542
2020/01/10 21:14:13.359,-0.077164
2020/01/10 21:14:13.459,-0.015457
2020/01/10 21:14:13.559,-0.074829
2020/01/10 21:14:13.658,-0.181534
2020/01/10 21:14:13.758,-0.140549
2020/01/10 21:14:13.858,-0.130875
2020/01/10 21:14:13.957,-0.072342
2020/01/10 21:14:14.057,0.012878
2020/01/10 21:14:14.157,0.077911
2020/01/10 21:14:14.257,0.113235
2020/01/10 21:14:14.357,0.082260
2020/01/10 21:14:14.456,0.071182
2020/01/10 21:14:14.556,0.020142
2020/01/10 21:14:14.656,-0.035812
2020/01/10 21:14:14.756,-0.174896
2020/01/10 21:14:14.856,-0.178452
2020/01/10 21:14:14.955,-0.165741
2020/01/10 21:14:15.055,-0.156143
2020/01/10 21:14:15.155,-0.109543
2020/01/10 21:14:15.254,-0.145889
2020/01/10 21:14:15.354,-0.088684
2020/01/10 21:14:15.454,-0.014908
2020/01/10 21:14:15.554,0.022247
2020/01/10 21:14:15.653,0.029037
2020/01/10 21:14:15.753,-0.000610
2020/01/10 21:14:15.853,-0.134003
2020/01/10 21:14:15.953,-0.126587
2020/01/10 21:14:16.053,-0.274796
2020/01/10 21:14:16.152,-0.184921
2020/01/10 21:14:16.252,-0.079529
2020/01/10 21:14:16.352,-0.026428
2020/01/10 21:14:16.452,-0.062912
2020/01/10 21:14:16.551,0.050201
2020/01/10 21:14:16.651,-0.042709
2020/01/10 21:14:16.751,-0.046280
2020/01/10 21:14:16.850,-0.099670
2020/01/10 21:14:16.951,-0.114883
2020/01/10 21:14:17.050,-0.133255
2020/01/10 21:14:17.150,-0.162338
2020/01/10 21:14:17.250,-0.183289
2020/01/10 21:14:17.350,-0.093231
2020/01/10 21:14:17.449,-0.064438
2020/01/10 21:14:17.549,-0.080460
2020/01/10 21:14:17.649,0.050125
2020/01/10 21:14:17.749,-0.037994
2020/01/10 21:14:17.848,-0.065475
2020/01/10 21:14:17.948,-0.098831
2020/01/10 21:14:18.048,-0.162613
2020/01/10 21:14:18.148,-0.125870
2020/01/10 21:14:18.247,-0.138809
2020/01/10 21:14:18.347,-0.085617
2020/01/10 21:14:18.447,-0.086243
2020/01/10 21:14:18.547,-0.062805
2020/01/10 21:14:18.646,-0.065094
2020/01/10 21:14:18.746,0.081833
2020/01/10 21:14:18.846,0.035446
2020/01/10 21:14:18.946,0.007477
2020/01/10 21:14:19.045,-0.031143
2020/01/10 21:14:19.145,-0.077621
2020/01/10 21:14:19.244,-0.056137
2020/01/10 21:14:19.344,-0.084961
2020/01/10 21:14:19.444,-0.022110
2020/01/10 21:14:19.544,-0.004898
2020/01/10 21:14:19.644,0.003265
2020/01/10 21:14:19.744,0.024780
2020/01/10 21:14:19.843,0.090149
2020/01/10 21:14:19.943,0.015244
2020/01/10 21:14:20.043,0.059891
2020/01/10 21:14:20.143,0.042984
2020/01/10 21:14:20.242,-0.005600
2020/01/10 21:14:20.342,-0.067886
2020/01/10 21:14:20.442,0.009598
2020/01/10 21:14:20.542,-0.106262
2020/01/10 21:14:20.641,-0.051285
2020/01/10 21:14:20.741,-0.018036
2020/01/10 21:14:20.841,-0.013016
2020/01/10 21:14:20.941,-0.067719
2020/01/10 21:14:21.040,0.048660
2020/01/10 21:14:21.140,0.099945
2020/01/10 21:14:21.240,0.078690
2020/01/10 21:14:21.339,-0.016296
2020/01/10 21:14:21.440,0.014664
2020/01/10 21:14:21.539,-0.090881
2020/01/10 21:14:21.639,-0.148895
2020/01/10 21:14:21.739,-0.100296
2020/01/10 21:14:21.839,0.005966
2020/01/10 21:14:21.938,0.038666
2020/01/10 21:14:22.038,0.062485
2020/01/10 21:14:22.138,0.123642
2020/01/10 21:14:22.238,0.021515
2020/01/10 21:14:22.337,0.030014
2020/01/10 21:14:22.437,0.051743
2020/01/10 21:14:22.537,0.006073
2020/01/10 21:14:22.637,-0.037323
2020/01/10 21:14:22.736,-0.083099
2020/01/10 21:14:22.836,-0.033279
2020/01/10 21:14:22.936,-0.033600
2020/01/10 21:14:23.036,0.063889
2020/01/10 21:14:23.135,0.068649
2020/01/10 21:14:23.235,0.142410
2020/01/10 21:14:23.335,0.084045
2020/01/10 21:14:23.435,0.062454
2020/01/10 21:14:23.534,0.079636
2020/01/10 21:14:23.634,-0.014999
2020/01/10 21:14:23.734,-0.030441
2020/01/10 21:14:23.834,-0.000015
2020/01/10 21:14:23.934,-0.042236
2020/01/10 21:14:24.033,-0.022278
2020/01/10 21:14:24.133,0.019714
2020/01/10 21:14:24.233,0.031403
2020/01/10 21:14:24.333,0.062592
2020/01/10 21:14:24.432,0.071228
2020/01/10 21:14:24.532,-0.001755
2020/01/10 21:14:24.632,0.034119
2020/01/10 21:14:24.731,0.043137
2020/01/10 21:14:24.831,-0.023392
2020/01/10 21:14:24.931,-0.063400
2020/01/10 21:14:25.031,-0.020844
2020/01/10 21:14:25.131,-0.132599
2020/01/10 21:14:25.230,-0.059647
2020/01/10 21:14:25.330,0.067963
2020/01/10 21:14:25.430,0.040405
2020/01/10 21:14:25.530,0.042923
2020/01/10 21:14:25.629,0.069702
2020/01/10 21:14:25.729,0.054474
2020/01/10 21:14:25.829,0.038269
2020/01/10 21:14:25.929,0.048050
2020/01/10 21:14:26.028,-0.042084
2020/01/10 21:14:26.128,-0.029449
2020/01/10 21:14:26.228,-0.008881
2020/01/10 21:14:26.328,-0.009018
2020/01/10 21:14:26.427,-0.002838
2020/01/10 21:14:26.527,-0.006866
2020/01/10 21:14:26.627,0.103439
2020/01/10 21:14:26.727,0.096939
2020/01/10 21:14:26.827,0.073227
2020/01/10 21:14:26.926,-0.000977
2020/01/10 21:14:27.026,0.076019
2020/01/10 21:14:27.126,0.069382
2020/01/10 21:14:27.226,-0.003113
2020/01/10 21:14:27.325,-0.065765
2020/01/10 21:14:27.425,-0.039505
2020/01/10 21:14:27.525,0.048019
2020/01/10 21:14:27.625,0.034775
2020/01/10 21:14:27.724,0.079178
2020/01/10 21:14:27.824,0.095932
2020/01/10 21:14:27.924,0.106033
2020/01/10 21:14:28.024,0.108353
2020/01/10 21:14:28.123,0.070663
2020/01/10 21:14:28.223,-0.018524
2020/01/10 21:14:28.323,0.041748
2020/01/10 21:14:28.423,-0.086365
2020/01/10 21:14:28.522,-0.032669
2020/01/10 21:14:28.622,0.001038
2020/01/10 21:14:28.722,0.019867
2020/01/10 21:14:28.822,0.036026
2020/01/10 21:14:28.921,0.124084
2020/01/10 21:14:29.021,0.068649
2020/01/10 21:14:29.121,0.081940
2020/01/10 21:14:29.220,0.117493
2020/01/10 21:14:29.320,0.000626
2020/01/10 21:14:29.420,-0.023117
2020/01/10 21:14:29.520,-0.053345
2020/01/10 21:14:29.619,-0.049805
2020/01/10 21:14:29.719,-0.049484
2020/01/10 21:14:29.819,-0.010452
2020/01/10 21:14:29.919,0.023087
2020/01/10 21:14:30.019,-0.005295
2020/01/10 21:14:30.119,0.102417
2020/01/10 21:14:30.218,0.127319
2020/01/10 21:14:30.318,0.109009
2020/01/10 21:14:30.418,0.095947
2020/01/10 21:14:30.518,0.025803
2020/01/10 21:14:30.617,-0.049728
2020/01/10 21:14:30.717,-0.024490
2020/01/10 21:14:30.817,-0.010498
2020/01/10 21:14:30.917,0.007736
2020/01/10 21:14:31.016,-0.016312
2020/01/10 21:14:31.116,0.073105
2020/01/10 21:14:31.216,0.029419
2020/01/10 21:14:31.316,0.051239
2020/01/10 21:14:31.415,0.081528
2020/01/10 21:14:31.515,0.103973
2020/01/10 21:14:31.615,0.073456
2020/01/10 21:14:31.715,0.023605
2020/01/10 21:14:31.814,-0.019348
2020/01/10 21:14:31.914,-0.073822
2020/01/10 21:14:32.014,-0.028580
2020/01/10 21:14:32.114,0.033356
2020/01/10 21:14:32.213,0.093079
2020/01/10 21:14:32.313,0.160583
2020/01/10 21:14:32.413,0.169220
2020/01/10 21:14:32.513,0.225311
2020/01/10 21:14:32.612,0.145615
2020/01/10 21:14:32.712,0.213959
2020/01/10 21:14:32.812,0.074402
2020/01/10 21:14:32.912,0.059738
2020/01/10 21:14:33.012,-0.016144
2020/01/10 21:14:33.111,0.041977
2020/01/10 21:14:33.211,0.003189
2020/01/10 21:14:33.311,0.070862
2020/01/10 21:14:33.410,0.108215
2020/01/10 21:14:33.510,0.068130
2020/01/10 21:14:33.610,0.166779
2020/01/10 21:14:33.710,0.136093
2020/01/10 21:14:33.810,0.040817
2020/01/10 21:14:33.909,0.067932
2020/01/10 21:14:34.009,0.024963
2020/01/10 21:14:34.109,0.061707
2020/01/10 21:14:34.209,-0.063370
2020/01/10 21:14:34.308,-0.012787
2020/01/10 21:14:34.408,0.035706
2020/01/10 21:14:34.508,0.085892
2020/01/10 21:14:34.608,0.097672
2020/01/10 21:14:34.707,0.135864
2020/01/10 21:14:34.807,0.161743
2020/01/10 21:14:34.907,0.107391
2020/01/10 21:14:35.007,0.113159
2020/01/10 21:14:35.106,0.038727
2020/01/10 21:14:35.206,0.063232
2020/01/10 21:14:35.306,0.069077
2020/01/10 21:14:35.405,0.066284
2020/01/10 21:14:35.505,0.085205
2020/01/10 21:14:35.605,0.135818
2020/01/10 21:14:35.705,0.083771
2020/01/10 21:14:35.805,0.147339
2020/01/10 21:14:35.904,0.052475
2020/01/10 21:14:36.004,0.066360
2020/01/10 21:14:36.104,0.017380
2020/01/10 21:14:36.203,0.031677
2020/01/10 21:14:36.303,0.031601
2020/01/10 21:14:36.403,0.036026
2020/01/10 21:14:36.503,0.010361
2020/01/10 21:14:36.603,-0.024811
2020/01/10 21:14:36.703,0.046005
2020/01/10 21:14:36.802,0.018921
2020/01/10 21:14:36.902,0.149200
2020/01/10 21:14:37.002,0.048843
2020/01/10 21:14:37.102,0.022354
2020/01/10 21:14:37.201,0.060684
2020/01/10 21:14:37.301,0.123444
2020/01/10 21:14:37.401,0.107498
2020/01/10 21:14:37.501,0.074158
2020/01/10 21:14:37.600,0.081223
2020/01/10 21:14:37.700,0.111877
2020/01/10 21:14:37.800,0.139099
2020/01/10 21:14:37.900,0.073853
2020/01/10 21:14:37.999,0.237823
2020/01/10 21:14:38.099,0.154068
2020/01/10 21:14:38.199,0.132477
2020/01/10 21:14:38.298,0.094940
2020/01/10 21:14:38.398,0.032120
2020/01/10 21:14:38.498,0.028503
2020/01/10 21:14:38.598,0.022156
2020/01/10 21:14:38.698,0.006042
2020/01/10 21:14:38.797,0.047775
2020/01/10 21:14:38.897,0.063110
2020/01/10 21:14:38.997,0.062088
2020/01/10 21:14:39.097,0.125473
2020/01/10 21:14:39.196,0.081039
2020/01/10 21:14:39.296,0.103088
2020/01/10 21:14:39.396,0.051208
2020/01/10 21:14:39.496,-0.007339
2020/01/10 21:14:39.595,-0.062744
2020/01/10 21:14:39.695,-0.075439
2020/01/10 21:14:39.795,-0.081421
2020/01/10 21:14:39.895,-0.026108
2020/01/10 21:14:39.994,-0.027664
2020/01/10 21:14:40.094,-0.017136
2020/01/10 21:14:40.194,0.077423
2020/01/10 21:14:40.294,0.055786
2020/01/10 21:14:40.393,0.044907
2020/01/10 21:14:40.493,-0.022964
2020/01/10 21:14:40.594,-0.054886
2020/01/10 21:14:40.693,-0.059525
2020/01/10 21:14:40.793,-0.143127
2020/01/10 21:14:40.892,-0.112625
2020/01/10 21:14:40.992,-0.009079
2020/01/10 21:14:41.092,0.051819
2020/01/10 21:14:41.192,0.050690
2020/01/10 21:14:41.291,0.112457
2020/01/10 21:14:41.391,0.068283
2020/01/10 21:14:41.491,0.011032
2020/01/10 21:14:41.591,-0.097900
2020/01/10 21:14:41.690,-0.083710
2020/01/10 21:14:41.790,-0.093445
2020/01/10 21:14:41.890,-0.133331
2020/01/10 21:14:41.990,-0.099457
2020/01/10 21:14:42.089,-0.006317
2020/01/10 21:14:42.189,0.072815
2020/01/10 21:14:42.289,-0.090057
2020/01/10 21:14:42.389,0.128159
2020/01/10 21:14:42.488,0.027863
2020/01/10 21:14:42.588,0.021149
2020/01/10 21:14:42.688,-0.021500
2020/01/10 21:14:42.788,-0.162598
2020/01/10 21:14:42.887,-0.071457
2020/01/10 21:14:42.987,-0.084549
2020/01/10 21:14:43.087,-0.023834
2020/01/10 21:14:43.187,-0.001846
2020/01/10 21:14:43.287,-0.030472
2020/01/10 21:14:43.386,0.010803
2020/01/10 21:14:43.486,0.069519
2020/01/10 21:14:43.585,-0.009537
2020/01/10 21:14:43.685,-0.016510
2020/01/10 21:14:43.785,-0.075348
2020/01/10 21:14:43.885,-0.137543
2020/01/10 21:14:43.985,-0.174438
2020/01/10 21:14:44.084,-0.112869
2020/01/10 21:14:44.184,-0.162903
2020/01/10 21:14:44.284,-0.128403
2020/01/10 21:14:44.384,-0.055603
2020/01/10 21:14:44.484,0.024246
2020/01/10 21:14:44.583,-0.094452
2020/01/10 21:14:44.683,-0.101990
2020/01/10 21:14:44.783,-0.151947
2020/01/10 21:14:44.883,-0.103271
2020/01/10 21:14:44.982,-0.078934
2020/01/10 21:14:45.082,-0.088531
2020/01/10 21:14:45.182,-0.122009
2020/01/10 21:14:45.282,-0.179459
2020/01/10 21:14:45.381,-0.172760
2020/01/10 21:14:45.481,-0.020828
2020/01/10 21:14:45.580,0.008911
2020/01/10 21:14:45.681,0.022110
2020/01/10 21:14:45.780,-0.140717
2020/01/10 21:14:45.880,-0.102356
2020/01/10 21:14:45.980,-0.113068
2020/01/10 21:14:46.080,-0.117386
2020/01/10 21:14:46.179,-0.173721
2020/01/10 21:14:46.280,-0.128830
2020/01/10 21:14:46.379,-0.117279
2020/01/10 21:14:46.479,-0.077271
2020/01/10 21:14:46.578,-0.071167
2020/01/10 21:14:46.679,-0.079559
2020/01/10 21:14:46.778,-0.022964
2020/01/10 21:14:46.878,-0.047806
2020/01/10 21:14:46.978,-0.058472
2020/01/10 21:14:47.077,-0.042847
2020/01/10 21:14:47.177,0.033295
2020/01/10 21:14:47.277,-0.031921
2020/01/10 21:14:47.377,-0.138092
2020/01/10 21:14:47.476,-0.101334
2020/01/10 21:14:47.576,-0.059433
2020/01/10 21:14:47.676,-0.080780
2020/01/10 21:14:47.775,-0.142014
2020/01/10 21:14:47.876,-0.001389
2020/01/10 21:14:47.975,0.019653
2020/01/10 21:14:48.075,-0.012726
2020/01/10 21:14:48.175,-0.004395
2020/01/10 21:14:48.274,-0.156769
2020/01/10 21:14:48.374,-0.039276
2020/01/10 21:14:48.474,-0.132660
2020/01/10 21:14:48.574,-0.131714
2020/01/10 21:14:48.673,-0.051758
2020/01/10 21:14:48.773,-0.021744
2020/01/10 21:14:48.873,0.019745
2020/01/10 21:14:48.973,0.006958
2020/01/10 21:14:49.072,0.045105
2020/01/10 21:14:49.172,-0.008606
2020/01/10 21:14:49.272,0.000092
2020/01/10 21:14:49.372,-0.181213
2020/01/10 21:14:49.471,-0.181885
2020/01/10 21:14:49.571,-0.162796
2020/01/10 21:14:49.671,-0.083496
2020/01/10 21:14:49.771,0.032227
2020/01/10 21:14:49.870,-0.010971
2020/01/10 21:14:49.970,0.032272
2020/01/10 21:14:50.070,0.046204
2020/01/10 21:14:50.170,-0.029587
2020/01/10 21:14:50.269,-0.052490
2020/01/10 21:14:50.369,-0.025711
2020/01/10 21:14:50.469,-0.092117
2020/01/10 21:14:50.569,-0.059967
2020/01/10 21:14:50.668,-0.088638
2020/01/10 21:14:50.768,-0.136230
2020/01/10 21:14:50.868,-0.072922
2020/01/10 21:14:50.968,-0.021896
2020/01/10 21:14:51.067,-0.004761
2020/01/10 21:14:51.167,0.083771
2020/01/10 21:14:51.267,0.020599
2020/01/10 21:14:51.367,0.027802
2020/01/10 21:14:51.466,0.039581
2020/01/10 21:14:51.566,-0.079422
2020/01/10 21:14:51.666,-0.057968
2020/01/10 21:14:51.766,-0.059845
2020/01/10 21:14:51.866,-0.106689
2020/01/10 21:14:51.965,-0.100189
2020/01/10 21:14:52.065,-0.065567
2020/01/10 21:14:52.165,-0.076172
2020/01/10 21:14:52.264,0.104431
2020/01/10 21:14:52.365,-0.056534
2020/01/10 21:14:52.464,0.011475
2020/01/10 21:14:52.564,0.018066
2020/01/10 21:14:52.663,-0.110809
2020/01/10 21:14:52.763,-0.103760
2020/01/10 21:14:52.863,-0.201569
2020/01/10 21:14:52.963,-0.136200
2020/01/10 21:14:53.063,-0.132736
2020/01/10 21:14:53.162,0.054352
2020/01/10 21:14:53.262,-0.089111
2020/01/10 21:14:53.362,-0.010956
2020/01/10 21:14:53.462,-0.007599
2020/01/10 21:14:53.561,-0.058182
2020/01/10 21:14:53.661,-0.092743
2020/01/10 21:14:53.761,-0.151398
2020/01/10 21:14:53.861,-0.158417
2020/01/10 21:14:53.961,-0.163315
2020/01/10 21:14:54.060,-0.168182
2020/01/10 21:14:54.160,-0.123108
2020/01/10 21:14:54.260,-0.065063
2020/01/10 21:14:54.359,-0.054428
2020/01/10 21:14:54.459,-0.069199
2020/01/10 21:14:54.559,-0.051453
2020/01/10 21:14:54.659,-0.012650
2020/01/10 21:14:54.759,-0.097519
2020/01/10 21:14:54.858,-0.082962
2020/01/10 21:14:54.958,-0.136276
2020/01/10 21:14:55.058,-0.088821
2020/01/10 21:14:55.157,-0.078979
2020/01/10 21:14:55.258,0.026474
2020/01/10 21:14:55.357,0.026428
2020/01/10 21:14:55.457,-0.007736
2020/01/10 21:14:55.556,0.023880
2020/01/10 21:14:55.656,-0.095932
2020/01/10 21:14:55.756,-0.082077
2020/01/10 21:14:55.856,-0.030563
2020/01/10 21:14:55.956,-0.124023
2020/01/10 21:14:56.056,-0.035721
2020/01/10 21:14:56.155,0.046906
2020/01/10 21:14:56.255,0.021591
2020/01/10 21:14:56.355,-0.046219
2020/01/10 21:14:56.455,-0.016205
2020/01/10 21:14:56.554,0.043488
2020/01/10 21:14:56.654,0.124054
2020/01/10 21:14:56.754,-0.029770
2020/01/10 21:14:56.854,-0.020218
2020/01/10 21:14:56.953,-0.050629
2020/01/10 21:14:57.053,-0.020294
2020/01/10 21:14:57.153,-0.087418
2020/01/10 21:14:57.252,-0.017258
2020/01/10 21:14:57.352,-0.000031
2020/01/10 21:14:57.452,-0.003769
2020/01/10 21:14:57.552,0.050171
2020/01/10 21:14:57.651,-0.051529
2020/01/10 21:14:57.751,0.054718
2020/01/10 21:14:57.851,-0.006714
2020/01/10 21:14:57.951,0.035583
2020/01/10 21:14:58.051,0.011688
2020/01/10 21:14:58.150,-0.158020
2020/01/10 21:14:58.250,-0.035049
2020/01/10 21:14:58.350,-0.154541
2020/01/10 21:14:58.449,-0.067932
2020/01/10 21:14:58.549,-0.047180
2020/01/10 21:14:58.649,0.040710
2020/01/10 21:14:58.749,-0.069214
2020/01/10 21:14:58.849,0.054596
2020/01/10 21:14:58.948,0.004684
2020/01/10 21:14:59.048,-0.027527
2020/01/10 21:14:59.148,-0.019409
2020/01/10 21:14:59.247,-0.021439
2020/01/10 21:14:59.347,-0.076752
2020/01/10 21:14:59.447,-0.090790
2020/01/10 21:14:59.547,-0.090866
2020/01/10 21:14:59.647,-0.054016
2020/01/10 21:14:59.746,-0.025650
2020/01/10 21:14:59.846,-0.030746
2020/01/10 21:14:59.946,-0.070221
2020/01/10 21:15:00.045,-0.028931
2020/01/10 21:15:00.145,-0.025467
2020/01/10 21:15:00.245,-0.021957
2020/01/10 21:15:00.345,-0.034973
2020/01/10 21:15:00.445,-0.072449
2020/01/10 21:15:00.544,-0.136093
2020/01/10 21:15:00.644,-0.169800
2020/01/10 21:15:00.744,-0.107986
2020/01/10 21:15:00.844,-0.018250
2020/01/10 21:15:00.943,-0.007858
2020/01/10 21:15:01.043,0.002472
2020/01/10 21:15:01.143,-0.008652
2020/01/10 21:15:01.243,0.079636
2020/01/10 21:15:01.342,0.006973
2020/01/10 21:15:01.442,-0.008423
2020/01/10 21:15:01.542,-0.046066
2020/01/10 21:15:01.642,0.016022
2020/01/10 21:15:01.741,-0.020401
2020/01/10 21:15:01.841,-0.070938
2020/01/10 21:15:01.941,0.024414
2020/01/10 21:15:02.041,-0.020630
2020/01/10 21:15:02.140,-0.014801
2020/01/10 21:15:02.240,0.086700
2020/01/10 21:15:02.340,0.015793
2020/01/10 21:15:02.440,0.062119
2020/01/10 21:15:02.540,0.067780
2020/01/10 21:15:02.639,-0.077927
2020/01/10 21:15:02.739,-0.095261
2020/01/10 21:15:02.839,-0.170425
2020/01/10 21:15:02.939,-0.164291
2020/01/10 21:15:03.038,-0.054962
2020/01/10 21:15:03.138,0.011017
2020/01/10 21:15:03.238,-0.022934
2020/01/10 21:15:03.338,-0.046204
2020/01/10 21:15:03.437,0.009369
2020/01/10 21:15:03.537,-0.020996
2020/01/10 21:15:03.637,-0.006042
2020/01/10 21:15:03.736,-0.015945
2020/01/10 21:15:03.836,-0.104813
2020/01/10 21:15:03.936,-0.063278
2020/01/10 21:15:04.036,-0.119675
2020/01/10 21:15:04.135,-0.119995
2020/01/10 21:15:04.235,-0.060104
2020/01/10 21:15:04.335,-0.015381
2020/01/10 21:15:04.435,-0.008987
2020/01/10 21:15:04.534,0.107971
2020/01/10 21:15:04.634,-0.027878
2020/01/10 21:15:04.734,-0.059647
2020/01/10 21:15:04.834,-0.039795
2020/01/10 21:15:04.934,-0.025757
2020/01/10 21:15:05.034,-0.050812
2020/01/10 21:15:05.133,-0.069168
2020/01/10 21:15:05.233,-0.150009
2020/01/10 21:15:05.333,-0.050613
2020/01/10 21:15:05.432,-0.057999
2020/01/10 21:15:05.532,-0.036255
2020/01/10 21:15:05.658,-0.047318
2020/01/10 21:15:05.732,-0.060593
2020/01/10 21:15:05.831,-0.039444
2020/01/10 21:15:05.931,0.005875
2020/01/10 21:15:06.031,-0.067505
2020/01/10 21:15:06.131,-0.101746
2020/01/10 21:15:06.230,-0.099258
2020/01/10 21:15:06.330,-0.107971
2020/01/10 21:15:06.430,-0.070129
2020/01/10 21:15:06.530,-0.023697
2020/01/10 21:15:06.630,0.043747
2020/01/10 21:15:06.729,-0.088577
2020/01/10 21:15:06.829,-0.073792
2020/01/10 21:15:06.929,-0.157089
2020/01/10 21:15:07.029,-0.098602
2020/01/10 21:15:07.128,-0.099335
2020/01/10 21:15:07.228,-0.192078
2020/01/10 21:15:07.328,-0.086349
2020/01/10 21:15:07.427,-0.158066
2020/01/10 21:15:07.527,-0.121857
2020/01/10 21:15:07.627,-0.057648
2020/01/10 21:15:07.727,-0.068085
2020/01/10 21:15:07.826,-0.072800
2020/01/10 21:15:07.926,-0.081070
2020/01/10 21:15:08.026,-0.097351
2020/01/10 21:15:08.126,-0.090973
2020/01/10 21:15:08.225,-0.088531
2020/01/10 21:15:08.325,-0.202606
2020/01/10 21:15:08.425,-0.190445
2020/01/10 21:15:08.525,-0.212418
2020/01/10 21:15:08.624,-0.240952
2020/01/10 21:15:08.724,-0.115112
2020/01/10 21:15:08.824,-0.169647
2020/01/10 21:15:08.924,-0.196594
2020/01/10 21:15:09.024,-0.093094
2020/01/10 21:15:09.123,-0.095398
2020/01/10 21:15:09.223,-0.061920
2020/01/10 21:15:09.323,-0.057419
2020/01/10 21:15:09.423,-0.172165
2020/01/10 21:15:09.522,-0.179092
2020/01/10 21:15:09.622,-0.261856
2020/01/10 21:15:09.722,-0.212814
2020/01/10 21:15:09.823,-0.141251
2020/01/10 21:15:09.922,-0.069336
2020/01/10 21:15:10.021,-0.043884
2020/01/10 21:15:10.121,0.039825
2020/01/10 21:15:10.221,-0.062592
2020/01/10 21:15:10.320,-0.099838
2020/01/10 21:15:10.420,-0.060730
2020/01/10 21:15:10.520,-0.090927
2020/01/10 21:15:10.620,-0.144791
2020/01/10 21:15:10.720,-0.151047
2020/01/10 21:15:10.819,-0.133041
2020/01/10 21:15:10.919,-0.058609
2020/01/10 21:15:11.019,0.036987
2020/01/10 21:15:11.118,-0.135010
2020/01/10 21:15:11.218,0.054810
2020/01/10 21:15:11.319,-0.078354
2020/01/10 21:15:11.418,-0.092621
2020/01/10 21:15:11.518,-0.063721
2020/01/10 21:15:11.617,-0.065186
2020/01/10 21:15:11.718,-0.121048
2020/01/10 21:15:11.817,-0.183975
2020/01/10 21:15:11.916,-0.152206
2020/01/10 21:15:12.017,-0.065033
2020/01/10 21:15:12.117,-0.022827
2020/01/10 21:15:12.216,-0.080704
2020/01/10 21:15:12.316,0.000290
2020/01/10 21:15:12.416,-0.057739
2020/01/10 21:15:12.515,-0.009903
2020/01/10 21:15:12.615,-0.087326
2020/01/10 21:15:12.715,-0.152008
2020/01/10 21:15:12.815,-0.184906
2020/01/10 21:15:12.914,-0.130173
2020/01/10 21:15:13.014,-0.166946
2020/01/10 21:15:13.114,-0.055130
2020/01/10 21:15:13.214,-0.016937
2020/01/10 21:15:13.313,-0.076950
2020/01/10 21:15:13.413,0.052429
2020/01/10 21:15:13.513,-0.015244
2020/01/10 21:15:13.613,-0.049942
2020/01/10 21:15:13.712,-0.019562
2020/01/10 21:15:13.812,-0.045776
2020/01/10 21:15:13.912,-0.159897
2020/01/10 21:15:14.011,-0.065506
2020/01/10 21:15:14.111,-0.134445
2020/01/10 21:15:14.211,-0.095871
2020/01/10 21:15:14.311,-0.003922
2020/01/10 21:15:14.411,-0.063309
2020/01/10 21:15:14.510,-0.020569
2020/01/10 21:15:14.610,-0.081619
2020/01/10 21:15:14.710,-0.080521
2020/01/10 21:15:14.809,-0.057541
2020/01/10 21:15:14.909,-0.047272
2020/01/10 21:15:15.009,-0.070709
2020/01/10 21:15:15.109,-0.053452
2020/01/10 21:15:15.209,-0.143097
2020/01/10 21:15:15.308,-0.140884
2020/01/10 21:15:15.408,-0.051666
2020/01/10 21:15:15.508,-0.053375
2020/01/10 21:15:15.607,0.004791
2020/01/10 21:15:15.707,-0.013947
2020/01/10 21:15:15.807,-0.100677
2020/01/10 21:15:15.907,-0.060776
2020/01/10 21:15:16.007,-0.122375
2020/01/10 21:15:16.106,-0.067169
2020/01/10 21:15:16.206,-0.041458
2020/01/10 21:15:16.306,-0.064026
2020/01/10 21:15:16.406,-0.046509
2020/01/10 21:15:16.505,0.036209
2020/01/10 21:15:16.605,-0.085419
2020/01/10 21:15:16.705,0.035309
2020/01/10 21:15:16.805,-0.019165
2020/01/10 21:15:16.904,0.012970
2020/01/10 21:15:17.004,-0.009399
2020/01/10 21:15:17.104,-0.120026
2020/01/10 21:15:17.204,-0.046265
2020/01/10 21:15:17.304,-0.116699
2020/01/10 21:15:17.404,-0.073898
2020/01/10 21:15:17.503,-0.061005
2020/01/10 21:15:17.603,-0.009674
2020/01/10 21:15:17.703,-0.027054
2020/01/10 21:15:17.802,0.104858
2020/01/10 21:15:17.902,-0.008194
2020/01/10 21:15:18.002,0.021271
2020/01/10 21:15:18.102,-0.020050
2020/01/10 21:15:18.201,-0.058029
2020/01/10 21:15:18.301,-0.049713
2020/01/10 21:15:18.401,-0.126099
2020/01/10 21:15:18.501,-0.131668
2020/01/10 21:15:18.601,-0.069672
2020/01/10 21:15:18.700,0.008865
2020/01/10 21:15:18.800,-0.044556
2020/01/10 21:15:18.900,0.055420
2020/01/10 21:15:19.000,-0.001709
2020/01/10 21:15:19.099,0.018616
2020/01/10 21:15:19.199,0.010361
2020/01/10 21:15:19.299,-0.034561
2020/01/10 21:15:19.399,-0.060623
2020/01/10 21:15:19.498,-0.168030
2020/01/10 21:15:19.599,-0.157990
2020/01/10 21:15:19.698,-0.061707
2020/01/10 21:15:19.798,0.012619
2020/01/10 21:15:19.897,-0.013260
2020/01/10 21:15:19.997,0.100204
2020/01/10 21:15:20.097,0.060638
2020/01/10 21:15:20.197,-0.016510
2020/01/10 21:15:20.296,-0.020966
2020/01/10 21:15:20.396,-0.006546
2020/01/10 21:15:20.496,-0.046799
2020/01/10 21:15:20.596,0.011200
2020/01/10 21:15:20.695,-0.054382
2020/01/10 21:15:20.796,-0.006073
2020/01/10 21:15:20.895,0.024933
2020/01/10 21:15:20.994,-0.013489
2020/01/10 21:15:21.094,0.119949
2020/01/10 21:15:21.194,0.002426
2020/01/10 21:15:21.294,0.095627
2020/01/10 21:15:21.394,0.069809
2020/01/10 21:15:21.493,0.059708
2020/01/10 21:15:21.593,-0.060043
2020/01/10 21:15:21.693,-0.055130
2020/01/10 21:15:21.793,-0.127838
2020/01/10 21:15:21.893,-0.059967
2020/01/10 21:15:21.992,0.033432
2020/01/10 21:15:22.092,-0.033585
2020/01/10 21:15:22.192,-0.030029
2020/01/10 21:15:22.292,-0.044846
2020/01/10 21:15:22.391,0.035507
2020/01/10 21:15:22.491,0.006668
2020/01/10 21:15:22.591,0.019913
2020/01/10 21:15:22.690,-0.074310
2020/01/10 21:15:22.790,-0.012939
2020/01/10 21:15:22.890,-0.093460
2020/01/10 21:15:22.990,-0.084381
2020/01/10 21:15:23.089,-0.000763
2020/01/10 21:15:23.189,0.053192
2020/01/10 21:15:23.290,0.019455
2020/01/10 21:15:23.389,0.138809
2020/01/10 21:15:23.488,0.044708
2020/01/10 21:15:23.588,-0.005997
2020/01/10 21:15:23.688,-0.019379
2020/01/10 21:15:23.788,-0.117874
2020/01/10 21:15:23.888,-0.099792
2020/01/10 21:15:23.987,-0.093552
2020/01/10 21:15:24.087,-0.087189
2020/01/10 21:15:24.187,-0.059891
2020/01/10 21:15:24.287,0.043091
2020/01/10 21:15:24.386,-0.047302
2020/01/10 21:15:24.487,0.081253
2020/01/10 21:15:24.586,0.001785
2020/01/10 21:15:24.685,-0.060425
2020/01/10 21:15:24.785,-0.026352
2020/01/10 21:15:24.885,-0.172470
2020/01/10 21:15:24.985,-0.054306
2020/01/10 21:15:25.085,-0.128372
2020/01/10 21:15:25.184,-0.058868
2020/01/10 21:15:25.284,-0.042084
2020/01/10 21:15:25.384,-0.036743
2020/01/10 21:15:25.484,-0.181824
2020/01/10 21:15:25.583,0.065170
2020/01/10 21:15:25.683,-0.068451
2020/01/10 21:15:25.783,-0.004044
2020/01/10 21:15:25.883,-0.075867
2020/01/10 21:15:25.983,-0.232391
2020/01/10 21:15:26.082,-0.063995
2020/01/10 21:15:26.182,-0.158936
2020/01/10 21:15:26.282,-0.163269
2020/01/10 21:15:26.382,-0.094254
2020/01/10 21:15:26.481,-0.168991
2020/01/10 21:15:26.581,-0.160889
2020/01/10 21:15:26.681,-0.090210
2020/01/10 21:15:26.780,-0.061554
2020/01/10 21:15:26.880,-0.010056
2020/01/10 21:15:26.980,-0.017975
2020/01/10 21:15:27.080,-0.061798
2020/01/10 21:15:27.180,-0.008545
2020/01/10 21:15:27.280,-0.091980
2020/01/10 21:15:27.379,-0.124786
2020/01/10 21:15:27.479,-0.009964
2020/01/10 21:15:27.579,-0.061798
2020/01/10 21:15:27.678,-0.014557
2020/01/10 21:15:27.778,0.002502
2020/01/10 21:15:27.878,0.047089
2020/01/10 21:15:27.977,0.008209
2020/01/10 21:15:28.077,-0.013641
2020/01/10 21:15:28.177,-0.089691
2020/01/10 21:15:28.277,-0.070923
2020/01/10 21:15:28.377,-0.081268
2020/01/10 21:15:28.476,-0.095215
2020/01/10 21:15:28.576,-0.034439
2020/01/10 21:15:28.676,0.042801
2020/01/10 21:15:28.776,0.051132
2020/01/10 21:15:28.875,0.055054
2020/01/10 21:15:28.976,0.094574
2020/01/10 21:15:29.075,0.086807
2020/01/10 21:15:29.175,0.020493
2020/01/10 21:15:29.275,0.019608
2020/01/10 21:15:29.374,-0.052292
2020/01/10 21:15:29.474,-0.078583
2020/01/10 21:15:29.574,-0.145981
2020/01/10 21:15:29.674,-0.002396
2020/01/10 21:15:29.774,0.079330
2020/01/10 21:15:29.873,0.133026
2020/01/10 21:15:29.973,0.018692
2020/01/10 21:15:30.073,0.098007
2020/01/10 21:15:30.172,0.055969
2020/01/10 21:15:30.272,0.022476
2020/01/10 21:15:30.372,-0.029526
2020/01/10 21:15:30.471,-0.026688
2020/01/10 21:15:30.572,-0.032303
2020/01/10 21:15:30.671,0.012115
2020/01/10 21:15:30.771,-0.043381
2020/01/10 21:15:30.871,-0.010986
2020/01/10 21:15:30.970,-0.048767
2020/01/10 21:15:31.070,0.129974
2020/01/10 21:15:31.170,0.025314
2020/01/10 21:15:31.270,0.073486
2020/01/10 21:15:31.369,0.061646
2020/01/10 21:15:31.469,-0.011215
2020/01/10 21:15:31.569,-0.125000
2020/01/10 21:15:31.669,-0.052444
2020/01/10 21:15:31.769,-0.216583
2020/01/10 21:15:31.868,-0.138870
2020/01/10 21:15:31.968,-0.077164
2020/01/10 21:15:32.068,-0.025589
2020/01/10 21:15:32.168,0.122253
2020/01/10 21:15:32.267,-0.030243
2020/01/10 21:15:32.367,-0.042313
2020/01/10 21:15:32.467,-0.066071
2020/01/10 21:15:32.567,-0.083282
2020/01/10 21:15:32.666,-0.005997
2020/01/10 21:15:32.766,-0.095123
2020/01/10 21:15:32.866,-0.007629
2020/01/10 21:15:32.966,0.040253
2020/01/10 21:15:33.065,-0.076797
2020/01/10 21:15:33.165,0.052658
2020/01/10 21:15:33.265,0.167328
2020/01/10 21:15:33.365,0.062881
2020/01/10 21:15:33.464,-0.023331
2020/01/10 21:15:33.564,0.048615
2020/01/10 21:15:33.664,-0.037567
2020/01/10 21:15:33.764,0.081802
2020/01/10 21:15:33.863,0.081100
2020/01/10 21:15:33.963,0.015152
2020/01/10 21:15:34.063,0.116119
2020/01/10 21:15:34.163,0.098053
2020/01/10 21:15:34.262,0.181503
2020/01/10 21:15:34.362,0.088699
2020/01/10 21:15:34.462,0.023010
2020/01/10 21:15:34.562,-0.061249
2020/01/10 21:15:34.661,-0.049026
2020/01/10 21:15:34.761,-0.045578
2020/01/10 21:15:34.861,-0.020813
2020/01/10 21:15:34.961,-0.061020
2020/01/10 21:15:35.060,-0.034500
2020/01/10 21:15:35.160,0.034668
2020/01/10 21:15:35.260,-0.024490
2020/01/10 21:15:35.360,0.100266
2020/01/10 21:15:35.460,-0.022232
2020/01/10 21:15:35.559,0.074814
2020/01/10 21:15:35.659,-0.012115
2020/01/10 21:15:35.759,-0.094513
2020/01/10 21:15:35.858,-0.026459
2020/01/10 21:15:35.958,-0.178131
2020/01/10 21:15:36.058,-0.065765
2020/01/10 21:15:36.158,0.079147
2020/01/10 21:15:36.257,-0.030640
2020/01/10 21:15:36.357,-0.005753
2020/01/10 21:15:36.457,0.070129
2020/01/10 21:15:36.557,-0.013901
2020/01/10 21:15:36.657,-0.031464
2020/01/10 21:15:36.756,-0.051270
2020/01/10 21:15:36.856,-0.110016
2020/01/10 21:15:36.956,-0.092712
2020/01/10 21:15:37.055,-0.161530
2020/01/10 21:15:37.155,0.030167
2020/01/10 21:15:37.255,-0.008652
2020/01/10 21:15:37.355,-0.024780
2020/01/10 21:15:37.454,0.121445
2020/01/10 21:15:37.554,0.022293
2020/01/10 21:15:37.654,0.038681
2020/01/10 21:15:37.754,-0.029221
2020/01/10 21:15:37.854,-0.016891
2020/01/10 21:15:37.953,-0.097641
2020/01/10 21:15:38.053,-0.077515
2020/01/10 21:15:38.153,-0.099762
2020/01/10 21:15:38.253,-0.060303
2020/01/10 21:15:38.352,-0.065338
2020/01/10 21:15:38.452,-0.014053
2020/01/10 21:15:38.552,-0.117004
2020/01/10 21:15:38.652,-0.068878
2020/01/10 21:15:38.752,-0.043564
2020/01/10 21:15:38.851,-0.024277
2020/01/10 21:15:38.951,-0.089935
2020/01/10 21:15:39.051,-0.196198
2020/01/10 21:15:39.151,-0.183243
2020/01/10 21:15:39.250,-0.172852
2020/01/10 21:15:39.350,-0.141373
2020/01/10 21:15:39.450,-0.050278
2020/01/10 21:15:39.550,-0.010208
2020/01/10 21:15:39.649,-0.157562
2020/01/10 21:15:39.749,-0.177917
2020/01/10 21:15:39.849,-0.114166
2020/01/10 21:15:39.948,-0.070862
2020/01/10 21:15:40.048,0.002167
2020/01/10 21:15:40.148,-0.105972
2020/01/10 21:15:40.248,-0.041855
2020/01/10 21:15:40.347,-0.241104
2020/01/10 21:15:40.447,-0.179886
2020/01/10 21:15:40.547,-0.070297
2020/01/10 21:15:40.647,-0.079071
2020/01/10 21:15:40.746,-0.113174
2020/01/10 21:15:40.847,-0.006912
2020/01/10 21:15:40.946,-0.099899
2020/01/10 21:15:41.046,-0.061417
2020/01/10 21:15:41.145,-0.079819
2020/01/10 21:15:41.245,-0.150238
2020/01/10 21:15:41.345,-0.097260
2020/01/10 21:15:41.445,-0.282288
2020/01/10 21:15:41.545,-0.215698
2020/01/10 21:15:41.644,-0.086624
2020/01/10 21:15:41.744,-0.077774
2020/01/10 21:15:41.844,-0.078812
2020/01/10 21:15:41.944,0.031921
2020/01/10 21:15:42.043,-0.011429
2020/01/10 21:15:42.143,-0.055679
2020/01/10 21:15:42.243,-0.076828
2020/01/10 21:15:42.343,-0.113190
2020/01/10 21:15:42.442,-0.192291
2020/01/10 21:15:42.542,-0.261734
2020/01/10 21:15:42.642,-0.185760
2020/01/10 21:15:42.742,-0.159058
2020/01/10 21:15:42.841,-0.117493
2020/01/10 21:15:42.941,-0.143402
2020/01/10 21:15:43.041,-0.048874
2020/01/10 21:15:43.141,-0.187347
2020/01/10 21:15:43.240,-0.118408
2020/01/10 21:15:43.340,-0.079453
2020/01/10 21:15:43.440,-0.088165
2020/01/10 21:15:43.540,-0.134109
2020/01/10 21:15:43.640,-0.217316
2020/01/10 21:15:43.739,-0.140884
2020/01/10 21:15:43.839,-0.058243
2020/01/10 21:15:43.938,-0.078690
2020/01/10 21:15:44.038,-0.076294
2020/01/10 21:15:44.138,-0.050385
2020/01/10 21:15:44.238,-0.111084
2020/01/10 21:15:44.338,-0.032730
2020/01/10 21:15:44.437,-0.023041
2020/01/10 21:15:44.538,-0.108673
2020/01/10 21:15:44.637,-0.154266
2020/01/10 21:15:44.737,-0.106628
2020/01/10 21:15:44.837,-0.120605
2020/01/10 21:15:44.936,0.001556
2020/01/10 21:15:45.036,-0.072769
2020/01/10 21:15:45.136,0.006073
2020/01/10 21:15:45.235,-0.060333
2020/01/10 21:15:45.335,-0.023148
2020/01/10 21:15:45.435,-0.026627
2020/01/10 21:15:45.535,-0.042633
2020/01/10 21:15:45.635,-0.104996
2020/01/10 21:15:45.735,-0.199142
2020/01/10 21:15:45.834,-0.172653
2020/01/10 21:15:45.934,-0.102982
2020/01/10 21:15:46.035,0.043350
2020/01/10 21:15:46.134,-0.012650
2020/01/10 21:15:46.233,0.068176
2020/01/10 21:15:46.333,0.031845
2020/01/10 21:15:46.433,0.015152
2020/01/10 21:15:46.532,0.034897
2020/01/10 21:15:46.632,-0.017014
2020/01/10 21:15:46.732,-0.001648
2020/01/10 21:15:46.832,0.090424
2020/01/10 21:15:46.931,-0.129883
2020/01/10 21:15:47.031,-0.077942
2020/01/10 21:15:47.131,-0.023621
2020/01/10 21:15:47.231,0.089890
2020/01/10 21:15:47.331,0.003342
2020/01/10 21:15:47.430,0.024002
2020/01/10 21:15:47.530,0.064056
2020/01/10 21:15:47.630,0.040100
2020/01/10 21:15:47.729,-0.015503
2020/01/10 21:15:47.829,-0.081955
2020/01/10 21:15:47.929,-0.076324
2020/01/10 21:15:48.029,-0.123474
2020/01/10 21:15:48.129,-0.019211
2020/01/10 21:15:48.228,-0.041229
2020/01/10 21:15:48.328,-0.075928
2020/01/10 21:15:48.428,-0.145645
2020/01/10 21:15:48.527,-0.016785
2020/01/10 21:15:48.627,-0.034866
2020/01/10 21:15:48.727,-0.044724
2020/01/10 21:15:48.827,-0.101685
2020/01/10 21:15:48.927,-0.130569
2020/01/10 21:15:49.026,-0.169922
2020/01/10 21:15:49.126,-0.112000
2020/01/10 21:15:49.226,-0.083862
2020/01/10 21:15:49.326,-0.056641
2020/01/10 21:15:49.425,0.005707
2020/01/10 21:15:49.525,-0.011673
2020/01/10 21:15:49.625,-0.028000
2020/01/10 21:15:49.725,-0.030289
2020/01/10 21:15:49.824,-0.036758
2020/01/10 21:15:49.924,-0.115036
2020/01/10 21:15:50.024,-0.126129
2020/01/10 21:15:50.124,-0.109161
2020/01/10 21:15:50.223,-0.136734
2020/01/10 21:15:50.323,-0.097992
2020/01/10 21:15:50.423,-0.047043
2020/01/10 21:15:50.523,-0.037582
2020/01/10 21:15:50.622,-0.095825
2020/01/10 21:15:50.722,-0.034042
2020/01/10 21:15:50.822,0.004288
2020/01/10 21:15:50.922,-0.047867
2020/01/10 21:15:51.022,-0.051178
2020/01/10 21:15:51.121,-0.092117
2020/01/10 21:15:51.221,-0.073334
2020/01/10 21:15:51.321,-0.121262
2020/01/10 21:15:51.420,-0.080200
2020/01/10 21:15:51.520,0.015533
2020/01/10 21:15:51.620,0.003082
2020/01/10 21:15:51.720,0.009598
2020/01/10 21:15:51.820,-0.012344
2020/01/10 21:15:51.919,-0.007614
2020/01/10 21:15:52.019,-0.035278
2020/01/10 21:15:52.119,-0.101624
2020/01/10 21:15:52.218,-0.154495
2020/01/10 21:15:52.318,-0.198624
2020/01/10 21:15:52.418,-0.226883
2020/01/10 21:15:52.518,-0.176315
2020/01/10 21:15:52.618,-0.050980
2020/01/10 21:15:52.717,0.024506
2020/01/10 21:15:52.817,-0.030991
2020/01/10 21:15:52.917,-0.020142
2020/01/10 21:15:53.017,-0.113678
2020/01/10 21:15:53.116,-0.099152
2020/01/10 21:15:53.216,-0.128555
2020/01/10 21:15:53.316,-0.181610
2020/01/10 21:15:53.416,-0.125259
2020/01/10 21:15:53.515,-0.130371
2020/01/10 21:15:53.615,-0.161819
2020/01/10 21:15:53.715,-0.095352
2020/01/10 21:15:53.815,-0.023926
2020/01/10 21:15:53.914,-0.037338
2020/01/10 21:15:54.014,-0.117798
2020/01/10 21:15:54.114,-0.157654
2020/01/10 21:15:54.214,-0.209229
2020/01/10 21:15:54.313,-0.124512
2020/01/10 21:15:54.413,-0.244080
2020/01/10 21:15:54.513,-0.216644
2020/01/10 21:15:54.613,-0.162842
2020/01/10 21:15:54.712,-0.206726
2020/01/10 21:15:54.812,-0.131226
2020/01/10 21:15:54.912,-0.206650
2020/01/10 21:15:55.012,-0.098557
2020/01/10 21:15:55.111,-0.157410
2020/01/10 21:15:55.211,-0.066498
2020/01/10 21:15:55.311,-0.009201
2020/01/10 21:15:55.411,-0.010895
2020/01/10 21:15:55.511,-0.092804
2020/01/10 21:15:55.610,-0.046005
2020/01/10 21:15:55.710,0.017105
2020/01/10 21:15:55.810,-0.002945
2020/01/10 21:15:55.910,0.000702
2020/01/10 21:15:56.009,-0.004456
2020/01/10 21:15:56.109,0.018082
2020/01/10 21:15:56.209,0.000000
2020/01/10 21:15:56.309,0.019638
2020/01/10 21:15:56.408,0.004929
2020/01/10 21:15:56.508,-0.092834
2020/01/10 21:15:56.608,-0.162903
2020/01/10 21:15:56.708,-0.262390
2020/01/10 21:15:56.807,-0.109177
2020/01/10 21:15:56.908,-0.036545
2020/01/10 21:15:57.007,0.015625
2020/01/10 21:15:57.107,-0.090164
2020/01/10 21:15:57.206,-0.043716
2020/01/10 21:15:57.306,0.021408
2020/01/10 21:15:57.406,-0.030472
2020/01/10 21:15:57.505,-0.089157
2020/01/10 21:15:57.605,-0.129242
2020/01/10 21:15:57.705,-0.007111
2020/01/10 21:15:57.805,0.002579
2020/01/10 21:15:57.905,0.063965
2020/01/10 21:15:58.005,0.011536
2020/01/10 21:15:58.104,-0.023132
2020/01/10 21:15:58.204,0.032959
2020/01/10 21:15:58.304,0.011520
2020/01/10 21:15:58.403,0.015930
2020/01/10 21:15:58.503,0.032852
2020/01/10 21:15:58.603,0.059601
2020/01/10 21:15:58.703,0.018631
2020/01/10 21:15:58.802,-0.008698
2020/01/10 21:15:58.903,0.018280
2020/01/10 21:15:59.002,-0.058060
2020/01/10 21:15:59.102,-0.055557
2020/01/10 21:15:59.201,0.002655
2020/01/10 21:15:59.301,0.086960
2020/01/10 21:15:59.401,-0.001236
2020/01/10 21:15:59.500,0.083008
2020/01/10 21:15:59.600,0.016953
2020/01/10 21:15:59.700,-0.003204
2020/01/10 21:15:59.800,0.041763
2020/01/10 21:15:59.900,-0.064682
2020/01/10 21:15:59.999,-0.067245
2020/01/10 21:16:00.099,-0.007385
2020/01/10 21:16:00.199,-0.008011
2020/01/10 21:16:00.298,0.095169
2020/01/10 21:16:00.398,0.093582
2020/01/10 21:16:00.498,0.159348
2020/01/10 21:16:00.598,0.070068
2020/01/10 21:16:00.698,0.030548
2020/01/10 21:16:00.797,0.053345
2020/01/10 21:16:00.897,0.004105
2020/01/10 21:16:00.997,0.070358
2020/01/10 21:16:01.097,0.017609
2020/01/10 21:16:01.196,0.073669
2020/01/10 21:16:01.296,0.043442
2020/01/10 21:16:01.396,0.093338
2020/01/10 21:16:01.496,0.074005
2020/01/10 21:16:01.595,0.132980
2020/01/10 21:16:01.695,0.088409
2020/01/10 21:16:01.796,0.045288
2020/01/10 21:16:01.895,0.063202
2020/01/10 21:16:01.995,0.010086
2020/01/10 21:16:02.094,-0.026749
2020/01/10 21:16:02.195,-0.009811
2020/01/10 21:16:02.294,-0.049194
2020/01/10 21:16:02.394,-0.049835
2020/01/10 21:16:02.493,0.009735
2020/01/10 21:16:02.594,-0.009552
2020/01/10 21:16:02.693,-0.082947
2020/01/10 21:16:02.792,0.011887
2020/01/10 21:16:02.892,-0.002731
2020/01/10 21:16:02.992,0.006378
2020/01/10 21:16:03.092,-0.061569
2020/01/10 21:16:03.192,-0.077072
2020/01/10 21:16:03.291,-0.101181
2020/01/10 21:16:03.391,-0.105026
2020/01/10 21:16:03.491,-0.046051
2020/01/10 21:16:03.591,0.000458
2020/01/10 21:16:03.691,-0.032089
2020/01/10 21:16:03.790,0.075729
2020/01/10 21:16:03.890,0.082199
2020/01/10 21:16:03.990,0.043243
2020/01/10 21:16:04.090,0.041824
2020/01/10 21:16:04.189,-0.000107
2020/01/10 21:16:04.289,-0.059677
2020/01/10 21:16:04.389,-0.094376
2020/01/10 21:16:04.489,-0.024521
2020/01/10 21:16:04.588,0.057953
2020/01/10 21:16:04.688,0.129608
2020/01/10 21:16:04.788,0.123093
2020/01/10 21:16:04.888,0.097687
2020/01/10 21:16:04.987,0.149185
2020/01/10 21:16:05.087,0.135925
2020/01/10 21:16:05.187,0.126999
2020/01/10 21:16:05.287,0.098145
2020/01/10 21:16:05.386,0.048859
2020/01/10 21:16:05.486,0.060379
2020/01/10 21:16:05.586,0.038605
2020/01/10 21:16:05.686,0.027100
2020/01/10 21:16:05.785,0.140640
2020/01/10 21:16:05.886,0.124084
2020/01/10 21:16:05.985,0.119949
2020/01/10 21:16:06.085,0.124588
2020/01/10 21:16:06.184,0.049713
2020/01/10 21:16:06.284,0.064743
2020/01/10 21:16:06.384,0.055786
2020/01/10 21:16:06.484,-0.070312
2020/01/10 21:16:06.583,-0.017471
2020/01/10 21:16:06.683,0.070801
2020/01/10 21:16:06.783,0.019455
2020/01/10 21:16:06.883,0.188217
2020/01/10 21:16:06.982,0.167572
2020/01/10 21:16:07.082,0.176559
2020/01/10 21:16:07.182,0.197266
2020/01/10 21:16:07.282,0.240555
2020/01/10 21:16:07.381,0.144287
2020/01/10 21:16:07.481,0.102600
2020/01/10 21:16:07.581,-0.099838
2020/01/10 21:16:07.680,0.108994
