2020/01/09 11:53:17.150,0.548181
2020/01/09 11:53:17.251,-0.056095
2020/01/09 11:53:17.351,0.040700
2020/01/09 11:53:17.451,0.044863
2020/01/09 11:53:17.552,0.012415
2020/01/09 11:53:17.652,0.038425
2020/01/09 11:53:17.753,0.123854
2020/01/09 11:53:17.853,0.067342
2020/01/09 11:53:17.953,0.037331
2020/01/09 11:53:18.054,0.030793
2020/01/09 11:53:18.154,-0.015179
2020/01/09 11:53:18.255,-0.015049
2020/01/09 11:53:18.355,-0.132444
2020/01/09 11:53:18.455,-0.105827
2020/01/09 11:53:18.556,-0.011594
2020/01/09 11:53:18.656,-0.010456
2020/01/09 11:53:18.757,0.039154
2020/01/09 11:53:18.857,-0.013068
2020/01/09 11:53:18.958,-0.038154
2020/01/09 11:53:19.058,-0.053889
2020/01/09 11:53:19.158,0.043297
2020/01/09 11:53:19.259,0.048989
2020/01/09 11:53:19.359,0.009115
2020/01/09 11:53:19.460,-0.039308
2020/01/09 11:53:19.560,0.002797
2020/01/09 11:53:19.660,0.041374
2020/01/09 11:53:19.761,-0.010466
2020/01/09 11:53:19.861,-0.024208
2020/01/09 11:53:19.962,-0.000774
2020/01/09 11:53:20.062,0.016893
2020/01/09 11:53:20.162,-0.002907
2020/01/09 11:53:20.263,-0.020897
2020/01/09 11:53:20.363,-0.042182
2020/01/09 11:53:20.464,-0.023638
2020/01/09 11:53:20.564,-0.011890
2020/01/09 11:53:20.664,-0.002901
2020/01/09 11:53:20.765,0.000291
2020/01/09 11:53:20.865,-0.036557
2020/01/09 11:53:20.966,-0.064322
2020/01/09 11:53:21.066,-0.027735
2020/01/09 11:53:21.166,-0.036045
2020/01/09 11:53:21.267,0.027139
2020/01/09 11:53:21.367,0.019467
2020/01/09 11:53:21.468,-0.030593
2020/01/09 11:53:21.568,0.016680
2020/01/09 11:53:21.669,0.010897
2020/01/09 11:53:21.769,0.002127
2020/01/09 11:53:21.869,-0.009578
2020/01/09 11:53:21.970,0.002716
2020/01/09 11:53:22.070,0.005849
2020/01/09 11:53:22.171,-0.003839
2020/01/09 11:53:22.271,0.003702
2020/01/09 11:53:22.371,0.007528
2020/01/09 11:53:22.472,0.006903
2020/01/09 11:53:22.572,0.013170
2020/01/09 11:53:22.673,0.001195
2020/01/09 11:53:22.773,-0.006241
2020/01/09 11:53:22.873,0.000853
2020/01/09 11:53:22.974,-0.006859
2020/01/09 11:53:23.074,-0.004378
2020/01/09 11:53:23.174,-0.003910
2020/01/09 11:53:23.275,0.002900
2020/01/09 11:53:23.375,-0.001677
2020/01/09 11:53:23.476,0.006127
2020/01/09 11:53:23.576,0.001866
2020/01/09 11:53:23.677,0.009179
2020/01/09 11:53:23.777,-0.003173
2020/01/09 11:53:23.878,-0.005462
2020/01/09 11:53:23.978,0.002261
2020/01/09 11:53:24.078,0.017516
2020/01/09 11:53:24.179,0.015368
2020/01/09 11:53:24.279,0.002870
2020/01/09 11:53:24.379,0.001403
2020/01/09 11:53:24.480,0.003839
2020/01/09 11:53:24.580,-0.015685
2020/01/09 11:53:24.681,-0.015146
2020/01/09 11:53:24.781,-0.003945
2020/01/09 11:53:24.882,0.011409
2020/01/09 11:53:24.982,0.002556
2020/01/09 11:53:25.082,0.013700
2020/01/09 11:53:25.183,-0.014210
2020/01/09 11:53:25.283,0.011263
2020/01/09 11:53:25.383,0.015209
2020/01/09 11:53:25.484,0.005277
2020/01/09 11:53:25.584,-0.005112
2020/01/09 11:53:25.685,-0.008655
2020/01/09 11:53:25.785,-0.007203
2020/01/09 11:53:25.886,-0.004251
2020/01/09 11:53:25.986,0.000231
2020/01/09 11:53:26.086,0.013334
2020/01/09 11:53:26.187,0.003579
2020/01/09 11:53:26.287,-0.007274
2020/01/09 11:53:26.388,-0.015296
2020/01/09 11:53:26.488,0.018872
2020/01/09 11:53:26.588,0.029972
2020/01/09 11:53:26.689,-0.006588
2020/01/09 11:53:26.789,-0.030546
2020/01/09 11:53:26.890,-0.008623
2020/01/09 11:53:26.990,0.008133
2020/01/09 11:53:27.090,0.013622
2020/01/09 11:53:27.191,0.010557
2020/01/09 11:53:27.291,-0.007876
2020/01/09 11:53:27.392,0.001663
2020/01/09 11:53:27.492,-0.004601
2020/01/09 11:53:27.593,0.000259
2020/01/09 11:53:27.693,0.002536
2020/01/09 11:53:27.793,-0.002573
2020/01/09 11:53:27.894,-0.002938
2020/01/09 11:53:27.994,-0.001362
2020/01/09 11:53:28.095,0.003965
2020/01/09 11:53:28.195,0.004502
2020/01/09 11:53:28.295,0.011372
2020/01/09 11:53:28.395,-0.005215
2020/01/09 11:53:28.496,-0.001677
2020/01/09 11:53:28.597,-0.004655
2020/01/09 11:53:28.697,-0.010094
2020/01/09 11:53:28.797,-0.000343
2020/01/09 11:53:28.898,0.005790
2020/01/09 11:53:28.998,0.006729
2020/01/09 11:53:29.098,0.006445
2020/01/09 11:53:29.199,-0.001524
2020/01/09 11:53:29.299,0.002405
2020/01/09 11:53:29.400,0.004061
2020/01/09 11:53:29.500,-0.003178
2020/01/09 11:53:29.601,-0.013664
2020/01/09 11:53:29.701,-0.007456
2020/01/09 11:53:29.802,-0.005538
2020/01/09 11:53:29.902,0.012280
2020/01/09 11:53:30.002,0.005750
2020/01/09 11:53:30.103,0.006801
2020/01/09 11:53:30.203,-0.007502
2020/01/09 11:53:30.303,-0.007237
2020/01/09 11:53:30.404,-0.006702
2020/01/09 11:53:30.504,-0.000116
2020/01/09 11:53:30.605,-0.002152
2020/01/09 11:53:30.705,-0.006451
2020/01/09 11:53:30.806,0.001827
2020/01/09 11:53:30.906,-0.001606
2020/01/09 11:53:31.006,-0.005668
2020/01/09 11:53:31.107,0.004570
2020/01/09 11:53:31.207,0.002319
2020/01/09 11:53:31.308,-0.003710
2020/01/09 11:53:31.408,-0.004528
2020/01/09 11:53:31.509,-0.000874
2020/01/09 11:53:31.609,-0.001110
2020/01/09 11:53:31.709,-0.010526
2020/01/09 11:53:31.810,-0.001462
2020/01/09 11:53:31.910,0.000123
2020/01/09 11:53:32.010,-0.005424
2020/01/09 11:53:32.111,-0.012085
2020/01/09 11:53:32.211,-0.003478
2020/01/09 11:53:32.312,-0.001351
2020/01/09 11:53:32.412,-0.006610
2020/01/09 11:53:32.512,-0.000453
2020/01/09 11:53:32.613,0.007691
2020/01/09 11:53:32.713,0.004608
2020/01/09 11:53:32.814,0.000704
2020/01/09 11:53:32.915,-0.014395
2020/01/09 11:53:33.015,0.004759
2020/01/09 11:53:33.115,0.000675
2020/01/09 11:53:33.215,-0.004347
2020/01/09 11:53:33.316,-0.006998
2020/01/09 11:53:33.416,-0.004906
2020/01/09 11:53:33.516,0.011105
2020/01/09 11:53:33.617,0.006311
2020/01/09 11:53:33.717,-0.011995
2020/01/09 11:53:33.818,0.002010
2020/01/09 11:53:33.918,-0.003344
2020/01/09 11:53:34.018,0.007079
2020/01/09 11:53:34.119,-0.006883
2020/01/09 11:53:34.219,0.006992
2020/01/09 11:53:34.320,0.000504
2020/01/09 11:53:34.420,0.001945
2020/01/09 11:53:34.521,0.000920
2020/01/09 11:53:34.621,-0.003539
2020/01/09 11:53:34.721,-0.002166
2020/01/09 11:53:34.822,0.008594
2020/01/09 11:53:34.922,-0.000393
2020/01/09 11:53:35.023,0.000595
2020/01/09 11:53:35.123,-0.006684
2020/01/09 11:53:35.223,-0.004532
2020/01/09 11:53:35.324,0.001617
2020/01/09 11:53:35.424,-0.000722
2020/01/09 11:53:35.525,-0.001238
2020/01/09 11:53:35.625,-0.007672
2020/01/09 11:53:35.725,0.000341
2020/01/09 11:53:35.826,-0.010576
2020/01/09 11:53:35.926,-0.001685
2020/01/09 11:53:36.027,0.002574
2020/01/09 11:53:36.127,-0.003553
2020/01/09 11:53:36.227,-0.001822
2020/01/09 11:53:36.328,0.010577
2020/01/09 11:53:36.428,0.024846
2020/01/09 11:53:36.529,-0.004804
2020/01/09 11:53:36.629,-0.009457
2020/01/09 11:53:36.730,-0.001653
2020/01/09 11:53:36.830,-0.002862
2020/01/09 11:53:36.930,0.001166
2020/01/09 11:53:37.031,-0.002928
2020/01/09 11:53:37.131,-0.003041
2020/01/09 11:53:37.231,-0.005215
2020/01/09 11:53:37.332,-0.004635
2020/01/09 11:53:37.432,-0.013024
2020/01/09 11:53:37.533,-0.013991
2020/01/09 11:53:37.633,-0.006656
2020/01/09 11:53:37.733,-0.008436
2020/01/09 11:53:37.834,0.001816
2020/01/09 11:53:37.934,-0.003312
2020/01/09 11:53:38.035,-0.004686
2020/01/09 11:53:38.135,0.000532
2020/01/09 11:53:38.236,-0.004148
2020/01/09 11:53:38.336,-0.003327
2020/01/09 11:53:38.436,-0.005717
2020/01/09 11:53:38.537,0.006440
2020/01/09 11:53:38.637,0.003159
2020/01/09 11:53:38.738,-0.007769
2020/01/09 11:53:38.838,0.006345
2020/01/09 11:53:38.938,0.004444
2020/01/09 11:53:39.039,0.004599
2020/01/09 11:53:39.139,-0.001231
2020/01/09 11:53:39.240,-0.004158
2020/01/09 11:53:39.340,-0.007623
2020/01/09 11:53:39.440,-0.014096
2020/01/09 11:53:39.541,-0.002009
2020/01/09 11:53:39.641,0.002025
2020/01/09 11:53:39.742,0.000732
2020/01/09 11:53:39.842,-0.003236
2020/01/09 11:53:39.942,0.008310
2020/01/09 11:53:40.043,-0.001342
2020/01/09 11:53:40.143,0.008407
2020/01/09 11:53:40.244,-0.001456
2020/01/09 11:53:40.344,-0.001043
2020/01/09 11:53:40.444,-0.005475
2020/01/09 11:53:40.545,-0.005641
2020/01/09 11:53:40.645,-0.007946
2020/01/09 11:53:40.746,-0.009427
2020/01/09 11:53:40.846,-0.007562
2020/01/09 11:53:40.946,-0.007668
2020/01/09 11:53:41.047,-0.006037
2020/01/09 11:53:41.147,-0.000762
2020/01/09 11:53:41.248,-0.005985
2020/01/09 11:53:41.348,-0.009244
2020/01/09 11:53:41.449,0.001793
2020/01/09 11:53:41.549,-0.007497
2020/01/09 11:53:41.649,-0.001862
2020/01/09 11:53:41.750,0.001388
2020/01/09 11:53:41.850,0.006267
2020/01/09 11:53:41.951,-0.009025
2020/01/09 11:53:42.051,0.002396
2020/01/09 11:53:42.151,0.001786
2020/01/09 11:53:42.252,0.000823
2020/01/09 11:53:42.352,0.007238
2020/01/09 11:53:42.453,-0.000438
2020/01/09 11:53:42.553,-0.005659
2020/01/09 11:53:42.653,0.008530
2020/01/09 11:53:42.754,0.002413
2020/01/09 11:53:42.854,0.001509
2020/01/09 11:53:42.955,-0.009486
2020/01/09 11:53:43.055,-0.003719
2020/01/09 11:53:43.156,0.004987
2020/01/09 11:53:43.256,0.001762
2020/01/09 11:53:43.356,0.002593
2020/01/09 11:53:43.457,-0.006621
2020/01/09 11:53:43.557,-0.003371
2020/01/09 11:53:43.657,-0.004259
2020/01/09 11:53:43.758,-0.005319
2020/01/09 11:53:43.858,-0.007286
2020/01/09 11:53:43.959,-0.005093
2020/01/09 11:53:44.059,-0.002713
2020/01/09 11:53:44.160,-0.004899
2020/01/09 11:53:44.260,-0.009617
2020/01/09 11:53:44.360,-0.009226
2020/01/09 11:53:44.461,0.000779
2020/01/09 11:53:44.561,-0.007555
2020/01/09 11:53:44.662,-0.006088
2020/01/09 11:53:44.762,0.001960
2020/01/09 11:53:44.862,-0.000590
2020/01/09 11:53:44.963,-0.006839
2020/01/09 11:53:45.063,0.007808
2020/01/09 11:53:45.164,-0.001725
2020/01/09 11:53:45.264,-0.009956
2020/01/09 11:53:45.365,-0.005410
2020/01/09 11:53:45.465,0.006055
2020/01/09 11:53:45.565,-0.013161
2020/01/09 11:53:45.666,-0.004335
2020/01/09 11:53:45.766,-0.012106
2020/01/09 11:53:45.866,-0.003106
2020/01/09 11:53:45.967,0.001071
2020/01/09 11:53:46.067,-0.004562
2020/01/09 11:53:46.168,0.005298
2020/01/09 11:53:46.268,-0.004014
2020/01/09 11:53:46.368,0.002626
2020/01/09 11:53:46.469,0.001421
2020/01/09 11:53:46.569,-0.001366
2020/01/09 11:53:46.670,0.004321
2020/01/09 11:53:46.770,-0.002399
2020/01/09 11:53:46.871,-0.012422
2020/01/09 11:53:46.971,-0.000553
2020/01/09 11:53:47.071,0.006496
2020/01/09 11:53:47.172,-0.000371
2020/01/09 11:53:47.272,-0.000954
2020/01/09 11:53:47.373,0.004740
2020/01/09 11:53:47.473,0.006115
2020/01/09 11:53:47.574,-0.007282
2020/01/09 11:53:47.674,0.001772
2020/01/09 11:53:47.774,0.000123
2020/01/09 11:53:47.875,0.008489
2020/01/09 11:53:47.975,0.002325
2020/01/09 11:53:48.076,-0.006204
2020/01/09 11:53:48.176,-0.010275
2020/01/09 11:53:48.276,-0.009800
2020/01/09 11:53:48.377,-0.006715
2020/01/09 11:53:48.477,-0.007870
2020/01/09 11:53:48.578,-0.008535
2020/01/09 11:53:48.678,-0.003440
2020/01/09 11:53:48.778,0.002389
2020/01/09 11:53:48.879,0.008630
2020/01/09 11:53:48.979,-0.003837
2020/01/09 11:53:49.080,0.013456
2020/01/09 11:53:49.180,-0.002215
2020/01/09 11:53:49.281,-0.000600
2020/01/09 11:53:49.381,-0.006395
2020/01/09 11:53:49.481,-0.011005
2020/01/09 11:53:49.581,-0.004661
2020/01/09 11:53:49.682,-0.010079
2020/01/09 11:53:49.782,-0.010923
2020/01/09 11:53:49.883,0.000104
2020/01/09 11:53:49.983,0.004280
2020/01/09 11:53:50.084,0.009300
2020/01/09 11:53:50.184,-0.005602
2020/01/09 11:53:50.284,0.001315
2020/01/09 11:53:50.385,0.001080
2020/01/09 11:53:50.485,0.003676
2020/01/09 11:53:50.586,-0.000043
2020/01/09 11:53:50.686,-0.001215
2020/01/09 11:53:50.786,-0.003951
2020/01/09 11:53:50.887,-0.006212
2020/01/09 11:53:50.987,-0.004608
2020/01/09 11:53:51.088,-0.006419
2020/01/09 11:53:51.188,-0.003737
2020/01/09 11:53:51.288,-0.005188
2020/01/09 11:53:51.389,-0.011495
2020/01/09 11:53:51.490,-0.003484
2020/01/09 11:53:51.590,0.000013
2020/01/09 11:53:51.690,0.006795
2020/01/09 11:53:51.790,-0.002920
2020/01/09 11:53:51.891,-0.004785
2020/01/09 11:53:51.991,-0.005062
2020/01/09 11:53:52.092,0.004663
2020/01/09 11:53:52.192,0.017109
2020/01/09 11:53:52.292,0.000622
2020/01/09 11:53:52.393,0.001733
2020/01/09 11:53:52.493,-0.003315
2020/01/09 11:53:52.594,-0.005416
2020/01/09 11:53:52.694,-0.004099
2020/01/09 11:53:52.794,-0.007158
2020/01/09 11:53:52.895,-0.010325
2020/01/09 11:53:52.995,-0.005803
2020/01/09 11:53:53.096,0.001996
2020/01/09 11:53:53.196,0.000358
2020/01/09 11:53:53.296,0.000389
2020/01/09 11:53:53.397,0.002887
2020/01/09 11:53:53.497,0.004654
2020/01/09 11:53:53.598,-0.003977
2020/01/09 11:53:53.698,0.006157
2020/01/09 11:53:53.798,-0.005290
2020/01/09 11:53:53.899,0.002551
2020/01/09 11:53:53.999,-0.001055
2020/01/09 11:53:54.100,-0.000794
2020/01/09 11:53:54.200,-0.002029
2020/01/09 11:53:54.301,0.000034
2020/01/09 11:53:54.401,0.028438
2020/01/09 11:53:54.501,-0.005805
2020/01/09 11:53:54.602,-0.002816
2020/01/09 11:53:54.702,-0.001358
2020/01/09 11:53:54.803,0.009058
2020/01/09 11:53:54.903,0.002162
2020/01/09 11:53:55.004,-0.037719
2020/01/09 11:53:55.104,-0.029309
2020/01/09 11:53:55.204,0.012056
2020/01/09 11:53:55.305,0.012169
2020/01/09 11:53:55.405,-0.014825
2020/01/09 11:53:55.506,-0.006955
2020/01/09 11:53:55.606,0.013352
2020/01/09 11:53:55.706,-0.000353
2020/01/09 11:53:55.807,-0.010372
2020/01/09 11:53:55.907,-0.016699
2020/01/09 11:53:56.008,-0.000853
2020/01/09 11:53:56.108,-0.003463
2020/01/09 11:53:56.209,-0.009293
2020/01/09 11:53:56.309,-0.006400
2020/01/09 11:53:56.409,0.000022
2020/01/09 11:53:56.510,-0.000706
2020/01/09 11:53:56.610,-0.003438
2020/01/09 11:53:56.710,-0.014297
2020/01/09 11:53:56.811,-0.001712
2020/01/09 11:53:56.911,0.002034
2020/01/09 11:53:57.012,-0.015312
2020/01/09 11:53:57.112,0.000427
2020/01/09 11:53:57.212,-0.005751
2020/01/09 11:53:57.313,0.001392
2020/01/09 11:53:57.413,0.002743
2020/01/09 11:53:57.514,0.008849
2020/01/09 11:53:57.614,-0.002279
2020/01/09 11:53:57.714,0.011760
2020/01/09 11:53:57.815,-0.002491
2020/01/09 11:53:57.915,-0.002209
2020/01/09 11:53:58.016,-0.016564
2020/01/09 11:53:58.116,0.013467
2020/01/09 11:53:58.217,-0.007213
2020/01/09 11:53:58.317,-0.000850
2020/01/09 11:53:58.417,0.013166
2020/01/09 11:53:58.517,0.013680
2020/01/09 11:53:58.618,-0.005062
2020/01/09 11:53:58.718,-0.006132
2020/01/09 11:53:58.819,0.011219
2020/01/09 11:53:58.919,0.019165
2020/01/09 11:53:59.020,-0.007189
2020/01/09 11:53:59.120,0.009841
2020/01/09 11:53:59.221,0.005287
2020/01/09 11:53:59.321,-0.004060
2020/01/09 11:53:59.421,-0.007538
2020/01/09 11:53:59.522,-0.006726
2020/01/09 11:53:59.622,0.000975
2020/01/09 11:53:59.723,-0.013803
2020/01/09 11:53:59.823,0.004642
2020/01/09 11:53:59.923,-0.001542
2020/01/09 11:54:00.024,0.000852
2020/01/09 11:54:00.124,0.002041
2020/01/09 11:54:00.225,-0.003285
2020/01/09 11:54:00.325,-0.002757
2020/01/09 11:54:00.425,-0.003552
2020/01/09 11:54:00.526,0.000890
2020/01/09 11:54:00.626,-0.005446
2020/01/09 11:54:00.727,0.004362
2020/01/09 11:54:00.827,0.004789
2020/01/09 11:54:00.927,-0.009793
2020/01/09 11:54:01.028,-0.014396
2020/01/09 11:54:01.128,-0.007242
2020/01/09 11:54:01.229,0.000875
2020/01/09 11:54:01.329,-0.003272
2020/01/09 11:54:01.429,-0.007627
2020/01/09 11:54:01.530,0.004471
2020/01/09 11:54:01.630,0.005889
2020/01/09 11:54:01.731,-0.002394
2020/01/09 11:54:01.831,0.005620
2020/01/09 11:54:01.931,-0.007762
2020/01/09 11:54:02.032,0.002938
2020/01/09 11:54:02.132,0.002227
2020/01/09 11:54:02.233,-0.004135
2020/01/09 11:54:02.333,-0.003146
2020/01/09 11:54:02.434,-0.000008
2020/01/09 11:54:02.534,-0.006998
2020/01/09 11:54:02.634,-0.008445
2020/01/09 11:54:02.735,-0.003201
2020/01/09 11:54:02.835,0.005048
2020/01/09 11:54:02.936,0.004651
2020/01/09 11:54:03.036,-0.006964
2020/01/09 11:54:03.136,0.007552
2020/01/09 11:54:03.237,0.008428
2020/01/09 11:54:03.337,0.007470
2020/01/09 11:54:03.438,0.002903
2020/01/09 11:54:03.538,-0.010810
2020/01/09 11:54:03.638,-0.008622
2020/01/09 11:54:03.739,-0.006011
2020/01/09 11:54:03.839,-0.001911
2020/01/09 11:54:03.940,-0.000649
2020/01/09 11:54:04.040,-0.001071
2020/01/09 11:54:04.141,-0.000708
2020/01/09 11:54:04.241,-0.008522
2020/01/09 11:54:04.341,-0.004881
2020/01/09 11:54:04.442,-0.010288
2020/01/09 11:54:04.542,-0.007900
2020/01/09 11:54:04.643,-0.001395
2020/01/09 11:54:04.743,-0.003377
2020/01/09 11:54:04.843,-0.009152
2020/01/09 11:54:04.944,0.001924
2020/01/09 11:54:05.044,-0.003050
2020/01/09 11:54:05.144,-0.005808
2020/01/09 11:54:05.245,-0.007449
2020/01/09 11:54:05.345,-0.003393
2020/01/09 11:54:05.446,-0.004481
2020/01/09 11:54:05.546,0.002108
2020/01/09 11:54:05.647,0.006924
2020/01/09 11:54:05.747,-0.003170
2020/01/09 11:54:05.847,0.007302
2020/01/09 11:54:05.948,-0.005728
2020/01/09 11:54:06.048,0.000177
2020/01/09 11:54:06.149,-0.001818
2020/01/09 11:54:06.249,-0.006355
2020/01/09 11:54:06.350,-0.006347
2020/01/09 11:54:06.450,-0.009501
2020/01/09 11:54:06.550,-0.001830
2020/01/09 11:54:06.651,-0.002469
2020/01/09 11:54:06.751,-0.004539
2020/01/09 11:54:06.851,-0.017303
2020/01/09 11:54:06.952,-0.015377
2020/01/09 11:54:07.052,0.021510
2020/01/09 11:54:07.153,-0.035223
2020/01/09 11:54:07.253,-0.052930
2020/01/09 11:54:07.353,-0.006625
2020/01/09 11:54:07.454,0.012230
2020/01/09 11:54:07.554,-0.021888
2020/01/09 11:54:07.655,-0.028778
2020/01/09 11:54:07.755,0.006654
2020/01/09 11:54:07.856,0.007614
2020/01/09 11:54:07.956,-0.007913
2020/01/09 11:54:08.056,-0.012694
2020/01/09 11:54:08.157,0.016823
2020/01/09 11:54:08.257,0.007564
2020/01/09 11:54:08.357,-0.019260
2020/01/09 11:54:08.458,-0.005646
2020/01/09 11:54:08.558,-0.008230
2020/01/09 11:54:08.659,0.007417
2020/01/09 11:54:08.759,-0.014382
2020/01/09 11:54:08.860,-0.010719
2020/01/09 11:54:08.960,-0.004398
2020/01/09 11:54:09.060,-0.002163
2020/01/09 11:54:09.161,0.000937
2020/01/09 11:54:09.261,0.006951
2020/01/09 11:54:09.362,-0.006108
2020/01/09 11:54:09.462,-0.005767
2020/01/09 11:54:09.562,-0.013237
2020/01/09 11:54:09.663,0.010240
2020/01/09 11:54:09.763,0.012610
2020/01/09 11:54:09.864,-0.020942
2020/01/09 11:54:09.964,-0.010003
2020/01/09 11:54:10.065,0.011077
2020/01/09 11:54:10.165,0.003376
2020/01/09 11:54:10.265,0.001737
2020/01/09 11:54:10.366,0.002101
2020/01/09 11:54:10.466,-0.013297
2020/01/09 11:54:10.566,0.001549
2020/01/09 11:54:10.667,-0.006528
2020/01/09 11:54:10.767,0.002580
2020/01/09 11:54:10.868,-0.003986
2020/01/09 11:54:10.968,-0.008320
2020/01/09 11:54:11.068,0.000118
2020/01/09 11:54:11.169,0.006312
2020/01/09 11:54:11.269,-0.010346
2020/01/09 11:54:11.370,0.006587
2020/01/09 11:54:11.470,-0.014746
2020/01/09 11:54:11.571,0.002494
2020/01/09 11:54:11.671,-0.011024
2020/01/09 11:54:11.771,-0.007371
2020/01/09 11:54:11.872,-0.000202
2020/01/09 11:54:11.972,-0.012681
2020/01/09 11:54:12.073,-0.009503
2020/01/09 11:54:12.173,-0.006079
2020/01/09 11:54:12.273,-0.003125
2020/01/09 11:54:12.374,-0.004873
2020/01/09 11:54:12.474,-0.000933
2020/01/09 11:54:12.575,-0.014583
2020/01/09 11:54:12.675,0.006100
2020/01/09 11:54:12.775,-0.006169
2020/01/09 11:54:12.876,-0.015403
2020/01/09 11:54:12.976,-0.002954
2020/01/09 11:54:13.077,-0.011859
2020/01/09 11:54:13.177,0.007769
2020/01/09 11:54:13.278,0.003035
2020/01/09 11:54:13.378,-0.003900
2020/01/09 11:54:13.478,-0.003946
2020/01/09 11:54:13.579,-0.004044
2020/01/09 11:54:13.679,-0.004336
2020/01/09 11:54:13.779,-0.008308
2020/01/09 11:54:13.880,-0.011074
2020/01/09 11:54:13.980,0.008041
2020/01/09 11:54:14.081,0.001872
2020/01/09 11:54:14.181,-0.029501
2020/01/09 11:54:14.282,0.019732
2020/01/09 11:54:14.382,-0.023739
2020/01/09 11:54:14.483,0.018175
2020/01/09 11:54:14.583,0.034686
2020/01/09 11:54:14.683,-0.030605
2020/01/09 11:54:14.784,-0.032562
2020/01/09 11:54:14.884,0.005389
2020/01/09 11:54:14.984,-0.025496
2020/01/09 11:54:15.085,0.009781
2020/01/09 11:54:15.185,0.007062
2020/01/09 11:54:15.286,-0.007233
2020/01/09 11:54:15.386,-0.006503
2020/01/09 11:54:15.486,0.007961
2020/01/09 11:54:15.587,-0.004002
2020/01/09 11:54:15.687,-0.004079
2020/01/09 11:54:15.788,-0.005597
2020/01/09 11:54:15.888,-0.005364
2020/01/09 11:54:15.988,-0.002854
2020/01/09 11:54:16.089,-0.009130
2020/01/09 11:54:16.189,0.030941
2020/01/09 11:54:16.290,-0.004276
2020/01/09 11:54:16.390,0.008830
2020/01/09 11:54:16.491,0.004575
2020/01/09 11:54:16.591,-0.019926
2020/01/09 11:54:16.691,0.014434
2020/01/09 11:54:16.792,-0.021607
2020/01/09 11:54:16.892,0.004149
2020/01/09 11:54:16.993,-0.011278
2020/01/09 11:54:17.093,-0.005575
2020/01/09 11:54:17.193,-0.019500
2020/01/09 11:54:17.294,0.001509
2020/01/09 11:54:17.394,0.010585
2020/01/09 11:54:17.495,-0.009051
2020/01/09 11:54:17.595,-0.013010
2020/01/09 11:54:17.695,0.007381
2020/01/09 11:54:17.796,0.026477
2020/01/09 11:54:17.896,-0.074994
2020/01/09 11:54:17.997,0.026811
2020/01/09 11:54:18.097,0.033693
2020/01/09 11:54:18.197,-0.045802
2020/01/09 11:54:18.298,0.001381
2020/01/09 11:54:18.398,0.019326
2020/01/09 11:54:18.499,0.010433
2020/01/09 11:54:18.599,-0.016729
2020/01/09 11:54:18.699,0.030247
2020/01/09 11:54:18.807,-0.016875
2020/01/09 11:54:18.900,0.006271
2020/01/09 11:54:19.001,-0.014455
2020/01/09 11:54:19.101,-0.040861
2020/01/09 11:54:19.201,0.024305
2020/01/09 11:54:19.302,0.041403
2020/01/09 11:54:19.402,0.070828
2020/01/09 11:54:19.503,0.004468
2020/01/09 11:54:19.603,0.048493
2020/01/09 11:54:19.704,-0.036225
2020/01/09 11:54:19.804,0.005100
2020/01/09 11:54:19.904,-0.022296
2020/01/09 11:54:20.005,-0.064959
2020/01/09 11:54:20.105,-0.044030
2020/01/09 11:54:20.205,0.064808
2020/01/09 11:54:20.306,0.003898
2020/01/09 11:54:20.406,-0.015932
2020/01/09 11:54:20.507,-0.028916
2020/01/09 11:54:20.607,0.018433
2020/01/09 11:54:20.708,-0.052558
2020/01/09 11:54:20.808,0.024037
2020/01/09 11:54:20.908,-0.001578
2020/01/09 11:54:21.009,-0.019402
2020/01/09 11:54:21.109,-0.008201
2020/01/09 11:54:21.210,0.044970
2020/01/09 11:54:21.310,-0.069735
2020/01/09 11:54:21.410,0.051532
2020/01/09 11:54:21.511,0.003290
2020/01/09 11:54:21.611,0.009264
2020/01/09 11:54:21.712,-0.015493
2020/01/09 11:54:21.812,0.001064
2020/01/09 11:54:21.912,-0.009750
2020/01/09 11:54:22.013,0.006700
2020/01/09 11:54:22.113,0.005983
2020/01/09 11:54:22.214,0.001215
2020/01/09 11:54:22.314,-0.007160
2020/01/09 11:54:22.414,0.011397
2020/01/09 11:54:22.515,0.004556
2020/01/09 11:54:22.615,-0.009646
2020/01/09 11:54:22.716,0.009491
2020/01/09 11:54:22.816,-0.023988
2020/01/09 11:54:22.916,0.017313
2020/01/09 11:54:23.017,0.007108
2020/01/09 11:54:23.117,0.003759
2020/01/09 11:54:23.218,-0.007714
2020/01/09 11:54:23.318,0.001741
2020/01/09 11:54:23.419,-0.002488
2020/01/09 11:54:23.519,0.000623
2020/01/09 11:54:23.619,-0.001384
2020/01/09 11:54:23.720,0.010500
2020/01/09 11:54:23.820,-0.015843
2020/01/09 11:54:23.921,-0.022066
2020/01/09 11:54:24.021,-0.036197
2020/01/09 11:54:24.121,-0.053393
2020/01/09 11:54:24.222,0.023702
2020/01/09 11:54:24.322,-0.034787
2020/01/09 11:54:24.423,-0.037806
2020/01/09 11:54:24.523,0.003545
2020/01/09 11:54:24.623,-0.051731
2020/01/09 11:54:24.724,-0.072094
2020/01/09 11:54:24.824,-0.042901
2020/01/09 11:54:24.925,-0.013235
2020/01/09 11:54:25.025,-0.000874
2020/01/09 11:54:25.125,-0.008398
2020/01/09 11:54:25.226,-0.013639
2020/01/09 11:54:25.326,-0.011622
2020/01/09 11:54:25.427,0.037812
2020/01/09 11:54:25.527,0.012727
2020/01/09 11:54:25.628,-0.018234
2020/01/09 11:54:25.728,-0.032097
2020/01/09 11:54:25.828,-0.027656
2020/01/09 11:54:25.929,-0.008095
2020/01/09 11:54:26.029,0.010871
2020/01/09 11:54:26.130,0.022517
2020/01/09 11:54:26.230,-0.005823
2020/01/09 11:54:26.330,0.003777
2020/01/09 11:54:26.431,-0.004294
2020/01/09 11:54:26.531,0.009539
2020/01/09 11:54:26.632,-0.006814
2020/01/09 11:54:26.732,-0.015215
2020/01/09 11:54:26.832,0.010564
2020/01/09 11:54:26.933,0.002589
2020/01/09 11:54:27.033,-0.000494
2020/01/09 11:54:27.134,-0.013037
2020/01/09 11:54:27.234,-0.000357
2020/01/09 11:54:27.334,0.000231
2020/01/09 11:54:27.435,0.009150
2020/01/09 11:54:27.535,-0.002555
2020/01/09 11:54:27.636,0.002588
2020/01/09 11:54:27.736,0.000835
2020/01/09 11:54:27.836,-0.002780
2020/01/09 11:54:27.937,-0.013159
2020/01/09 11:54:28.037,0.008715
2020/01/09 11:54:28.138,0.027494
2020/01/09 11:54:28.238,-0.001516
2020/01/09 11:54:28.338,0.012418
2020/01/09 11:54:28.439,-0.041154
2020/01/09 11:54:28.539,-0.005345
2020/01/09 11:54:28.640,-0.014892
2020/01/09 11:54:28.740,-0.005964
2020/01/09 11:54:28.840,0.008244
2020/01/09 11:54:28.941,0.000720
2020/01/09 11:54:29.041,-0.001854
2020/01/09 11:54:29.142,-0.006411
2020/01/09 11:54:29.242,0.003411
2020/01/09 11:54:29.342,-0.015227
2020/01/09 11:54:29.443,-0.013762
2020/01/09 11:54:29.543,-0.001070
2020/01/09 11:54:29.644,-0.007862
2020/01/09 11:54:29.744,-0.006346
2020/01/09 11:54:29.845,0.002807
2020/01/09 11:54:29.945,-0.009770
2020/01/09 11:54:30.045,-0.016298
2020/01/09 11:54:30.146,0.003473
2020/01/09 11:54:30.246,-0.002433
2020/01/09 11:54:30.346,0.011649
2020/01/09 11:54:30.447,-0.007711
2020/01/09 11:54:30.547,0.018045
2020/01/09 11:54:30.648,-0.012174
2020/01/09 11:54:30.748,-0.001423
2020/01/09 11:54:30.849,0.005602
2020/01/09 11:54:30.949,0.032066
2020/01/09 11:54:31.049,0.027616
2020/01/09 11:54:31.150,-0.000258
2020/01/09 11:54:31.250,-0.018014
2020/01/09 11:54:31.350,0.008096
2020/01/09 11:54:31.451,0.007526
2020/01/09 11:54:31.552,0.000710
2020/01/09 11:54:31.652,-0.026463
2020/01/09 11:54:31.752,-0.013307
2020/01/09 11:54:31.853,-0.024101
2020/01/09 11:54:31.953,0.004826
2020/01/09 11:54:32.053,0.014421
2020/01/09 11:54:32.154,0.007954
2020/01/09 11:54:32.255,0.007179
2020/01/09 11:54:32.355,0.009993
2020/01/09 11:54:32.455,0.008910
2020/01/09 11:54:32.556,-0.011922
2020/01/09 11:54:32.656,0.001235
2020/01/09 11:54:32.756,-0.012253
2020/01/09 11:54:32.857,0.023015
2020/01/09 11:54:32.957,-0.019928
2020/01/09 11:54:33.058,-0.004486
2020/01/09 11:54:33.158,-0.030719
2020/01/09 11:54:33.258,0.012812
2020/01/09 11:54:33.359,0.014851
2020/01/09 11:54:33.459,0.062303
2020/01/09 11:54:33.560,0.004930
2020/01/09 11:54:33.660,-0.010004
2020/01/09 11:54:33.760,0.050943
2020/01/09 11:54:33.861,0.023740
2020/01/09 11:54:33.961,-0.007305
2020/01/09 11:54:34.062,-0.016568
2020/01/09 11:54:34.162,0.003613
2020/01/09 11:54:34.263,0.021337
2020/01/09 11:54:34.364,-0.003897
2020/01/09 11:54:34.463,0.013754
2020/01/09 11:54:34.564,0.007662
2020/01/09 11:54:34.664,-0.019328
2020/01/09 11:54:34.765,-0.040299
2020/01/09 11:54:34.865,-0.036206
2020/01/09 11:54:34.965,-0.012837
2020/01/09 11:54:35.066,-0.004326
2020/01/09 11:54:35.166,-0.005887
2020/01/09 11:54:35.266,-0.015945
2020/01/09 11:54:35.367,-0.016384
2020/01/09 11:54:35.467,0.008771
2020/01/09 11:54:35.568,0.016297
2020/01/09 11:54:35.668,-0.064675
2020/01/09 11:54:35.769,0.057283
2020/01/09 11:54:35.869,-0.063794
2020/01/09 11:54:35.969,-0.063790
2020/01/09 11:54:36.070,-0.029859
2020/01/09 11:54:36.170,0.007468
2020/01/09 11:54:36.271,-0.021449
2020/01/09 11:54:36.371,-0.050911
2020/01/09 11:54:36.471,-0.043746
2020/01/09 11:54:36.572,-0.015297
2020/01/09 11:54:36.672,-0.002130
2020/01/09 11:54:36.773,0.019196
2020/01/09 11:54:36.873,-0.026587
2020/01/09 11:54:36.973,0.000626
2020/01/09 11:54:37.074,-0.038484
2020/01/09 11:54:37.174,-0.008795
2020/01/09 11:54:37.275,0.004539
2020/01/09 11:54:37.375,-0.012460
2020/01/09 11:54:37.475,-0.017993
2020/01/09 11:54:37.576,-0.031364
2020/01/09 11:54:37.676,0.012619
2020/01/09 11:54:37.777,0.003407
2020/01/09 11:54:37.877,-0.002868
2020/01/09 11:54:37.978,-0.008138
2020/01/09 11:54:38.078,-0.002256
2020/01/09 11:54:38.178,-0.000317
2020/01/09 11:54:38.279,0.015026
2020/01/09 11:54:38.379,0.027889
2020/01/09 11:54:38.480,0.011280
2020/01/09 11:54:38.580,-0.006480
2020/01/09 11:54:38.680,-0.002023
2020/01/09 11:54:38.781,0.001058
2020/01/09 11:54:38.881,-0.008148
2020/01/09 11:54:38.981,-0.007738
2020/01/09 11:54:39.082,-0.001198
2020/01/09 11:54:39.182,-0.000056
2020/01/09 11:54:39.283,0.003479
2020/01/09 11:54:39.383,0.006926
2020/01/09 11:54:39.484,0.008504
2020/01/09 11:54:39.584,-0.018004
2020/01/09 11:54:39.684,0.001727
2020/01/09 11:54:39.785,-0.004484
2020/01/09 11:54:39.885,0.021679
2020/01/09 11:54:39.986,-0.004596
2020/01/09 11:54:40.086,0.027969
2020/01/09 11:54:40.186,-0.022401
2020/01/09 11:54:40.287,0.010468
2020/01/09 11:54:40.387,0.039143
2020/01/09 11:54:40.488,0.019582
2020/01/09 11:54:40.588,0.038485
2020/01/09 11:54:40.689,0.034179
2020/01/09 11:54:40.789,-0.001011
2020/01/09 11:54:40.889,0.009239
2020/01/09 11:54:40.990,-0.001000
2020/01/09 11:54:41.090,-0.035138
2020/01/09 11:54:41.190,-0.012669
2020/01/09 11:54:41.291,-0.011040
2020/01/09 11:54:41.391,-0.005290
2020/01/09 11:54:41.492,0.002705
2020/01/09 11:54:41.592,-0.039453
2020/01/09 11:54:41.693,-0.016600
2020/01/09 11:54:41.793,-0.021725
2020/01/09 11:54:41.893,-0.003180
2020/01/09 11:54:41.994,-0.004622
2020/01/09 11:54:42.094,-0.025763
2020/01/09 11:54:42.195,0.001693
2020/01/09 11:54:42.295,0.016775
2020/01/09 11:54:42.396,-0.004653
2020/01/09 11:54:42.496,-0.007130
2020/01/09 11:54:42.596,-0.004786
2020/01/09 11:54:42.697,0.015299
2020/01/09 11:54:42.797,-0.010623
2020/01/09 11:54:42.898,0.030834
2020/01/09 11:54:42.998,-0.009018
2020/01/09 11:54:43.098,-0.035279
2020/01/09 11:54:43.198,-0.024652
2020/01/09 11:54:43.299,0.035918
2020/01/09 11:54:43.399,-0.002752
2020/01/09 11:54:43.500,-0.007163
2020/01/09 11:54:43.600,-0.001929
2020/01/09 11:54:43.701,-0.012839
2020/01/09 11:54:43.801,-0.007187
2020/01/09 11:54:43.902,-0.017652
2020/01/09 11:54:44.002,0.025827
2020/01/09 11:54:44.102,0.007213
2020/01/09 11:54:44.203,0.000085
2020/01/09 11:54:44.303,0.008369
2020/01/09 11:54:44.403,-0.014733
2020/01/09 11:54:44.504,0.006489
2020/01/09 11:54:44.604,-0.002420
2020/01/09 11:54:44.705,-0.016517
2020/01/09 11:54:44.805,0.003101
2020/01/09 11:54:44.906,0.011826
2020/01/09 11:54:45.006,0.025174
2020/01/09 11:54:45.106,-0.019250
2020/01/09 11:54:45.207,-0.023219
2020/01/09 11:54:45.307,-0.001443
2020/01/09 11:54:45.408,0.039528
2020/01/09 11:54:45.508,0.050616
2020/01/09 11:54:45.609,-0.005450
2020/01/09 11:54:45.709,-0.002888
2020/01/09 11:54:45.809,-0.007334
2020/01/09 11:54:45.910,-0.021458
2020/01/09 11:54:46.010,-0.032157
2020/01/09 11:54:46.110,0.018441
2020/01/09 11:54:46.211,0.000181
2020/01/09 11:54:46.311,-0.018118
2020/01/09 11:54:46.412,-0.006298
2020/01/09 11:54:46.512,0.008546
2020/01/09 11:54:46.613,0.006072
2020/01/09 11:54:46.713,0.012799
2020/01/09 11:54:46.813,0.002072
2020/01/09 11:54:46.914,0.008465
2020/01/09 11:54:47.014,-0.006712
2020/01/09 11:54:47.114,-0.006864
2020/01/09 11:54:47.215,0.007366
2020/01/09 11:54:47.315,-0.000753
2020/01/09 11:54:47.416,0.000195
2020/01/09 11:54:47.516,-0.022513
2020/01/09 11:54:47.617,-0.008129
2020/01/09 11:54:47.717,-0.015772
2020/01/09 11:54:47.817,0.006412
2020/01/09 11:54:47.918,-0.008668
2020/01/09 11:54:48.018,-0.013970
2020/01/09 11:54:48.119,-0.005448
2020/01/09 11:54:48.219,0.006973
2020/01/09 11:54:48.319,-0.011801
2020/01/09 11:54:48.420,-0.003149
2020/01/09 11:54:48.520,-0.015141
2020/01/09 11:54:48.621,-0.014305
2020/01/09 11:54:48.721,-0.013167
2020/01/09 11:54:48.822,-0.015626
2020/01/09 11:54:48.922,0.008014
2020/01/09 11:54:49.022,-0.001635
2020/01/09 11:54:49.123,0.015270
2020/01/09 11:54:49.223,0.015890
2020/01/09 11:54:49.323,-0.029594
2020/01/09 11:54:49.424,-0.008381
2020/01/09 11:54:49.524,0.005038
2020/01/09 11:54:49.625,0.023397
2020/01/09 11:54:49.725,0.015923
2020/01/09 11:54:49.826,-0.027345
2020/01/09 11:54:49.926,0.008587
2020/01/09 11:54:50.026,0.037230
2020/01/09 11:54:50.127,0.004208
2020/01/09 11:54:50.227,-0.020310
2020/01/09 11:54:50.328,-0.002923
2020/01/09 11:54:50.428,-0.013662
2020/01/09 11:54:50.528,0.020467
2020/01/09 11:54:50.629,-0.022730
2020/01/09 11:54:50.729,-0.005861
2020/01/09 11:54:50.829,0.026761
2020/01/09 11:54:50.930,0.055346
2020/01/09 11:54:51.030,-0.017973
2020/01/09 11:54:51.131,-0.029971
2020/01/09 11:54:51.231,-0.013773
2020/01/09 11:54:51.332,-0.006085
2020/01/09 11:54:51.432,0.066079
2020/01/09 11:54:51.532,0.017209
2020/01/09 11:54:51.633,-0.023430
2020/01/09 11:54:51.733,-0.057649
2020/01/09 11:54:51.834,-0.029930
2020/01/09 11:54:51.934,-0.054011
2020/01/09 11:54:52.034,-0.008373
2020/01/09 11:54:52.135,-0.034455
2020/01/09 11:54:52.235,-0.019737
2020/01/09 11:54:52.336,0.006429
2020/01/09 11:54:52.436,-0.009068
2020/01/09 11:54:52.536,0.014640
2020/01/09 11:54:52.637,0.003592
2020/01/09 11:54:52.737,0.018950
2020/01/09 11:54:52.838,0.037578
2020/01/09 11:54:52.938,-0.002091
2020/01/09 11:54:53.038,0.044838
2020/01/09 11:54:53.139,-0.028241
2020/01/09 11:54:53.239,0.025631
2020/01/09 11:54:53.340,-0.019505
2020/01/09 11:54:53.440,-0.046586
2020/01/09 11:54:53.541,-0.014734
2020/01/09 11:54:53.641,0.006717
2020/01/09 11:54:53.741,-0.022062
2020/01/09 11:54:53.842,-0.051835
2020/01/09 11:54:53.942,0.012606
2020/01/09 11:54:54.043,0.056710
2020/01/09 11:54:54.143,0.043022
2020/01/09 11:54:54.243,0.005256
2020/01/09 11:54:54.344,-0.012282
2020/01/09 11:54:54.444,0.050010
2020/01/09 11:54:54.545,-0.001608
2020/01/09 11:54:54.645,-0.057249
2020/01/09 11:54:54.745,-0.015272
2020/01/09 11:54:54.846,-0.042175
2020/01/09 11:54:54.946,0.027884
2020/01/09 11:54:55.047,0.009756
2020/01/09 11:54:55.147,0.000827
2020/01/09 11:54:55.247,-0.008731
2020/01/09 11:54:55.348,-0.034020
2020/01/09 11:54:55.448,0.022564
2020/01/09 11:54:55.549,0.013437
2020/01/09 11:54:55.649,0.014122
2020/01/09 11:54:55.749,-0.001965
2020/01/09 11:54:55.850,-0.011680
2020/01/09 11:54:55.950,-0.004119
2020/01/09 11:54:56.051,0.001072
2020/01/09 11:54:56.151,-0.002434
2020/01/09 11:54:56.251,0.014971
2020/01/09 11:54:56.352,0.005490
2020/01/09 11:54:56.452,-0.002841
2020/01/09 11:54:56.553,-0.003925
2020/01/09 11:54:56.653,0.010460
2020/01/09 11:54:56.753,-0.002548
2020/01/09 11:54:56.854,0.002828
2020/01/09 11:54:56.955,0.024060
2020/01/09 11:54:57.055,0.001019
2020/01/09 11:54:57.155,0.008233
2020/01/09 11:54:57.255,0.011542
2020/01/09 11:54:57.356,-0.000621
2020/01/09 11:54:57.457,-0.015958
2020/01/09 11:54:57.557,-0.006425
2020/01/09 11:54:57.657,-0.008895
2020/01/09 11:54:57.758,0.000464
2020/01/09 11:54:57.858,-0.003378
2020/01/09 11:54:57.958,-0.000691
2020/01/09 11:54:58.059,-0.000071
2020/01/09 11:54:58.159,0.019399
2020/01/09 11:54:58.259,0.003438
2020/01/09 11:54:58.360,-0.018294
2020/01/09 11:54:58.461,0.026587
2020/01/09 11:54:58.561,0.037467
2020/01/09 11:54:58.661,0.022436
2020/01/09 11:54:58.762,0.010311
2020/01/09 11:54:58.862,-0.001367
2020/01/09 11:54:58.963,0.029867
2020/01/09 11:54:59.063,0.041312
2020/01/09 11:54:59.163,0.002238
2020/01/09 11:54:59.264,-0.032682
2020/01/09 11:54:59.364,0.018150
2020/01/09 11:54:59.465,0.064269
2020/01/09 11:54:59.565,0.085036
2020/01/09 11:54:59.665,-0.017658
2020/01/09 11:54:59.766,-0.022655
2020/01/09 11:54:59.866,0.026695
2020/01/09 11:54:59.967,0.081562
2020/01/09 11:55:00.067,0.048439
2020/01/09 11:55:00.167,0.057579
2020/01/09 11:55:00.268,-0.699081
2020/01/09 11:55:00.368,0.300309
2020/01/09 11:55:00.469,-0.132602
2020/01/09 11:55:00.569,-0.348929
2020/01/09 11:55:00.669,-0.127757
2020/01/09 11:55:00.770,-0.292758
2020/01/09 11:55:00.870,0.261870
2020/01/09 11:55:00.979,-0.323785
2020/01/09 11:55:01.071,0.251328
2020/01/09 11:55:01.171,0.060780
2020/01/09 11:55:01.272,-0.257808
2020/01/09 11:55:01.373,-0.337266
2020/01/09 11:55:01.473,0.286797
2020/01/09 11:55:01.573,2.031817
2020/01/09 11:55:01.673,1.881679
2020/01/09 11:55:01.774,0.599331
2020/01/09 11:55:01.874,0.167701
2020/01/09 11:55:01.975,0.046860
2020/01/09 11:55:02.075,0.034023
2020/01/09 11:55:02.175,0.047323
2020/01/09 11:55:02.276,0.086389
2020/01/09 11:55:02.376,-0.093350
