2020/01/09 20:49:55.819,-0.611649
2020/01/09 20:49:55.915,-0.599197
2020/01/09 20:49:56.014,-0.623322
2020/01/09 20:49:56.114,-0.637070
2020/01/09 20:49:56.213,-0.615814
2020/01/09 20:49:56.313,-0.518906
2020/01/09 20:49:56.411,-0.475555
2020/01/09 20:49:56.512,-0.228455
2020/01/09 20:49:56.610,-0.153702
2020/01/09 20:49:56.711,0.028015
2020/01/09 20:49:56.809,-0.043076
2020/01/09 20:49:56.909,0.322479
2020/01/09 20:49:57.008,-0.269241
2020/01/09 20:49:57.108,-0.255737
2020/01/09 20:49:57.207,0.002472
2020/01/09 20:49:57.307,0.108276
2020/01/09 20:49:57.405,0.342773
2020/01/09 20:49:57.506,0.348328
2020/01/09 20:49:57.604,0.239014
2020/01/09 20:49:57.705,0.298508
2020/01/09 20:49:57.803,0.489212
2020/01/09 20:49:57.904,0.567963
2020/01/09 20:49:58.001,0.455826
2020/01/09 20:49:58.102,0.343231
2020/01/09 20:49:58.200,0.380737
2020/01/09 20:49:58.301,0.463684
2020/01/09 20:49:58.399,0.494064
2020/01/09 20:49:58.500,0.465195
2020/01/09 20:49:58.598,0.343369
2020/01/09 20:49:58.699,0.383789
2020/01/09 20:49:58.797,0.489838
2020/01/09 20:49:58.897,0.351913
2020/01/09 20:49:58.995,0.393234
2020/01/09 20:49:59.096,0.389847
2020/01/09 20:49:59.194,0.352264
2020/01/09 20:49:59.295,0.529694
2020/01/09 20:49:59.393,0.601852
2020/01/09 20:49:59.494,0.428986
2020/01/09 20:49:59.592,0.001007
2020/01/09 20:49:59.692,-0.329971
2020/01/09 20:49:59.791,-0.014908
2020/01/09 20:49:59.891,0.269531
2020/01/09 20:49:59.989,0.375046
2020/01/09 20:50:00.090,0.144394
2020/01/09 20:50:00.188,-0.034073
2020/01/09 20:50:00.289,0.181244
2020/01/09 20:50:00.387,0.204880
2020/01/09 20:50:00.488,0.225677
2020/01/09 20:50:00.586,0.552765
2020/01/09 20:50:00.686,0.363983
2020/01/09 20:50:00.784,0.365738
2020/01/09 20:50:00.885,0.256561
2020/01/09 20:50:00.983,0.191376
2020/01/09 20:50:01.084,0.139511
2020/01/09 20:50:01.182,0.305023
2020/01/09 20:50:01.283,0.291550
2020/01/09 20:50:01.381,0.287018
2020/01/09 20:50:01.481,0.307327
2020/01/09 20:50:01.580,0.333633
2020/01/09 20:50:01.680,0.521973
2020/01/09 20:50:01.778,0.462158
2020/01/09 20:50:01.879,0.186829
2020/01/09 20:50:01.977,0.066025
2020/01/09 20:50:02.078,0.337784
2020/01/09 20:50:02.176,0.292633
2020/01/09 20:50:02.277,0.289200
2020/01/09 20:50:02.375,0.013443
2020/01/09 20:50:02.475,0.428848
2020/01/09 20:50:02.574,0.371948
2020/01/09 20:50:02.674,0.372147
2020/01/09 20:50:02.772,0.422165
2020/01/09 20:50:02.873,0.338791
2020/01/09 20:50:02.971,0.191467
2020/01/09 20:50:03.072,-0.103775
2020/01/09 20:50:03.170,-0.380081
2020/01/09 20:50:03.270,0.060394
2020/01/09 20:50:03.369,-0.078354
2020/01/09 20:50:03.469,0.240845
2020/01/09 20:50:03.568,0.492371
2020/01/09 20:50:03.668,0.450241
2020/01/09 20:50:03.766,0.216415
2020/01/09 20:50:03.867,0.013275
2020/01/09 20:50:03.965,0.467392
2020/01/09 20:50:04.066,0.363647
2020/01/09 20:50:04.164,0.117706
2020/01/09 20:50:04.264,0.427185
2020/01/09 20:50:04.363,0.626236
2020/01/09 20:50:04.463,0.381546
2020/01/09 20:50:04.561,0.253326
2020/01/09 20:50:04.662,0.153992
2020/01/09 20:50:04.760,-0.023895
2020/01/09 20:50:04.861,0.448196
2020/01/09 20:50:04.959,0.359772
2020/01/09 20:50:05.060,0.334869
2020/01/09 20:50:05.158,0.290588
2020/01/09 20:50:05.258,0.201309
2020/01/09 20:50:05.356,0.548477
2020/01/09 20:50:05.457,0.849228
2020/01/09 20:50:05.555,0.501541
2020/01/09 20:50:05.656,0.179016
2020/01/09 20:50:05.754,0.241440
2020/01/09 20:50:05.855,0.094666
2020/01/09 20:50:05.953,0.534622
2020/01/09 20:50:06.053,0.396866
2020/01/09 20:50:06.152,0.189484
2020/01/09 20:50:06.252,0.283707
2020/01/09 20:50:06.350,0.210541
2020/01/09 20:50:06.451,0.396637
2020/01/09 20:50:06.550,0.754120
2020/01/09 20:50:06.650,0.309952
2020/01/09 20:50:06.748,0.171539
2020/01/09 20:50:06.849,0.219193
2020/01/09 20:50:06.947,0.166321
2020/01/09 20:50:07.047,0.484940
2020/01/09 20:50:07.145,0.333084
2020/01/09 20:50:07.246,0.243790
2020/01/09 20:50:07.344,0.290085
2020/01/09 20:50:07.445,0.177338
2020/01/09 20:50:07.543,0.159760
2020/01/09 20:50:07.644,0.357635
2020/01/09 20:50:07.742,0.561218
2020/01/09 20:50:07.842,0.394363
2020/01/09 20:50:07.941,0.198242
2020/01/09 20:50:08.041,0.327805
2020/01/09 20:50:08.140,0.061310
2020/01/09 20:50:08.240,0.103348
2020/01/09 20:50:08.338,0.129852
2020/01/09 20:50:08.439,0.311417
2020/01/09 20:50:08.537,0.237198
2020/01/09 20:50:08.638,0.142273
2020/01/09 20:50:08.736,0.084412
2020/01/09 20:50:08.836,0.062714
2020/01/09 20:50:08.935,0.035233
2020/01/09 20:50:09.035,0.194290
2020/01/09 20:50:09.133,0.392929
2020/01/09 20:50:09.234,0.222931
2020/01/09 20:50:09.332,0.096268
2020/01/09 20:50:09.433,0.043503
2020/01/09 20:50:09.531,-0.058807
2020/01/09 20:50:09.631,-0.061127
2020/01/09 20:50:09.730,0.188080
2020/01/09 20:50:09.830,0.203308
2020/01/09 20:50:09.928,0.030411
2020/01/09 20:50:10.029,0.111755
2020/01/09 20:50:10.127,-0.026642
2020/01/09 20:50:10.228,0.560516
2020/01/09 20:50:10.326,0.437439
2020/01/09 20:50:10.426,0.306610
2020/01/09 20:50:10.525,0.202560
2020/01/09 20:50:10.625,0.055283
2020/01/09 20:50:10.723,0.023804
2020/01/09 20:50:10.824,0.507263
2020/01/09 20:50:10.922,0.401627
2020/01/09 20:50:11.024,0.194031
2020/01/09 20:50:11.121,0.227280
2020/01/09 20:50:11.222,0.185883
2020/01/09 20:50:11.320,0.319092
2020/01/09 20:50:11.420,0.519211
2020/01/09 20:50:11.519,0.542007
2020/01/09 20:50:11.619,0.203094
2020/01/09 20:50:11.717,0.104889
2020/01/09 20:50:11.818,0.149597
2020/01/09 20:50:11.916,0.026489
2020/01/09 20:50:12.017,0.095184
2020/01/09 20:50:12.115,0.393463
2020/01/09 20:50:12.215,0.156250
2020/01/09 20:50:12.314,0.179199
2020/01/09 20:50:12.414,0.136002
2020/01/09 20:50:12.513,0.552231
2020/01/09 20:50:12.613,0.596069
2020/01/09 20:50:12.711,0.257187
2020/01/09 20:50:12.812,0.164963
2020/01/09 20:50:12.910,0.073822
2020/01/09 20:50:13.011,0.059998
2020/01/09 20:50:13.109,0.367661
2020/01/09 20:50:13.209,0.312073
2020/01/09 20:50:13.308,0.096817
2020/01/09 20:50:13.408,0.022095
2020/01/09 20:50:13.506,0.042969
2020/01/09 20:50:13.607,-0.042603
2020/01/09 20:50:13.705,0.078751
2020/01/09 20:50:13.806,0.324020
2020/01/09 20:50:13.904,0.204605
2020/01/09 20:50:14.005,0.071060
2020/01/09 20:50:14.103,-0.029739
2020/01/09 20:50:14.203,-0.068787
2020/01/09 20:50:14.301,-0.123520
2020/01/09 20:50:14.402,0.013000
2020/01/09 20:50:14.500,0.056290
2020/01/09 20:50:14.601,0.075241
2020/01/09 20:50:14.699,0.102661
2020/01/09 20:50:14.800,0.117386
2020/01/09 20:50:14.898,0.057480
2020/01/09 20:50:14.998,0.319473
2020/01/09 20:50:15.097,0.547241
2020/01/09 20:50:15.197,0.166779
2020/01/09 20:50:15.295,0.116608
2020/01/09 20:50:15.396,0.135773
2020/01/09 20:50:15.494,0.115417
2020/01/09 20:50:15.595,0.036026
2020/01/09 20:50:15.693,0.312317
2020/01/09 20:50:15.793,0.624252
2020/01/09 20:50:15.892,0.247940
2020/01/09 20:50:15.992,0.088928
2020/01/09 20:50:16.091,0.152115
2020/01/09 20:50:16.191,0.176392
2020/01/09 20:50:16.289,0.229935
2020/01/09 20:50:16.390,0.145950
2020/01/09 20:50:16.488,0.199188
2020/01/09 20:50:16.589,0.427094
2020/01/09 20:50:16.687,0.331589
2020/01/09 20:50:16.787,0.140442
2020/01/09 20:50:16.886,0.130219
2020/01/09 20:50:16.986,0.151215
2020/01/09 20:50:17.084,0.006866
2020/01/09 20:50:17.185,-0.099503
2020/01/09 20:50:17.283,0.314178
2020/01/09 20:50:17.384,0.369080
2020/01/09 20:50:17.482,0.078415
2020/01/09 20:50:17.582,0.243179
2020/01/09 20:50:17.681,0.149155
2020/01/09 20:50:17.781,0.107727
2020/01/09 20:50:17.879,0.247757
2020/01/09 20:50:17.980,0.435776
2020/01/09 20:50:18.078,0.524933
2020/01/09 20:50:18.179,0.514130
2020/01/09 20:50:18.277,0.154404
2020/01/09 20:50:18.378,0.067947
2020/01/09 20:50:18.476,0.052765
2020/01/09 20:50:18.576,0.277115
2020/01/09 20:50:18.675,0.118347
2020/01/09 20:50:18.775,0.175400
2020/01/09 20:50:18.873,0.073181
2020/01/09 20:50:18.974,0.000031
2020/01/09 20:50:19.072,0.016357
2020/01/09 20:50:19.173,0.129852
2020/01/09 20:50:19.271,0.431946
2020/01/09 20:50:19.372,0.371201
2020/01/09 20:50:19.470,0.120132
2020/01/09 20:50:19.570,0.041809
2020/01/09 20:50:19.668,0.105453
2020/01/09 20:50:19.769,0.012070
2020/01/09 20:50:19.867,-0.002380
2020/01/09 20:50:19.968,0.252029
2020/01/09 20:50:20.066,0.173889
2020/01/09 20:50:20.167,0.053955
2020/01/09 20:50:20.265,0.214905
2020/01/09 20:50:20.365,0.419037
2020/01/09 20:50:20.463,0.593628
2020/01/09 20:50:20.564,0.348099
2020/01/09 20:50:20.662,0.110855
2020/01/09 20:50:20.763,0.020752
2020/01/09 20:50:20.861,-0.056992
2020/01/09 20:50:20.962,0.195633
2020/01/09 20:50:21.060,0.354721
2020/01/09 20:50:21.160,0.068436
2020/01/09 20:50:21.259,0.077606
2020/01/09 20:50:21.359,0.274399
2020/01/09 20:50:21.457,0.246506
2020/01/09 20:50:21.558,0.485428
2020/01/09 20:50:21.656,0.475845
2020/01/09 20:50:21.757,0.141785
2020/01/09 20:50:21.855,0.080597
2020/01/09 20:50:21.956,-0.011444
2020/01/09 20:50:22.054,0.031403
2020/01/09 20:50:22.154,-0.057449
2020/01/09 20:50:22.252,0.172119
2020/01/09 20:50:22.353,0.076309
2020/01/09 20:50:22.451,0.135193
2020/01/09 20:50:22.552,0.081589
2020/01/09 20:50:22.650,-0.033997
2020/01/09 20:50:22.751,0.340530
2020/01/09 20:50:22.849,0.333130
2020/01/09 20:50:22.949,0.293793
2020/01/09 20:50:23.048,0.082611
2020/01/09 20:50:23.148,0.146255
2020/01/09 20:50:23.246,0.019150
2020/01/09 20:50:23.347,-0.084061
2020/01/09 20:50:23.445,0.171097
2020/01/09 20:50:23.546,-0.078156
2020/01/09 20:50:23.644,0.054535
2020/01/09 20:50:23.744,0.125259
2020/01/09 20:50:23.843,-0.007645
2020/01/09 20:50:23.943,-0.001785
2020/01/09 20:50:24.041,0.179337
2020/01/09 20:50:24.142,0.327469
2020/01/09 20:50:24.241,0.126511
2020/01/09 20:50:24.341,-0.307877
2020/01/09 20:50:24.439,0.788574
2020/01/09 20:50:24.540,-0.090805
2020/01/09 20:50:24.638,-0.396667
2020/01/09 20:50:24.738,-0.056320
2020/01/09 20:50:24.837,0.055054
2020/01/09 20:50:24.937,-0.135361
2020/01/09 20:50:25.035,-0.126678
2020/01/09 20:50:25.136,-0.306763
2020/01/09 20:50:25.234,-0.090485
2020/01/09 20:50:25.335,0.143524
2020/01/09 20:50:25.433,0.012863
2020/01/09 20:50:25.533,0.042282
2020/01/09 20:50:25.632,-0.203659
2020/01/09 20:50:25.732,-0.364807
2020/01/09 20:50:25.830,-0.056335
2020/01/09 20:50:25.931,0.040771
2020/01/09 20:50:26.029,0.131668
2020/01/09 20:50:26.130,0.046066
2020/01/09 20:50:26.228,0.109940
2020/01/09 20:50:26.328,0.366959
2020/01/09 20:50:26.427,0.732010
2020/01/09 20:50:26.527,0.121689
2020/01/09 20:50:26.625,0.118439
2020/01/09 20:50:26.726,0.015732
2020/01/09 20:50:26.824,-0.004181
2020/01/09 20:50:26.925,0.467819
2020/01/09 20:50:27.023,0.317719
2020/01/09 20:50:27.123,0.243942
2020/01/09 20:50:27.222,0.257111
2020/01/09 20:50:27.322,0.311340
2020/01/09 20:50:27.421,0.432831
2020/01/09 20:50:27.521,0.783264
2020/01/09 20:50:27.619,0.391586
2020/01/09 20:50:27.720,0.173462
2020/01/09 20:50:27.818,0.239090
2020/01/09 20:50:27.919,0.027161
2020/01/09 20:50:28.017,0.578629
2020/01/09 20:50:28.117,0.251877
2020/01/09 20:50:28.216,0.426361
2020/01/09 20:50:28.316,0.235855
2020/01/09 20:50:28.414,0.200684
2020/01/09 20:50:28.515,0.266449
2020/01/09 20:50:28.613,0.550003
2020/01/09 20:50:28.714,0.546280
2020/01/09 20:50:28.812,0.321869
2020/01/09 20:50:28.912,0.152374
2020/01/09 20:50:29.011,0.089111
2020/01/09 20:50:29.111,-0.008057
2020/01/09 20:50:29.209,0.561691
2020/01/09 20:50:29.310,0.242096
2020/01/09 20:50:29.408,0.181793
2020/01/09 20:50:29.509,0.039612
2020/01/09 20:50:29.607,0.213394
2020/01/09 20:50:29.708,0.478653
2020/01/09 20:50:29.806,0.345154
2020/01/09 20:50:29.906,0.368729
2020/01/09 20:50:30.005,0.295532
2020/01/09 20:50:30.105,0.347473
2020/01/09 20:50:30.203,0.200775
2020/01/09 20:50:30.304,0.230896
2020/01/09 20:50:30.402,0.289734
2020/01/09 20:50:30.503,0.306000
2020/01/09 20:50:30.601,0.278915
2020/01/09 20:50:30.701,0.050110
2020/01/09 20:50:30.800,0.135391
2020/01/09 20:50:30.900,0.118668
2020/01/09 20:50:30.998,0.122116
2020/01/09 20:50:31.099,0.192932
2020/01/09 20:50:31.197,0.289429
2020/01/09 20:50:31.298,0.397354
2020/01/09 20:50:31.396,0.285034
2020/01/09 20:50:31.497,0.482651
2020/01/09 20:50:31.595,0.250122
2020/01/09 20:50:31.695,-0.002411
2020/01/09 20:50:31.794,0.323227
2020/01/09 20:50:31.894,0.515091
2020/01/09 20:50:31.992,0.378616
2020/01/09 20:50:32.093,0.262802
2020/01/09 20:50:32.191,0.332138
2020/01/09 20:50:32.292,0.362396
2020/01/09 20:50:32.390,0.588074
2020/01/09 20:50:32.490,0.733719
2020/01/09 20:50:32.589,0.573898
2020/01/09 20:50:32.689,0.470200
2020/01/09 20:50:32.787,0.338394
2020/01/09 20:50:32.888,0.119476
2020/01/09 20:50:32.986,0.213455
2020/01/09 20:50:33.087,0.581772
2020/01/09 20:50:33.185,0.519775
2020/01/09 20:50:33.285,0.391937
2020/01/09 20:50:33.384,0.224487
2020/01/09 20:50:33.484,0.272812
2020/01/09 20:50:33.583,0.320740
2020/01/09 20:50:33.683,0.525894
2020/01/09 20:50:33.781,0.614273
2020/01/09 20:50:33.882,0.494141
2020/01/09 20:50:33.980,0.301331
2020/01/09 20:50:34.081,0.451874
2020/01/09 20:50:34.179,0.189667
2020/01/09 20:50:34.279,0.056290
2020/01/09 20:50:34.378,0.177399
2020/01/09 20:50:34.478,0.442154
2020/01/09 20:50:34.576,0.243805
2020/01/09 20:50:34.677,0.252960
2020/01/09 20:50:34.775,0.224869
2020/01/09 20:50:34.876,0.228760
2020/01/09 20:50:34.974,0.434174
2020/01/09 20:50:35.074,0.617920
2020/01/09 20:50:35.173,0.414291
2020/01/09 20:50:35.273,0.176880
2020/01/09 20:50:35.371,0.038712
2020/01/09 20:50:35.472,-0.059326
2020/01/09 20:50:35.570,0.469620
2020/01/09 20:50:35.671,0.264008
2020/01/09 20:50:35.769,0.233780
2020/01/09 20:50:35.869,0.056381
2020/01/09 20:50:35.968,0.101303
2020/01/09 20:50:36.068,0.008118
2020/01/09 20:50:36.166,0.390030
2020/01/09 20:50:36.267,0.554245
2020/01/09 20:50:36.365,0.397644
2020/01/09 20:50:36.466,0.213364
2020/01/09 20:50:36.564,0.383881
2020/01/09 20:50:36.664,0.171616
2020/01/09 20:50:36.762,0.215561
2020/01/09 20:50:36.863,0.001450
2020/01/09 20:50:36.961,0.284622
2020/01/09 20:50:37.062,0.500580
2020/01/09 20:50:37.161,0.352386
2020/01/09 20:50:37.261,0.033203
2020/01/09 20:50:37.359,0.219482
2020/01/09 20:50:37.460,0.178772
2020/01/09 20:50:37.558,0.102585
2020/01/09 20:50:37.658,0.073654
2020/01/09 20:50:37.757,0.359177
2020/01/09 20:50:37.857,0.446991
2020/01/09 20:50:37.955,0.308243
2020/01/09 20:50:38.056,0.262817
2020/01/09 20:50:38.154,0.401062
2020/01/09 20:50:38.255,0.129288
2020/01/09 20:50:38.353,-0.057053
2020/01/09 20:50:38.453,0.413147
2020/01/09 20:50:38.552,0.458511
2020/01/09 20:50:38.652,0.281921
2020/01/09 20:50:38.750,0.274673
2020/01/09 20:50:38.851,0.282776
2020/01/09 20:50:38.949,0.460236
2020/01/09 20:50:39.050,0.655136
2020/01/09 20:50:39.148,0.634537
2020/01/09 20:50:39.249,0.510971
2020/01/09 20:50:39.347,0.224960
2020/01/09 20:50:39.447,0.276291
2020/01/09 20:50:39.546,0.327347
2020/01/09 20:50:39.646,0.155991
2020/01/09 20:50:39.744,0.586029
2020/01/09 20:50:39.845,0.461990
2020/01/09 20:50:39.943,0.350372
2020/01/09 20:50:40.044,0.389069
2020/01/09 20:50:40.142,0.372894
2020/01/09 20:50:40.242,0.305359
2020/01/09 20:50:40.340,0.516678
2020/01/09 20:50:40.441,0.777130
2020/01/09 20:50:40.539,0.684845
2020/01/09 20:50:40.640,0.270096
2020/01/09 20:50:40.738,0.360367
2020/01/09 20:50:40.839,0.312897
2020/01/09 20:50:40.937,0.166687
2020/01/09 20:50:41.037,0.981598
2020/01/09 20:50:41.136,0.357803
2020/01/09 20:50:41.236,0.227280
2020/01/09 20:50:41.334,0.240829
2020/01/09 20:50:41.435,0.332230
2020/01/09 20:50:41.533,0.213593
2020/01/09 20:50:41.634,0.554840
2020/01/09 20:50:41.732,0.482971
2020/01/09 20:50:41.832,0.299744
2020/01/09 20:50:41.931,0.306641
2020/01/09 20:50:42.031,0.071228
2020/01/09 20:50:42.129,0.039886
2020/01/09 20:50:42.230,0.700699
2020/01/09 20:50:42.328,0.314987
2020/01/09 20:50:42.429,0.255737
2020/01/09 20:50:42.527,0.167694
2020/01/09 20:50:42.628,0.258453
2020/01/09 20:50:42.726,0.236176
2020/01/09 20:50:42.826,0.237183
2020/01/09 20:50:42.925,0.453537
2020/01/09 20:50:43.025,0.449509
2020/01/09 20:50:43.123,0.196777
2020/01/09 20:50:43.224,0.177155
2020/01/09 20:50:43.322,0.073364
2020/01/09 20:50:43.423,0.123322
2020/01/09 20:50:43.521,-0.045898
2020/01/09 20:50:43.621,-0.007614
2020/01/09 20:50:43.720,0.360123
2020/01/09 20:50:43.820,0.265503
2020/01/09 20:50:43.919,0.191559
2020/01/09 20:50:44.019,0.228287
2020/01/09 20:50:44.117,0.191254
2020/01/09 20:50:44.218,0.183334
2020/01/09 20:50:44.316,0.436356
2020/01/09 20:50:44.416,0.525238
2020/01/09 20:50:44.515,0.297592
2020/01/09 20:50:44.615,0.183884
2020/01/09 20:50:44.713,0.298981
2020/01/09 20:50:44.814,0.195068
2020/01/09 20:50:44.912,0.068710
2020/01/09 20:50:45.013,0.001678
2020/01/09 20:50:45.111,0.085831
2020/01/09 20:50:45.212,0.416809
2020/01/09 20:50:45.310,0.397812
2020/01/09 20:50:45.411,0.205124
2020/01/09 20:50:45.509,0.093170
2020/01/09 20:50:45.609,0.177887
2020/01/09 20:50:45.707,0.190750
2020/01/09 20:50:45.808,0.246918
2020/01/09 20:50:45.906,0.245438
2020/01/09 20:50:46.007,0.338593
2020/01/09 20:50:46.105,0.301636
2020/01/09 20:50:46.205,0.347122
2020/01/09 20:50:46.304,0.188889
2020/01/09 20:50:46.404,0.103226
2020/01/09 20:50:46.502,-0.044556
2020/01/09 20:50:46.603,0.232193
2020/01/09 20:50:46.701,0.134430
2020/01/09 20:50:46.802,-0.074219
2020/01/09 20:50:46.900,0.180969
2020/01/09 20:50:47.001,0.139206
2020/01/09 20:50:47.099,0.156464
2020/01/09 20:50:47.199,0.097290
2020/01/09 20:50:47.298,-0.260635
2020/01/09 20:50:47.398,-0.103333
2020/01/09 20:50:47.496,-0.036743
2020/01/09 20:50:47.597,0.036682
2020/01/09 20:50:47.695,0.254059
2020/01/09 20:50:47.796,0.415070
2020/01/09 20:50:47.894,0.257996
2020/01/09 20:50:47.995,0.204575
2020/01/09 20:50:48.093,0.176193
2020/01/09 20:50:48.193,0.034210
2020/01/09 20:50:48.292,0.115738
2020/01/09 20:50:48.392,0.503647
2020/01/09 20:50:48.490,0.177124
2020/01/09 20:50:48.591,0.234360
2020/01/09 20:50:48.689,0.146042
2020/01/09 20:50:48.790,-0.028519
2020/01/09 20:50:48.888,0.185349
2020/01/09 20:50:48.988,0.013870
2020/01/09 20:50:49.087,0.613754
2020/01/09 20:50:49.187,0.531082
2020/01/09 20:50:49.285,0.302002
2020/01/09 20:50:49.386,0.325806
2020/01/09 20:50:49.484,0.072311
2020/01/09 20:50:49.585,0.151276
2020/01/09 20:50:49.683,0.385681
2020/01/09 20:50:49.783,0.439575
2020/01/09 20:50:49.882,0.238708
2020/01/09 20:50:49.982,0.293655
2020/01/09 20:50:50.080,0.148575
2020/01/09 20:50:50.181,0.375580
2020/01/09 20:50:50.279,0.453964
2020/01/09 20:50:50.380,0.511810
2020/01/09 20:50:50.478,0.654083
2020/01/09 20:50:50.578,0.379822
2020/01/09 20:50:50.677,0.382660
2020/01/09 20:50:50.777,0.032913
2020/01/09 20:50:50.876,0.213181
2020/01/09 20:50:50.976,0.471771
2020/01/09 20:50:51.074,0.370834
2020/01/09 20:50:51.175,0.285187
2020/01/09 20:50:51.273,0.361069
2020/01/09 20:50:51.374,0.313492
2020/01/09 20:50:51.472,0.294037
2020/01/09 20:50:51.572,0.687988
2020/01/09 20:50:51.671,0.688751
2020/01/09 20:50:51.771,0.430557
2020/01/09 20:50:51.869,0.346344
2020/01/09 20:50:51.970,0.237518
2020/01/09 20:50:52.068,0.279739
2020/01/09 20:50:52.169,0.171890
2020/01/09 20:50:52.267,0.251526
2020/01/09 20:50:52.367,0.562958
2020/01/09 20:50:52.466,0.350311
2020/01/09 20:50:52.566,0.237350
2020/01/09 20:50:52.665,0.269684
2020/01/09 20:50:52.765,0.358124
2020/01/09 20:50:52.863,0.281326
2020/01/09 20:50:52.964,0.353546
2020/01/09 20:50:53.062,0.502182
2020/01/09 20:50:53.163,0.569519
2020/01/09 20:50:53.261,0.492569
2020/01/09 20:50:53.361,0.366928
2020/01/09 20:50:53.460,0.334183
2020/01/09 20:50:53.560,0.279388
2020/01/09 20:50:53.658,0.229492
2020/01/09 20:50:53.759,0.097733
2020/01/09 20:50:53.857,0.247284
2020/01/09 20:50:53.958,0.102463
2020/01/09 20:50:54.056,0.359344
2020/01/09 20:50:54.156,0.192871
2020/01/09 20:50:54.255,0.162399
2020/01/09 20:50:54.355,0.164749
2020/01/09 20:50:54.453,0.178253
2020/01/09 20:50:54.554,0.372437
2020/01/09 20:50:54.652,0.496994
2020/01/09 20:50:54.753,0.463928
2020/01/09 20:50:54.851,0.304794
2020/01/09 20:50:54.952,0.193115
2020/01/09 20:50:55.050,0.061218
2020/01/09 20:50:55.150,0.352936
2020/01/09 20:50:55.248,0.291885
2020/01/09 20:50:55.349,0.298645
2020/01/09 20:50:55.447,0.295425
2020/01/09 20:50:55.548,0.142670
2020/01/09 20:50:55.646,0.257584
2020/01/09 20:50:55.746,0.599960
2020/01/09 20:50:55.845,0.811050
2020/01/09 20:50:55.945,0.500626
2020/01/09 20:50:56.043,0.328308
2020/01/09 20:50:56.144,0.229660
2020/01/09 20:50:56.242,0.284454
2020/01/09 20:50:56.343,0.385559
2020/01/09 20:50:56.441,0.386444
2020/01/09 20:50:56.542,0.327850
2020/01/09 20:50:56.640,0.321884
2020/01/09 20:50:56.740,0.310410
2020/01/09 20:50:56.839,0.316803
2020/01/09 20:50:56.939,0.663712
2020/01/09 20:50:57.037,0.822769
2020/01/09 20:50:57.138,0.486023
2020/01/09 20:50:57.236,0.339279
2020/01/09 20:50:57.337,0.289444
2020/01/09 20:50:57.435,0.238037
2020/01/09 20:50:57.535,0.066559
2020/01/09 20:50:57.634,0.318466
2020/01/09 20:50:57.735,0.402618
2020/01/09 20:50:57.832,0.313736
2020/01/09 20:50:57.933,0.332397
2020/01/09 20:50:58.031,0.385422
2020/01/09 20:50:58.132,0.457062
2020/01/09 20:50:58.230,0.695007
2020/01/09 20:50:58.331,0.550690
2020/01/09 20:50:58.429,0.472473
2020/01/09 20:50:58.529,0.242691
2020/01/09 20:50:58.628,0.162842
2020/01/09 20:50:58.728,0.145035
2020/01/09 20:50:58.826,0.344498
2020/01/09 20:50:58.927,0.368530
2020/01/09 20:50:59.029,0.283478
2020/01/09 20:50:59.125,0.237122
2020/01/09 20:50:59.224,0.327225
2020/01/09 20:50:59.324,0.277206
2020/01/09 20:50:59.423,0.424957
2020/01/09 20:50:59.523,0.506607
2020/01/09 20:50:59.621,0.575989
2020/01/09 20:50:59.722,0.389038
2020/01/09 20:50:59.820,0.359436
2020/01/09 20:50:59.921,0.239197
2020/01/09 20:51:00.019,0.152771
2020/01/09 20:51:00.119,0.189255
2020/01/09 20:51:00.218,-0.003357
2020/01/09 20:51:00.318,-0.067978
2020/01/09 20:51:00.416,-0.079651
2020/01/09 20:51:00.518,0.191010
2020/01/09 20:51:00.615,0.400391
2020/01/09 20:51:00.716,0.231522
2020/01/09 20:51:00.814,0.022247
2020/01/09 20:51:00.915,0.013611
2020/01/09 20:51:01.013,-0.042542
2020/01/09 20:51:01.114,-0.026291
2020/01/09 20:51:01.211,0.268112
2020/01/09 20:51:01.312,-0.320221
2020/01/09 20:51:01.411,-0.225601
2020/01/09 20:51:01.511,0.051804
2020/01/09 20:51:01.609,0.135178
2020/01/09 20:51:01.710,0.059738
2020/01/09 20:51:01.808,0.093704
2020/01/09 20:51:01.909,-0.199234
2020/01/09 20:51:02.007,-0.051987
2020/01/09 20:51:02.107,-0.174332
2020/01/09 20:51:02.206,-0.059418
2020/01/09 20:51:02.306,0.143326
2020/01/09 20:51:02.404,0.090790
2020/01/09 20:51:02.505,-0.240921
2020/01/09 20:51:02.603,-0.034958
2020/01/09 20:51:02.704,-0.090942
2020/01/09 20:51:02.802,0.045120
2020/01/09 20:51:02.903,-0.015396
2020/01/09 20:51:03.001,0.462296
2020/01/09 20:51:03.101,0.438065
2020/01/09 20:51:03.200,0.283295
2020/01/09 20:51:03.300,0.050461
2020/01/09 20:51:03.398,0.115585
2020/01/09 20:51:03.499,0.093033
2020/01/09 20:51:03.597,0.513474
2020/01/09 20:51:03.698,0.144974
2020/01/09 20:51:03.796,0.140793
2020/01/09 20:51:03.896,0.100967
2020/01/09 20:51:03.994,0.167496
2020/01/09 20:51:04.095,0.067596
2020/01/09 20:51:04.193,0.271210
2020/01/09 20:51:04.294,0.451569
2020/01/09 20:51:04.392,0.276321
2020/01/09 20:51:04.493,0.188812
2020/01/09 20:51:04.591,0.096832
2020/01/09 20:51:04.691,0.031250
2020/01/09 20:51:04.789,0.014374
2020/01/09 20:51:04.890,0.211319
2020/01/09 20:51:04.989,0.127121
2020/01/09 20:51:05.089,-0.036346
2020/01/09 20:51:05.187,-0.055084
2020/01/09 20:51:05.288,0.032669
2020/01/09 20:51:05.386,-0.113251
2020/01/09 20:51:05.486,-0.060928
2020/01/09 20:51:05.585,0.253952
2020/01/09 20:51:05.685,0.359756
2020/01/09 20:51:05.783,0.127151
2020/01/09 20:51:05.884,0.041428
2020/01/09 20:51:05.982,-0.077667
2020/01/09 20:51:06.083,-0.149673
2020/01/09 20:51:06.181,0.475739
2020/01/09 20:51:06.282,0.129898
2020/01/09 20:51:06.380,-0.172729
2020/01/09 20:51:06.480,-0.063980
2020/01/09 20:51:06.578,-0.065948
2020/01/09 20:51:06.679,-0.023270
2020/01/09 20:51:06.777,0.147934
2020/01/09 20:51:06.879,0.393906
2020/01/09 20:51:06.976,0.196762
2020/01/09 20:51:07.077,0.093918
2020/01/09 20:51:07.175,-0.054749
2020/01/09 20:51:07.276,0.226486
2020/01/09 20:51:07.374,0.614365
2020/01/09 20:51:07.474,0.003357
2020/01/09 20:51:07.573,-0.084274
2020/01/09 20:51:07.673,0.057404
2020/01/09 20:51:07.771,0.072891
2020/01/09 20:51:07.872,-0.105331
2020/01/09 20:51:07.970,-0.094543
2020/01/09 20:51:08.071,-0.146133
2020/01/09 20:51:08.169,-0.074905
2020/01/09 20:51:08.269,-0.159042
2020/01/09 20:51:08.367,-0.217209
2020/01/09 20:51:08.468,0.049484
2020/01/09 20:51:08.566,-0.039581
2020/01/09 20:51:08.667,-0.114548
2020/01/09 20:51:08.765,-0.074524
2020/01/09 20:51:08.866,-0.314392
2020/01/09 20:51:08.964,-0.700272
2020/01/09 20:51:09.064,-1.095551
2020/01/09 20:51:09.163,-0.803970
2020/01/09 20:51:09.263,-0.181000
2020/01/09 20:51:09.361,-0.306351
2020/01/09 20:51:09.462,-0.516052
2020/01/09 20:51:09.560,-0.898300
2020/01/09 20:51:09.661,-1.077209
2020/01/09 20:51:09.759,-1.043076
2020/01/09 20:51:09.860,-1.039749
2020/01/09 20:51:09.958,-0.914734
2020/01/09 20:51:10.058,-0.870163
2020/01/09 20:51:10.157,-0.865128
2020/01/09 20:51:10.257,-1.017502
2020/01/09 20:51:10.355,-0.924591
2020/01/09 20:51:10.456,-1.185669
2020/01/09 20:51:10.554,-0.943527
2020/01/09 20:51:10.655,-0.885925
2020/01/09 20:51:10.753,-0.717270
2020/01/09 20:51:10.854,-0.428619
2020/01/09 20:51:10.952,0.114624
2020/01/09 20:51:11.052,2.399216
2020/01/09 20:51:11.150,0.486664
2020/01/09 20:51:11.251,0.102829
2020/01/09 20:51:11.350,-0.277588
2020/01/09 20:51:11.450,0.532166
2020/01/09 20:51:11.548,0.168304
2020/01/09 20:51:11.649,0.056396
2020/01/09 20:51:11.747,0.150116
2020/01/09 20:51:11.848,0.463593
2020/01/09 20:51:11.946,0.215195
2020/01/09 20:51:12.046,0.143600
2020/01/09 20:51:12.144,0.237076
2020/01/09 20:51:12.245,0.366470
2020/01/09 20:51:12.343,0.643539
2020/01/09 20:51:12.444,0.767975
2020/01/09 20:51:12.542,0.437515
2020/01/09 20:51:12.643,0.127319
2020/01/09 20:51:12.741,0.052353
2020/01/09 20:51:12.841,0.057800
2020/01/09 20:51:12.939,0.199371
2020/01/09 20:51:13.040,0.649506
2020/01/09 20:51:13.138,0.417191
2020/01/09 20:51:13.239,0.352188
2020/01/09 20:51:13.337,0.328339
2020/01/09 20:51:13.438,0.246307
2020/01/09 20:51:13.536,0.359070
2020/01/09 20:51:13.636,0.921341
2020/01/09 20:51:13.735,0.757874
2020/01/09 20:51:13.835,0.642014
2020/01/09 20:51:13.933,0.425079
2020/01/09 20:51:14.034,0.154877
2020/01/09 20:51:14.132,0.494751
2020/01/09 20:51:14.233,0.167191
2020/01/09 20:51:14.331,1.062119
2020/01/09 20:51:14.432,0.691925
2020/01/09 20:51:14.530,0.128403
2020/01/09 20:51:14.630,-0.018814
2020/01/09 20:51:14.728,0.009491
2020/01/09 20:51:14.829,-0.087006
2020/01/09 20:51:14.927,0.273560
2020/01/09 20:51:15.028,0.220718
2020/01/09 20:51:15.126,0.451340
2020/01/09 20:51:15.226,0.405319
2020/01/09 20:51:15.325,0.093674
2020/01/09 20:51:15.425,0.421204
2020/01/09 20:51:15.523,0.191406
2020/01/09 20:51:15.624,0.173416
2020/01/09 20:51:15.722,0.214264
2020/01/09 20:51:15.823,0.242538
2020/01/09 20:51:15.921,0.217072
2020/01/09 20:51:16.022,0.192810
2020/01/09 20:51:16.120,-0.197922
2020/01/09 20:51:16.220,-0.534363
2020/01/09 20:51:16.319,-0.379150
2020/01/09 20:51:16.419,-0.443924
2020/01/09 20:51:16.517,-0.466949
2020/01/09 20:51:16.618,-0.406097
2020/01/09 20:51:16.716,-0.401749
2020/01/09 20:51:16.817,-0.527573
2020/01/09 20:51:16.915,-0.510406
2020/01/09 20:51:17.015,-0.560028
