2020/01/09 08:52:10.296,-0.924957
2020/01/09 08:52:10.394,-0.888184
2020/01/09 08:52:10.493,-0.989441
2020/01/09 08:52:10.593,-0.907715
2020/01/09 08:52:10.692,-1.032028
2020/01/09 08:52:10.792,-0.796875
2020/01/09 08:52:10.891,-0.693375
2020/01/09 08:52:10.991,-0.850021
2020/01/09 08:52:11.090,-1.125626
2020/01/09 08:52:11.189,-1.036652
2020/01/09 08:52:11.289,-1.028610
2020/01/09 08:52:11.388,-0.812698
2020/01/09 08:52:11.488,-0.862823
2020/01/09 08:52:11.587,-0.922058
2020/01/09 08:52:11.687,-0.617538
2020/01/09 08:52:11.786,-0.683609
2020/01/09 08:52:11.886,-0.345154
2020/01/09 08:52:11.985,0.022720
2020/01/09 08:52:12.085,-0.033203
2020/01/09 08:52:12.184,-0.133804
2020/01/09 08:52:12.284,-0.249603
2020/01/09 08:52:12.383,-0.438721
2020/01/09 08:52:12.482,-0.112320
2020/01/09 08:52:12.582,-0.065109
2020/01/09 08:52:12.682,0.093552
2020/01/09 08:52:12.781,0.213348
2020/01/09 08:52:12.880,-0.030701
2020/01/09 08:52:12.980,-0.049973
2020/01/09 08:52:13.079,0.068237
2020/01/09 08:52:13.179,-0.048874
2020/01/09 08:52:13.278,-0.059204
2020/01/09 08:52:13.377,0.072388
2020/01/09 08:52:13.477,0.072937
2020/01/09 08:52:13.576,0.011429
2020/01/09 08:52:13.676,0.019745
2020/01/09 08:52:13.775,-0.022247
2020/01/09 08:52:13.875,-0.023727
2020/01/09 08:52:13.974,0.015961
2020/01/09 08:52:14.074,0.036407
2020/01/09 08:52:14.173,0.050079
2020/01/09 08:52:14.273,0.072372
2020/01/09 08:52:14.372,0.110352
2020/01/09 08:52:14.472,0.213531
2020/01/09 08:52:14.571,0.229736
2020/01/09 08:52:14.671,0.046326
2020/01/09 08:52:14.770,0.138489
2020/01/09 08:52:14.869,0.152573
2020/01/09 08:52:14.969,0.135422
2020/01/09 08:52:15.068,0.143997
2020/01/09 08:52:15.168,0.154007
2020/01/09 08:52:15.267,0.143524
2020/01/09 08:52:15.367,0.133240
2020/01/09 08:52:15.466,0.140808
2020/01/09 08:52:15.566,0.154892
2020/01/09 08:52:15.665,0.143311
2020/01/09 08:52:15.765,0.125076
2020/01/09 08:52:15.864,0.143234
2020/01/09 08:52:15.964,0.145905
2020/01/09 08:52:16.063,0.130035
2020/01/09 08:52:16.162,0.140381
2020/01/09 08:52:16.262,0.137100
2020/01/09 08:52:16.361,0.144028
2020/01/09 08:52:16.461,0.132446
2020/01/09 08:52:16.560,0.140640
2020/01/09 08:52:16.660,0.138168
2020/01/09 08:52:16.759,0.132645
2020/01/09 08:52:16.859,0.138336
2020/01/09 08:52:16.958,0.137421
2020/01/09 08:52:17.058,0.138031
2020/01/09 08:52:17.157,0.141373
2020/01/09 08:52:17.256,0.134995
2020/01/09 08:52:17.356,0.137924
2020/01/09 08:52:17.455,0.133514
2020/01/09 08:52:17.555,0.132156
2020/01/09 08:52:17.654,0.130493
2020/01/09 08:52:17.754,0.139694
2020/01/09 08:52:17.853,0.141159
2020/01/09 08:52:17.953,0.132339
2020/01/09 08:52:18.052,0.131714
2020/01/09 08:52:18.152,0.136185
2020/01/09 08:52:18.251,0.136429
2020/01/09 08:52:18.351,0.132629
2020/01/09 08:52:18.450,0.133957
2020/01/09 08:52:18.549,0.132965
2020/01/09 08:52:18.649,0.134964
2020/01/09 08:52:18.748,0.137268
2020/01/09 08:52:18.848,0.133072
2020/01/09 08:52:18.947,0.136459
2020/01/09 08:52:19.047,0.133987
2020/01/09 08:52:19.146,0.140778
2020/01/09 08:52:19.246,0.137543
2020/01/09 08:52:19.345,0.129044
2020/01/09 08:52:19.445,0.133911
2020/01/09 08:52:19.544,0.138062
2020/01/09 08:52:19.643,0.129898
2020/01/09 08:52:19.743,0.135574
2020/01/09 08:52:19.842,0.129227
2020/01/09 08:52:19.942,0.134750
2020/01/09 08:52:20.041,0.135437
2020/01/09 08:52:20.141,0.132751
2020/01/09 08:52:20.240,0.133835
2020/01/09 08:52:20.340,0.134384
2020/01/09 08:52:20.439,0.131927
2020/01/09 08:52:20.539,0.133179
2020/01/09 08:52:20.638,0.136703
2020/01/09 08:52:20.737,0.134186
2020/01/09 08:52:20.837,0.134766
2020/01/09 08:52:20.937,0.136703
2020/01/09 08:52:21.036,0.135437
2020/01/09 08:52:21.136,0.135757
2020/01/09 08:52:21.235,0.131943
2020/01/09 08:52:21.334,0.135513
2020/01/09 08:52:21.434,0.133301
2020/01/09 08:52:21.533,0.134430
2020/01/09 08:52:21.633,0.134659
2020/01/09 08:52:21.732,0.133759
2020/01/09 08:52:21.832,0.135422
2020/01/09 08:52:21.931,0.137405
2020/01/09 08:52:22.031,0.136414
2020/01/09 08:52:22.130,0.136749
2020/01/09 08:52:22.230,0.138702
2020/01/09 08:52:22.329,0.138428
2020/01/09 08:52:22.428,0.132523
2020/01/09 08:52:22.528,0.137268
2020/01/09 08:52:22.627,0.136154
2020/01/09 08:52:22.727,0.141617
2020/01/09 08:52:22.826,0.135254
2020/01/09 08:52:22.926,0.136917
2020/01/09 08:52:23.025,0.134186
2020/01/09 08:52:23.125,0.130356
2020/01/09 08:52:23.224,0.139603
2020/01/09 08:52:23.323,0.136612
2020/01/09 08:52:23.423,0.133270
2020/01/09 08:52:23.523,0.133789
2020/01/09 08:52:23.622,0.134949
2020/01/09 08:52:23.721,0.136139
2020/01/09 08:52:23.821,0.136292
2020/01/09 08:52:23.920,0.139511
2020/01/09 08:52:24.020,0.137497
2020/01/09 08:52:24.119,0.139008
2020/01/09 08:52:24.219,0.135269
2020/01/09 08:52:24.318,0.135574
2020/01/09 08:52:24.418,0.137512
2020/01/09 08:52:24.517,0.136780
2020/01/09 08:52:24.616,0.131424
2020/01/09 08:52:24.716,0.135757
2020/01/09 08:52:24.815,0.137665
2020/01/09 08:52:24.915,0.136169
2020/01/09 08:52:25.014,0.137131
2020/01/09 08:52:25.114,0.138809
2020/01/09 08:52:25.213,0.136734
2020/01/09 08:52:25.313,0.137558
2020/01/09 08:52:25.412,0.135757
2020/01/09 08:52:25.511,0.134277
2020/01/09 08:52:25.611,0.137878
2020/01/09 08:52:25.710,0.139542
2020/01/09 08:52:25.810,0.134262
2020/01/09 08:52:25.910,0.133896
2020/01/09 08:52:26.010,0.133392
2020/01/09 08:52:26.110,0.133804
2020/01/09 08:52:26.210,0.135208
2020/01/09 08:52:26.309,0.139587
2020/01/09 08:52:26.409,0.136475
2020/01/09 08:52:26.509,0.134613
2020/01/09 08:52:26.608,0.133957
2020/01/09 08:52:26.707,0.139435
2020/01/09 08:52:26.807,0.136627
2020/01/09 08:52:26.906,0.136902
2020/01/09 08:52:27.006,0.136063
2020/01/09 08:52:27.106,0.132523
2020/01/09 08:52:27.205,0.132339
2020/01/09 08:52:27.305,0.136185
2020/01/09 08:52:27.404,0.131744
2020/01/09 08:52:27.503,0.142471
2020/01/09 08:52:27.608,0.146698
2020/01/09 08:52:27.708,0.142090
2020/01/09 08:52:27.802,0.136368
2020/01/09 08:52:27.902,0.117889
2020/01/09 08:52:28.001,0.111969
2020/01/09 08:52:28.101,0.086182
2020/01/09 08:52:28.200,0.037888
2020/01/09 08:52:28.300,0.012024
2020/01/09 08:52:28.399,-0.027451
2020/01/09 08:52:28.499,-0.083405
2020/01/09 08:52:28.598,-0.168274
2020/01/09 08:52:28.698,-0.207489
2020/01/09 08:52:28.797,-0.279480
2020/01/09 08:52:28.897,-0.360977
2020/01/09 08:52:28.996,-0.349380
2020/01/09 08:52:29.096,-0.378067
2020/01/09 08:52:29.195,-0.441422
2020/01/09 08:52:29.294,-0.501572
2020/01/09 08:52:29.394,-0.477951
2020/01/09 08:52:29.493,-0.469437
2020/01/09 08:52:29.593,-0.462799
2020/01/09 08:52:29.692,-0.438995
2020/01/09 08:52:29.792,-0.647629
2020/01/09 08:52:29.891,-0.772598
2020/01/09 08:52:29.990,-0.717468
2020/01/09 08:52:30.090,-0.483536
2020/01/09 08:52:30.189,-0.695206
2020/01/09 08:52:30.289,-0.628006
2020/01/09 08:52:30.388,-0.861069
2020/01/09 08:52:30.488,-0.935699
2020/01/09 08:52:30.587,-0.931488
2020/01/09 08:52:30.687,-0.762787
2020/01/09 08:52:30.786,-0.765244
2020/01/09 08:52:30.886,-0.939545
2020/01/09 08:52:30.985,-0.848358
2020/01/09 08:52:31.085,-0.916046
2020/01/09 08:52:31.184,-0.845657
2020/01/09 08:52:31.284,-0.859970
2020/01/09 08:52:31.383,-0.850479
2020/01/09 08:52:31.482,-0.842911
2020/01/09 08:52:31.582,-0.853851
2020/01/09 08:52:31.681,-0.901566
2020/01/09 08:52:31.781,-0.903732
2020/01/09 08:52:31.880,-0.866318
2020/01/09 08:52:31.980,-0.871780
2020/01/09 08:52:32.079,-0.891922
2020/01/09 08:52:32.179,-0.882706
2020/01/09 08:52:32.278,-0.895752
2020/01/09 08:52:32.378,-0.866409
2020/01/09 08:52:32.477,-0.898224
2020/01/09 08:52:32.576,-0.894135
2020/01/09 08:52:32.676,-0.893860
2020/01/09 08:52:32.775,-0.874634
2020/01/09 08:52:32.875,-0.879929
2020/01/09 08:52:32.974,-0.879028
2020/01/09 08:52:33.074,-0.875717
2020/01/09 08:52:33.173,-0.896332
2020/01/09 08:52:33.273,-0.878418
2020/01/09 08:52:33.372,-0.884476
2020/01/09 08:52:33.471,-0.881149
2020/01/09 08:52:33.571,-0.881424
2020/01/09 08:52:33.670,-0.880035
2020/01/09 08:52:33.770,-0.882523
2020/01/09 08:52:33.869,-0.880203
2020/01/09 08:52:33.969,-0.885605
2020/01/09 08:52:34.068,-0.887405
2020/01/09 08:52:34.168,-0.888855
2020/01/09 08:52:34.267,-0.888992
2020/01/09 08:52:34.367,-0.888626
2020/01/09 08:52:34.466,-0.883591
2020/01/09 08:52:34.566,-0.890106
2020/01/09 08:52:34.665,-0.888733
2020/01/09 08:52:34.765,-0.890854
2020/01/09 08:52:34.864,-0.889954
2020/01/09 08:52:34.963,-0.908417
2020/01/09 08:52:35.063,-0.917435
2020/01/09 08:52:35.162,-0.912613
2020/01/09 08:52:35.262,-0.921478
2020/01/09 08:52:35.361,-0.916534
2020/01/09 08:52:35.461,-0.915573
2020/01/09 08:52:35.560,-0.912216
2020/01/09 08:52:35.660,-0.916504
2020/01/09 08:52:35.759,-0.903091
2020/01/09 08:52:35.858,-0.894699
2020/01/09 08:52:35.958,-0.897659
2020/01/09 08:52:36.057,-0.896622
2020/01/09 08:52:36.157,-0.898972
2020/01/09 08:52:36.257,-0.897812
2020/01/09 08:52:36.356,-0.896927
2020/01/09 08:52:36.455,-0.901169
2020/01/09 08:52:36.555,-0.898621
2020/01/09 08:52:36.654,-0.894836
2020/01/09 08:52:36.754,-0.889832
2020/01/09 08:52:36.853,-0.886490
2020/01/09 08:52:36.953,-0.892334
2020/01/09 08:52:37.052,-0.896591
2020/01/09 08:52:37.152,-0.895996
2020/01/09 08:52:37.251,-0.899567
2020/01/09 08:52:37.350,-0.893387
2020/01/09 08:52:37.450,-0.893250
2020/01/09 08:52:37.549,-0.891830
2020/01/09 08:52:37.649,-0.888840
2020/01/09 08:52:37.748,-0.885910
2020/01/09 08:52:37.848,-0.887039
2020/01/09 08:52:37.947,-0.887589
2020/01/09 08:52:38.047,-0.879532
2020/01/09 08:52:38.146,-0.884567
2020/01/09 08:52:38.245,-0.889435
2020/01/09 08:52:38.345,-0.888702
2020/01/09 08:52:38.445,-0.881393
2020/01/09 08:52:38.544,-0.888535
2020/01/09 08:52:38.643,-0.883652
2020/01/09 08:52:38.743,-0.884644
2020/01/09 08:52:38.842,-0.889069
2020/01/09 08:52:38.942,-0.884277
2020/01/09 08:52:39.041,-0.879929
2020/01/09 08:52:39.141,-0.878540
2020/01/09 08:52:39.240,-0.882797
2020/01/09 08:52:39.340,-0.880310
2020/01/09 08:52:39.439,-0.879791
2020/01/09 08:52:39.539,-0.880066
2020/01/09 08:52:39.638,-0.881882
2020/01/09 08:52:39.737,-0.890076
2020/01/09 08:52:39.837,-0.891800
2020/01/09 08:52:39.936,-0.879303
2020/01/09 08:52:40.036,-0.877182
2020/01/09 08:52:40.135,-0.879120
2020/01/09 08:52:40.235,-0.882034
2020/01/09 08:52:40.334,-0.880753
2020/01/09 08:52:40.434,-0.886337
2020/01/09 08:52:40.533,-0.882462
2020/01/09 08:52:40.633,-0.882538
2020/01/09 08:52:40.732,-0.876572
2020/01/09 08:52:40.831,-0.883072
2020/01/09 08:52:40.931,-0.878204
2020/01/09 08:52:41.030,-0.881683
2020/01/09 08:52:41.130,-0.884384
2020/01/09 08:52:41.229,-0.883255
2020/01/09 08:52:41.329,-0.884537
2020/01/09 08:52:41.428,-0.880478
2020/01/09 08:52:41.528,-0.880951
2020/01/09 08:52:41.627,-0.884140
2020/01/09 08:52:41.727,-0.885437
2020/01/09 08:52:41.826,-0.883652
2020/01/09 08:52:41.925,-0.885437
2020/01/09 08:52:42.025,-0.881836
2020/01/09 08:52:42.124,-0.880157
2020/01/09 08:52:42.224,-0.882935
2020/01/09 08:52:42.323,-0.878510
2020/01/09 08:52:42.423,-0.883423
2020/01/09 08:52:42.522,-0.882874
2020/01/09 08:52:42.622,-0.884872
2020/01/09 08:52:42.721,-0.886200
2020/01/09 08:52:42.821,-0.881241
2020/01/09 08:52:42.920,-0.875671
2020/01/09 08:52:43.019,-0.876907
2020/01/09 08:52:43.119,-0.883698
2020/01/09 08:52:43.218,-0.885895
2020/01/09 08:52:43.318,-0.879654
2020/01/09 08:52:43.417,-0.876953
2020/01/09 08:52:43.517,-0.874390
2020/01/09 08:52:43.616,-0.873566
2020/01/09 08:52:43.716,-0.878967
2020/01/09 08:52:43.815,-0.876770
2020/01/09 08:52:43.915,-0.881012
2020/01/09 08:52:44.014,-0.892715
2020/01/09 08:52:44.113,-0.876678
2020/01/09 08:52:44.213,-0.891708
2020/01/09 08:52:44.312,-0.886368
2020/01/09 08:52:44.412,-0.934738
2020/01/09 08:52:44.511,-0.805710
2020/01/09 08:52:44.611,-0.854248
2020/01/09 08:52:44.710,-0.863205
2020/01/09 08:52:44.810,-0.857559
2020/01/09 08:52:44.909,-0.847168
2020/01/09 08:52:45.009,-0.912354
2020/01/09 08:52:45.108,-0.861130
2020/01/09 08:52:45.208,-0.730286
2020/01/09 08:52:45.307,-0.767303
2020/01/09 08:52:45.407,-0.930862
2020/01/09 08:52:45.506,-0.818741
2020/01/09 08:52:45.605,-0.832809
2020/01/09 08:52:45.705,-0.801407
2020/01/09 08:52:45.804,-0.819138
2020/01/09 08:52:45.904,-0.864838
2020/01/09 08:52:46.003,-0.859390
2020/01/09 08:52:46.103,-0.884583
2020/01/09 08:52:46.202,-0.853531
2020/01/09 08:52:46.302,-0.880737
2020/01/09 08:52:46.401,-0.845413
2020/01/09 08:52:46.501,-0.872543
2020/01/09 08:52:46.600,-0.837097
2020/01/09 08:52:46.700,-0.899902
2020/01/09 08:52:46.799,-0.872757
2020/01/09 08:52:46.898,-0.895355
2020/01/09 08:52:46.998,-0.870667
2020/01/09 08:52:47.097,-0.871368
2020/01/09 08:52:47.197,-0.939850
2020/01/09 08:52:47.296,-0.819214
2020/01/09 08:52:47.396,-0.949493
2020/01/09 08:52:47.495,-0.883621
2020/01/09 08:52:47.595,-0.837372
2020/01/09 08:52:47.694,-0.902985
2020/01/09 08:52:47.793,-0.860565
2020/01/09 08:52:47.893,-0.853363
2020/01/09 08:52:47.992,-0.894867
2020/01/09 08:52:48.092,-0.888718
2020/01/09 08:52:48.191,-0.795273
2020/01/09 08:52:48.291,-0.919815
2020/01/09 08:52:48.390,-0.909134
2020/01/09 08:52:48.490,-0.975159
2020/01/09 08:52:48.589,-0.890457
2020/01/09 08:52:48.688,-0.912094
2020/01/09 08:52:48.788,-0.928329
2020/01/09 08:52:48.887,-0.948334
2020/01/09 08:52:48.987,-0.909454
2020/01/09 08:52:49.087,-0.923706
2020/01/09 08:52:49.186,-0.933975
2020/01/09 08:52:49.285,-0.931046
2020/01/09 08:52:49.385,-0.925217
2020/01/09 08:52:49.484,-0.933182
2020/01/09 08:52:49.584,-0.922546
2020/01/09 08:52:49.683,-0.930588
2020/01/09 08:52:49.783,-0.929825
2020/01/09 08:52:49.882,-0.915695
2020/01/09 08:52:49.982,-0.931442
2020/01/09 08:52:50.081,-0.928772
2020/01/09 08:52:50.181,-0.920502
2020/01/09 08:52:50.280,-0.920197
2020/01/09 08:52:50.380,-0.922012
2020/01/09 08:52:50.479,-0.921524
2020/01/09 08:52:50.578,-0.927963
2020/01/09 08:52:50.678,-0.917084
2020/01/09 08:52:50.777,-0.923004
2020/01/09 08:52:50.877,-0.931213
2020/01/09 08:52:50.976,-0.916153
2020/01/09 08:52:51.076,-0.919418
2020/01/09 08:52:51.175,-0.918121
2020/01/09 08:52:51.274,-0.922470
2020/01/09 08:52:51.374,-0.919907
2020/01/09 08:52:51.473,-0.921677
2020/01/09 08:52:51.573,-0.921829
2020/01/09 08:52:51.672,-0.923599
2020/01/09 08:52:51.772,-0.922028
2020/01/09 08:52:51.871,-0.922928
2020/01/09 08:52:51.971,-0.927734
2020/01/09 08:52:52.070,-0.924728
2020/01/09 08:52:52.170,-0.929718
2020/01/09 08:52:52.269,-0.930359
2020/01/09 08:52:52.369,-0.928314
2020/01/09 08:52:52.468,-0.934418
2020/01/09 08:52:52.567,-0.928299
2020/01/09 08:52:52.667,-0.926529
2020/01/09 08:52:52.766,-0.920837
2020/01/09 08:52:52.866,-0.928421
2020/01/09 08:52:52.965,-0.924072
2020/01/09 08:52:53.065,-0.934967
2020/01/09 08:52:53.164,-0.933365
2020/01/09 08:52:53.264,-0.934845
2020/01/09 08:52:53.363,-0.927856
2020/01/09 08:52:53.463,-0.936874
2020/01/09 08:52:53.562,-0.929520
2020/01/09 08:52:53.662,-0.926010
2020/01/09 08:52:53.761,-0.929565
2020/01/09 08:52:53.860,-0.932953
2020/01/09 08:52:53.960,-0.927429
2020/01/09 08:52:54.059,-0.931961
2020/01/09 08:52:54.159,-0.929550
2020/01/09 08:52:54.258,-0.932480
2020/01/09 08:52:54.358,-0.931183
2020/01/09 08:52:54.457,-0.933548
2020/01/09 08:52:54.557,-0.926315
2020/01/09 08:52:54.656,-0.932785
2020/01/09 08:52:54.756,-0.939636
2020/01/09 08:52:54.855,-0.935822
2020/01/09 08:52:54.955,-0.937302
2020/01/09 08:52:55.054,-0.938080
2020/01/09 08:52:55.153,-0.933685
2020/01/09 08:52:55.253,-0.937546
2020/01/09 08:52:55.352,-0.934860
2020/01/09 08:52:55.452,-0.925888
2020/01/09 08:52:55.551,-0.947189
2020/01/09 08:52:55.651,-0.928329
2020/01/09 08:52:55.750,-0.917206
2020/01/09 08:52:55.850,-0.925278
2020/01/09 08:52:55.949,-0.933289
2020/01/09 08:52:56.048,-0.931839
2020/01/09 08:52:56.148,-0.922577
2020/01/09 08:52:56.247,-0.940201
2020/01/09 08:52:56.347,-0.922028
2020/01/09 08:52:56.446,-0.928650
2020/01/09 08:52:56.546,-0.931503
2020/01/09 08:52:56.645,-0.928879
2020/01/09 08:52:56.745,-0.924484
2020/01/09 08:52:56.844,-0.928284
2020/01/09 08:52:56.944,-0.931747
2020/01/09 08:52:57.043,-0.926941
2020/01/09 08:52:57.142,-0.932007
2020/01/09 08:52:57.242,-0.931549
2020/01/09 08:52:57.341,-0.932587
2020/01/09 08:52:57.441,-0.933716
2020/01/09 08:52:57.540,-0.935318
2020/01/09 08:52:57.640,-0.937698
2020/01/09 08:52:57.739,-0.934662
2020/01/09 08:52:57.839,-0.937408
2020/01/09 08:52:57.938,-0.934509
2020/01/09 08:52:58.038,-0.939636
2020/01/09 08:52:58.137,-0.932541
2020/01/09 08:52:58.236,-0.937912
2020/01/09 08:52:58.336,-0.931046
2020/01/09 08:52:58.435,-0.931961
2020/01/09 08:52:58.535,-0.928436
2020/01/09 08:52:58.634,-0.932175
2020/01/09 08:52:58.734,-0.926041
2020/01/09 08:52:58.833,-0.927475
2020/01/09 08:52:58.933,-0.930145
2020/01/09 08:52:59.032,-0.926544
2020/01/09 08:52:59.132,-0.930435
2020/01/09 08:52:59.231,-0.926956
2020/01/09 08:52:59.331,-0.926788
2020/01/09 08:52:59.430,-0.928665
2020/01/09 08:52:59.530,-0.927399
2020/01/09 08:52:59.629,-0.926819
2020/01/09 08:52:59.728,-0.931168
2020/01/09 08:52:59.828,-0.928268
2020/01/09 08:52:59.927,-0.932388
2020/01/09 08:53:00.027,-0.932510
2020/01/09 08:53:00.126,-0.932419
2020/01/09 08:53:00.226,-0.934799
2020/01/09 08:53:00.325,-0.933136
2020/01/09 08:53:00.424,-0.936920
2020/01/09 08:53:00.524,-0.934311
2020/01/09 08:53:00.624,-0.941086
2020/01/09 08:53:00.723,-0.942078
2020/01/09 08:53:00.822,-0.937637
2020/01/09 08:53:00.922,-0.942917
2020/01/09 08:53:01.021,-0.936447
2020/01/09 08:53:01.121,-0.937958
2020/01/09 08:53:01.220,-0.931473
2020/01/09 08:53:01.320,-0.934723
2020/01/09 08:53:01.419,-0.933594
2020/01/09 08:53:01.519,-0.929230
2020/01/09 08:53:01.618,-0.928268
2020/01/09 08:53:01.718,-0.927872
2020/01/09 08:53:01.817,-0.929718
2020/01/09 08:53:01.916,-0.925415
2020/01/09 08:53:02.016,-0.930298
2020/01/09 08:53:02.115,-0.927414
2020/01/09 08:53:02.215,-0.929352
2020/01/09 08:53:02.314,-0.925125
2020/01/09 08:53:02.414,-0.928177
2020/01/09 08:53:02.513,-0.927063
2020/01/09 08:53:02.613,-0.930191
2020/01/09 08:53:02.712,-0.928329
2020/01/09 08:53:02.812,-0.925583
2020/01/09 08:53:02.911,-0.931107
2020/01/09 08:53:03.010,-0.925919
2020/01/09 08:53:03.110,-0.931641
2020/01/09 08:53:03.210,-0.932404
2020/01/09 08:53:03.309,-0.936310
2020/01/09 08:53:03.408,-0.932800
2020/01/09 08:53:03.508,-0.934036
2020/01/09 08:53:03.607,-0.933350
2020/01/09 08:53:03.707,-0.935791
2020/01/09 08:53:03.806,-0.934235
2020/01/09 08:53:03.906,-0.935974
2020/01/09 08:53:04.005,-0.930099
2020/01/09 08:53:04.105,-0.932571
2020/01/09 08:53:04.204,-0.936691
2020/01/09 08:53:04.303,-0.926010
2020/01/09 08:53:04.403,-0.928680
2020/01/09 08:53:04.502,-0.930557
2020/01/09 08:53:04.602,-0.931320
2020/01/09 08:53:04.701,-0.924240
2020/01/09 08:53:04.801,-0.924728
2020/01/09 08:53:04.900,-0.929871
2020/01/09 08:53:05.000,-0.928284
2020/01/09 08:53:05.099,-0.924179
2020/01/09 08:53:05.199,-0.932846
2020/01/09 08:53:05.298,-0.918243
2020/01/09 08:53:05.397,-0.927887
2020/01/09 08:53:05.497,-0.929413
2020/01/09 08:53:05.596,-0.928986
2020/01/09 08:53:05.696,-0.926300
2020/01/09 08:53:05.795,-0.932465
2020/01/09 08:53:05.895,-0.929993
2020/01/09 08:53:05.994,-0.928284
2020/01/09 08:53:06.094,-0.933044
2020/01/09 08:53:06.193,-0.934265
2020/01/09 08:53:06.293,-0.935440
2020/01/09 08:53:06.392,-0.934326
2020/01/09 08:53:06.492,-0.934647
2020/01/09 08:53:06.591,-0.933945
2020/01/09 08:53:06.691,-0.936600
2020/01/09 08:53:06.790,-0.934433
2020/01/09 08:53:06.889,-0.933304
2020/01/09 08:53:06.989,-0.933044
2020/01/09 08:53:07.088,-0.929764
2020/01/09 08:53:07.188,-0.931458
2020/01/09 08:53:07.287,-0.932480
2020/01/09 08:53:07.387,-0.928894
2020/01/09 08:53:07.486,-0.928268
2020/01/09 08:53:07.586,-0.925308
2020/01/09 08:53:07.685,-0.925873
2020/01/09 08:53:07.784,-0.929688
2020/01/09 08:53:07.884,-0.924408
2020/01/09 08:53:07.983,-0.929932
2020/01/09 08:53:08.083,-0.925766
2020/01/09 08:53:08.182,-0.928116
2020/01/09 08:53:08.282,-0.926315
2020/01/09 08:53:08.381,-0.926956
2020/01/09 08:53:08.481,-0.927551
2020/01/09 08:53:08.580,-0.927765
2020/01/09 08:53:08.680,-0.928299
2020/01/09 08:53:08.779,-0.924927
2020/01/09 08:53:08.879,-0.928558
2020/01/09 08:53:08.978,-0.926346
2020/01/09 08:53:09.077,-0.930511
2020/01/09 08:53:09.177,-0.929321
2020/01/09 08:53:09.276,-0.933731
2020/01/09 08:53:09.376,-0.933365
2020/01/09 08:53:09.475,-0.932404
2020/01/09 08:53:09.575,-0.934845
2020/01/09 08:53:09.674,-0.935669
2020/01/09 08:53:09.774,-0.935730
2020/01/09 08:53:09.873,-0.936371
2020/01/09 08:53:09.972,-0.931946
2020/01/09 08:53:10.072,-0.932602
2020/01/09 08:53:10.171,-0.933319
2020/01/09 08:53:10.271,-0.930420
2020/01/09 08:53:10.370,-0.929169
2020/01/09 08:53:10.470,-0.929184
2020/01/09 08:53:10.569,-0.928696
2020/01/09 08:53:10.669,-0.930496
2020/01/09 08:53:10.768,-0.927994
2020/01/09 08:53:10.868,-0.931015
2020/01/09 08:53:10.967,-0.927399
2020/01/09 08:53:11.067,-0.927307
2020/01/09 08:53:11.166,-0.931763
2020/01/09 08:53:11.265,-0.926407
2020/01/09 08:53:11.365,-0.927017
2020/01/09 08:53:11.464,-0.928955
2020/01/09 08:53:11.564,-0.925293
2020/01/09 08:53:11.663,-0.927261
2020/01/09 08:53:11.762,-0.927338
2020/01/09 08:53:11.862,-0.930466
2020/01/09 08:53:11.961,-0.927094
2020/01/09 08:53:12.061,-0.931244
2020/01/09 08:53:12.160,-0.926071
2020/01/09 08:53:12.260,-0.931686
2020/01/09 08:53:12.359,-0.931335
2020/01/09 08:53:12.458,-0.932755
2020/01/09 08:53:12.558,-0.932037
2020/01/09 08:53:12.657,-0.931976
2020/01/09 08:53:12.757,-0.931656
2020/01/09 08:53:12.856,-0.938034
2020/01/09 08:53:12.956,-0.932983
2020/01/09 08:53:13.055,-0.933472
2020/01/09 08:53:13.155,-0.932266
2020/01/09 08:53:13.254,-0.932190
2020/01/09 08:53:13.354,-0.932571
2020/01/09 08:53:13.453,-0.930084
2020/01/09 08:53:13.553,-0.928238
2020/01/09 08:53:13.652,-0.931030
2020/01/09 08:53:13.752,-0.932159
2020/01/09 08:53:13.851,-0.927444
2020/01/09 08:53:13.951,-0.925003
2020/01/09 08:53:14.050,-0.929535
2020/01/09 08:53:14.150,-0.926834
2020/01/09 08:53:14.249,-0.924942
2020/01/09 08:53:14.349,-0.924179
2020/01/09 08:53:14.448,-0.929367
2020/01/09 08:53:14.548,-0.926712
2020/01/09 08:53:14.647,-0.923843
2020/01/09 08:53:14.746,-0.928406
2020/01/09 08:53:14.846,-0.928009
2020/01/09 08:53:14.945,-0.926743
2020/01/09 08:53:15.045,-0.927170
2020/01/09 08:53:15.144,-0.928970
2020/01/09 08:53:15.244,-0.929291
2020/01/09 08:53:15.343,-0.930405
2020/01/09 08:53:15.443,-0.931519
2020/01/09 08:53:15.542,-0.931168
2020/01/09 08:53:15.642,-0.935333
2020/01/09 08:53:15.741,-0.934158
2020/01/09 08:53:15.841,-0.931549
2020/01/09 08:53:15.940,-0.934357
2020/01/09 08:53:16.039,-0.933929
2020/01/09 08:53:16.139,-0.928162
2020/01/09 08:53:16.238,-0.936371
2020/01/09 08:53:16.338,-0.930145
2020/01/09 08:53:16.437,-0.930634
2020/01/09 08:53:16.537,-0.929581
2020/01/09 08:53:16.636,-0.931030
2020/01/09 08:53:16.736,-0.931885
2020/01/09 08:53:16.835,-0.926712
2020/01/09 08:53:16.934,-0.931961
2020/01/09 08:53:17.034,-0.927994
2020/01/09 08:53:17.134,-0.925598
2020/01/09 08:53:17.233,-0.926300
2020/01/09 08:53:17.332,-0.924484
2020/01/09 08:53:17.432,-0.924942
2020/01/09 08:53:17.531,-0.925766
2020/01/09 08:53:17.631,-0.926895
2020/01/09 08:53:17.730,-0.924103
2020/01/09 08:53:17.830,-0.925797
2020/01/09 08:53:17.929,-0.924957
2020/01/09 08:53:18.029,-0.926285
2020/01/09 08:53:18.133,-0.926132
2020/01/09 08:53:18.227,-0.927795
2020/01/09 08:53:18.327,-0.932739
2020/01/09 08:53:18.426,-0.923355
2020/01/09 08:53:18.526,-0.932281
2020/01/09 08:53:18.625,-0.934677
2020/01/09 08:53:18.725,-0.931335
2020/01/09 08:53:18.824,-0.931931
2020/01/09 08:53:18.924,-0.931427
2020/01/09 08:53:19.023,-0.934814
2020/01/09 08:53:19.123,-0.933014
2020/01/09 08:53:19.222,-0.935669
2020/01/09 08:53:19.322,-0.933090
2020/01/09 08:53:19.421,-0.930649
2020/01/09 08:53:19.521,-0.930069
2020/01/09 08:53:19.620,-0.931381
2020/01/09 08:53:19.720,-0.927826
2020/01/09 08:53:19.819,-0.928665
2020/01/09 08:53:19.918,-0.928421
2020/01/09 08:53:20.018,-0.928345
2020/01/09 08:53:20.117,-0.927628
2020/01/09 08:53:20.217,-0.927673
2020/01/09 08:53:20.316,-0.927505
2020/01/09 08:53:20.416,-0.923859
2020/01/09 08:53:20.515,-0.927597
2020/01/09 08:53:20.615,-0.923203
2020/01/09 08:53:20.714,-0.927368
2020/01/09 08:53:20.814,-0.925583
2020/01/09 08:53:20.913,-0.924942
2020/01/09 08:53:21.012,-0.924881
2020/01/09 08:53:21.112,-0.925644
2020/01/09 08:53:21.211,-0.925964
2020/01/09 08:53:21.311,-0.923630
2020/01/09 08:53:21.410,-0.925385
2020/01/09 08:53:21.510,-0.925278
2020/01/09 08:53:21.609,-0.927246
2020/01/09 08:53:21.709,-0.927124
2020/01/09 08:53:21.808,-0.929276
2020/01/09 08:53:21.908,-0.929382
2020/01/09 08:53:22.007,-0.931519
2020/01/09 08:53:22.106,-0.930695
2020/01/09 08:53:22.206,-0.931107
2020/01/09 08:53:22.306,-0.935272
2020/01/09 08:53:22.405,-0.930374
2020/01/09 08:53:22.505,-0.933075
2020/01/09 08:53:22.604,-0.934311
2020/01/09 08:53:22.703,-0.927521
2020/01/09 08:53:22.803,-0.930603
2020/01/09 08:53:22.902,-0.927765
2020/01/09 08:53:23.002,-0.925339
2020/01/09 08:53:23.101,-0.926376
2020/01/09 08:53:23.201,-0.905670
2020/01/09 08:53:23.300,-0.964005
2020/01/09 08:53:23.399,-0.906281
2020/01/09 08:53:23.499,-0.928864
2020/01/09 08:53:23.598,-0.921677
2020/01/09 08:53:23.698,-0.938568
2020/01/09 08:53:23.797,-0.927917
2020/01/09 08:53:23.897,-0.922272
2020/01/09 08:53:23.996,-0.930710
2020/01/09 08:53:24.096,-0.922302
2020/01/09 08:53:24.195,-0.931137
2020/01/09 08:53:24.294,-0.936478
2020/01/09 08:53:24.394,-0.926056
2020/01/09 08:53:24.494,-0.920883
2020/01/09 08:53:24.593,-0.942749
2020/01/09 08:53:24.693,-0.896667
2020/01/09 08:53:24.792,-0.934509
2020/01/09 08:53:24.891,-0.953461
2020/01/09 08:53:24.991,-0.918579
2020/01/09 08:53:25.090,-0.914978
2020/01/09 08:53:25.190,-0.937317
2020/01/09 08:53:25.289,-0.939148
2020/01/09 08:53:25.389,-0.940018
2020/01/09 08:53:25.488,-0.933258
2020/01/09 08:53:25.588,-0.928009
2020/01/09 08:53:25.687,-0.929886
2020/01/09 08:53:25.786,-0.927155
2020/01/09 08:53:25.886,-0.922745
2020/01/09 08:53:25.985,-0.941071
2020/01/09 08:53:26.085,-0.930710
2020/01/09 08:53:26.184,-0.927673
2020/01/09 08:53:26.284,-0.928421
2020/01/09 08:53:26.383,-0.928696
2020/01/09 08:53:26.483,-0.919022
2020/01/09 08:53:26.582,-0.941864
2020/01/09 08:53:26.682,-0.922134
2020/01/09 08:53:26.781,-0.925217
2020/01/09 08:53:26.880,-0.911591
2020/01/09 08:53:26.980,-0.931992
2020/01/09 08:53:27.079,-0.928101
2020/01/09 08:53:27.179,-0.929718
2020/01/09 08:53:27.278,-0.919037
2020/01/09 08:53:27.378,-0.936691
2020/01/09 08:53:27.477,-0.918625
2020/01/09 08:53:27.577,-0.920670
2020/01/09 08:53:27.676,-0.931015
2020/01/09 08:53:27.776,-0.921494
2020/01/09 08:53:27.875,-0.921356
2020/01/09 08:53:27.975,-0.919830
2020/01/09 08:53:28.074,-0.933884
2020/01/09 08:53:28.174,-0.916397
2020/01/09 08:53:28.273,-0.979645
2020/01/09 08:53:28.372,-0.939392
2020/01/09 08:53:28.472,-0.919388
2020/01/09 08:53:28.571,-0.939407
2020/01/09 08:53:28.671,-0.916626
2020/01/09 08:53:28.770,-0.954285
2020/01/09 08:53:28.870,-0.898010
2020/01/09 08:53:28.969,-0.932510
2020/01/09 08:53:29.068,-0.929108
2020/01/09 08:53:29.168,-0.981796
2020/01/09 08:53:29.268,-0.932098
2020/01/09 08:53:29.367,-0.944855
2020/01/09 08:53:29.466,-0.922546
2020/01/09 08:53:29.566,-0.936600
2020/01/09 08:53:29.665,-0.982376
2020/01/09 08:53:29.765,-0.976089
2020/01/09 08:53:29.864,-0.931351
2020/01/09 08:53:29.964,-0.968765
2020/01/09 08:53:30.063,-0.982071
2020/01/09 08:53:30.163,-0.947052
2020/01/09 08:53:30.262,-0.907104
2020/01/09 08:53:30.362,-0.862579
2020/01/09 08:53:30.461,-0.958252
2020/01/09 08:53:30.561,-0.892151
2020/01/09 08:53:30.660,-0.993240
2020/01/09 08:53:30.760,-0.920151
2020/01/09 08:53:30.859,-0.934296
2020/01/09 08:53:30.958,-0.950302
2020/01/09 08:53:31.058,-0.942123
2020/01/09 08:53:31.157,-0.951721
2020/01/09 08:53:31.257,-0.943405
2020/01/09 08:53:31.356,-0.933746
2020/01/09 08:53:31.456,-0.941040
2020/01/09 08:53:31.555,-0.946472
2020/01/09 08:53:31.655,-0.946548
2020/01/09 08:53:31.754,-0.963806
2020/01/09 08:53:31.854,-0.951218
2020/01/09 08:53:31.953,-0.958878
2020/01/09 08:53:32.052,-0.946106
2020/01/09 08:53:32.152,-0.946945
2020/01/09 08:53:32.251,-0.946762
2020/01/09 08:53:32.351,-0.947418
2020/01/09 08:53:32.450,-0.947571
2020/01/09 08:53:32.550,-0.956512
2020/01/09 08:53:32.649,-0.942734
2020/01/09 08:53:32.749,-0.914276
2020/01/09 08:53:32.848,-0.955521
2020/01/09 08:53:32.948,-0.938736
2020/01/09 08:53:33.047,-0.955139
2020/01/09 08:53:33.146,-0.956604
2020/01/09 08:53:33.246,-0.944946
2020/01/09 08:53:33.345,-0.960831
2020/01/09 08:53:33.445,-0.945633
2020/01/09 08:53:33.544,-0.958557
2020/01/09 08:53:33.644,-0.957382
2020/01/09 08:53:33.743,-0.958710
2020/01/09 08:53:33.843,-0.961517
2020/01/09 08:53:33.942,-0.960571
2020/01/09 08:53:34.042,-0.963440
2020/01/09 08:53:34.141,-0.960876
2020/01/09 08:53:34.241,-0.961456
2020/01/09 08:53:34.340,-0.958359
2020/01/09 08:53:34.440,-0.956314
2020/01/09 08:53:34.539,-0.964523
2020/01/09 08:53:34.638,-0.960297
2020/01/09 08:53:34.738,-0.966721
2020/01/09 08:53:34.837,-0.950150
2020/01/09 08:53:34.937,-0.962158
2020/01/09 08:53:35.036,-0.965927
2020/01/09 08:53:35.136,-0.966003
2020/01/09 08:53:35.235,-0.965805
2020/01/09 08:53:35.335,-0.964203
2020/01/09 08:53:35.434,-0.963058
2020/01/09 08:53:35.533,-0.961349
2020/01/09 08:53:35.633,-0.971512
2020/01/09 08:53:35.732,-0.953674
2020/01/09 08:53:35.832,-0.969894
2020/01/09 08:53:35.931,-0.962997
2020/01/09 08:53:36.031,-0.965042
2020/01/09 08:53:36.130,-0.963608
2020/01/09 08:53:36.230,-0.967972
2020/01/09 08:53:36.329,-0.989319
2020/01/09 08:53:36.429,-0.965439
2020/01/09 08:53:36.528,-0.968750
2020/01/09 08:53:36.627,-0.970032
2020/01/09 08:53:36.727,-0.966522
2020/01/09 08:53:36.826,-0.971283
2020/01/09 08:53:36.926,-0.969421
2020/01/09 08:53:37.026,-0.967239
2020/01/09 08:53:37.125,-0.964935
2020/01/09 08:53:37.224,-0.970444
2020/01/09 08:53:37.324,-0.963867
2020/01/09 08:53:37.423,-0.962769
2020/01/09 08:53:37.523,-0.969147
2020/01/09 08:53:37.622,-0.964706
2020/01/09 08:53:37.722,-0.966522
2020/01/09 08:53:37.821,-0.971420
2020/01/09 08:53:37.921,-0.961258
2020/01/09 08:53:38.020,-0.966934
2020/01/09 08:53:38.119,-0.959854
2020/01/09 08:53:38.219,-0.972107
2020/01/09 08:53:38.318,-0.967422
2020/01/09 08:53:38.418,-0.966476
2020/01/09 08:53:38.517,-0.975754
2020/01/09 08:53:38.617,-0.971054
2020/01/09 08:53:38.716,-0.971024
2020/01/09 08:53:38.816,-0.971512
2020/01/09 08:53:38.915,-0.973450
2020/01/09 08:53:39.015,-0.976151
2020/01/09 08:53:39.114,-0.975357
2020/01/09 08:53:39.213,-0.975952
2020/01/09 08:53:39.313,-0.974655
2020/01/09 08:53:39.412,-0.971634
2020/01/09 08:53:39.512,-0.972473
2020/01/09 08:53:39.611,-0.972397
2020/01/09 08:53:39.711,-0.971695
2020/01/09 08:53:39.810,-0.969025
2020/01/09 08:53:39.910,-0.970352
2020/01/09 08:53:40.009,-0.967468
2020/01/09 08:53:40.109,-0.971558
2020/01/09 08:53:40.208,-0.967728
2020/01/09 08:53:40.308,-0.970169
2020/01/09 08:53:40.407,-0.966293
2020/01/09 08:53:40.507,-0.964172
2020/01/09 08:53:40.606,-0.969254
2020/01/09 08:53:40.705,-0.963486
2020/01/09 08:53:40.805,-0.967834
2020/01/09 08:53:40.904,-0.967636
2020/01/09 08:53:41.004,-0.960876
2020/01/09 08:53:41.103,-0.966827
2020/01/09 08:53:41.203,-0.957993
2020/01/09 08:53:41.302,-0.959671
2020/01/09 08:53:41.402,-0.963562
2020/01/09 08:53:41.501,-0.966904
2020/01/09 08:53:41.601,-0.961517
2020/01/09 08:53:41.700,-0.958603
2020/01/09 08:53:41.799,-0.962234
2020/01/09 08:53:41.899,-0.964081
2020/01/09 08:53:41.998,-0.967545
2020/01/09 08:53:42.098,-0.962860
2020/01/09 08:53:42.197,-0.959366
2020/01/09 08:53:42.297,-0.969070
2020/01/09 08:53:42.396,-0.960815
2020/01/09 08:53:42.496,-0.964371
2020/01/09 08:53:42.595,-0.961182
2020/01/09 08:53:42.695,-0.967316
2020/01/09 08:53:42.794,-0.961578
2020/01/09 08:53:42.893,-0.967270
2020/01/09 08:53:42.993,-0.964996
2020/01/09 08:53:43.092,-0.966660
2020/01/09 08:53:43.192,-0.960098
2020/01/09 08:53:43.291,-0.968719
2020/01/09 08:53:43.391,-0.963760
2020/01/09 08:53:43.490,-0.966446
2020/01/09 08:53:43.590,-0.970779
2020/01/09 08:53:43.689,-0.974197
2020/01/09 08:53:43.789,-0.923386
2020/01/09 08:53:43.888,-0.951965
2020/01/09 08:53:43.987,-0.948563
2020/01/09 08:53:44.087,-0.942337
2020/01/09 08:53:44.187,-0.934006
2020/01/09 08:53:44.286,-0.948441
2020/01/09 08:53:44.385,-0.936218
2020/01/09 08:53:44.485,-0.929459
2020/01/09 08:53:44.584,-0.935974
2020/01/09 08:53:44.684,-0.933273
2020/01/09 08:53:44.783,-0.934875
2020/01/09 08:53:44.883,-0.922409
2020/01/09 08:53:44.982,-0.970810
2020/01/09 08:53:45.082,-0.948822
2020/01/09 08:53:45.181,-0.962296
2020/01/09 08:53:45.281,-0.963455
2020/01/09 08:53:45.380,-0.961624
2020/01/09 08:53:45.479,-0.959290
2020/01/09 08:53:45.579,-0.979004
2020/01/09 08:53:45.678,-0.959625
2020/01/09 08:53:45.778,-0.934189
2020/01/09 08:53:45.877,-0.931763
2020/01/09 08:53:45.977,-0.967865
2020/01/09 08:53:46.076,-0.981049
2020/01/09 08:53:46.176,-0.924530
2020/01/09 08:53:46.275,-0.947189
2020/01/09 08:53:46.375,-0.967743
2020/01/09 08:53:46.474,-0.961746
2020/01/09 08:53:46.574,-0.955750
2020/01/09 08:53:46.673,-0.956940
2020/01/09 08:53:46.773,-0.964874
2020/01/09 08:53:46.872,-0.959869
2020/01/09 08:53:46.971,-0.958878
2020/01/09 08:53:47.071,-0.967804
2020/01/09 08:53:47.170,-0.960831
2020/01/09 08:53:47.270,-0.968948
2020/01/09 08:53:47.369,-0.960785
2020/01/09 08:53:47.469,-0.971069
2020/01/09 08:53:47.568,-0.969833
2020/01/09 08:53:47.667,-0.968307
2020/01/09 08:53:47.767,-0.975586
2020/01/09 08:53:47.867,-0.967575
2020/01/09 08:53:47.966,-0.963562
2020/01/09 08:53:48.065,-0.966843
2020/01/09 08:53:48.165,-0.980881
2020/01/09 08:53:48.264,-0.981766
2020/01/09 08:53:48.364,-0.953262
2020/01/09 08:53:48.463,-0.977921
2020/01/09 08:53:48.563,-0.982162
2020/01/09 08:53:48.662,-0.981949
2020/01/09 08:53:48.762,-0.917694
2020/01/09 08:53:48.861,-0.902817
2020/01/09 08:53:48.961,-1.015778
2020/01/09 08:53:49.060,-0.961685
2020/01/09 08:53:49.160,-1.020813
2020/01/09 08:53:49.259,-0.948624
2020/01/09 08:53:49.358,-1.016205
2020/01/09 08:53:49.458,-0.978867
2020/01/09 08:53:49.557,-0.927902
2020/01/09 08:53:49.657,-0.954102
2020/01/09 08:53:49.756,-0.935974
2020/01/09 08:53:49.856,-0.878571
2020/01/09 08:53:49.955,-1.055481
2020/01/09 08:53:50.055,-0.971909
2020/01/09 08:53:50.154,-0.976913
2020/01/09 08:53:50.253,-0.801239
2020/01/09 08:53:50.353,-0.750336
2020/01/09 08:53:50.452,-0.924774
2020/01/09 08:53:50.552,-1.165314
2020/01/09 08:53:50.651,-0.810623
2020/01/09 08:53:50.751,-0.958252
2020/01/09 08:53:50.850,-1.008865
2020/01/09 08:53:50.950,-0.935577
2020/01/09 08:53:51.049,-0.958130
2020/01/09 08:53:51.149,-0.975296
2020/01/09 08:53:51.248,-0.953064
2020/01/09 08:53:51.348,-0.970016
2020/01/09 08:53:51.447,-0.958344
2020/01/09 08:53:51.547,-0.950317
2020/01/09 08:53:51.646,-0.967728
2020/01/09 08:53:51.745,-0.955521
2020/01/09 08:53:51.845,-0.957062
2020/01/09 08:53:51.944,-0.961334
2020/01/09 08:53:52.044,-0.962051
2020/01/09 08:53:52.143,-0.958862
2020/01/09 08:53:52.243,-0.956238
2020/01/09 08:53:52.342,-0.961777
2020/01/09 08:53:52.442,-0.958466
2020/01/09 08:53:52.541,-0.967651
2020/01/09 08:53:52.640,-0.963303
2020/01/09 08:53:52.740,-0.971344
2020/01/09 08:53:52.839,-0.964050
2020/01/09 08:53:52.939,-0.964828
2020/01/09 08:53:53.038,-0.962433
2020/01/09 08:53:53.138,-0.970108
2020/01/09 08:53:53.237,-0.962738
2020/01/09 08:53:53.337,-0.966568
2020/01/09 08:53:53.436,-0.968094
2020/01/09 08:53:53.536,-0.964401
2020/01/09 08:53:53.635,-0.961288
2020/01/09 08:53:53.735,-0.962967
2020/01/09 08:53:53.834,-0.972198
2020/01/09 08:53:53.933,-0.965454
2020/01/09 08:53:54.033,-0.966660
2020/01/09 08:53:54.132,-0.963608
2020/01/09 08:53:54.232,-0.966507
2020/01/09 08:53:54.331,-0.959732
2020/01/09 08:53:54.431,-0.961243
2020/01/09 08:53:54.530,-0.962265
2020/01/09 08:53:54.629,-0.959274
2020/01/09 08:53:54.729,-0.955994
2020/01/09 08:53:54.828,-0.956696
2020/01/09 08:53:54.928,-0.961395
2020/01/09 08:53:55.028,-0.965225
2020/01/09 08:53:55.127,-0.959610
2020/01/09 08:53:55.226,-0.968948
2020/01/09 08:53:55.326,-0.947174
2020/01/09 08:53:55.425,-0.963135
2020/01/09 08:53:55.525,-0.958542
2020/01/09 08:53:55.624,-0.959076
2020/01/09 08:53:55.724,-0.960037
2020/01/09 08:53:55.823,-0.977173
2020/01/09 08:53:55.923,-0.959396
2020/01/09 08:53:56.022,-0.939697
2020/01/09 08:53:56.122,-0.979523
2020/01/09 08:53:56.221,-0.958298
2020/01/09 08:53:56.320,-0.958069
2020/01/09 08:53:56.420,-0.965927
2020/01/09 08:53:56.520,-0.957123
2020/01/09 08:53:56.619,-0.962387
2020/01/09 08:53:56.718,-0.959503
2020/01/09 08:53:56.818,-0.959549
2020/01/09 08:53:56.917,-0.960724
2020/01/09 08:53:57.017,-0.958069
2020/01/09 08:53:57.116,-0.962158
2020/01/09 08:53:57.222,-0.959534
