2020/01/08 19:25:57.073,-0.156569
2020/01/08 19:25:57.173,0.072088
2020/01/08 19:25:57.273,-0.044490
2020/01/08 19:25:57.373,-0.182522
2020/01/08 19:25:57.473,-1.144103
2020/01/08 19:25:57.573,-0.730019
2020/01/08 19:25:57.673,-0.226448
2020/01/08 19:25:57.773,-6.075853
2020/01/08 19:25:57.873,-8.085279
2020/01/08 19:25:57.973,2.213061
2020/01/08 19:25:58.073,-0.516721
2020/01/08 19:25:58.173,-1.490697
2020/01/08 19:25:58.273,-1.339950
2020/01/08 19:25:58.373,1.158038
2020/01/08 19:25:58.473,8.443409
2020/01/08 19:25:58.573,5.474481
2020/01/08 19:25:58.673,-1.527312
2020/01/08 19:25:58.773,-0.308067
2020/01/08 19:25:58.873,-0.381469
2020/01/08 19:25:58.973,-0.203022
2020/01/08 19:25:59.073,-4.168353
2020/01/08 19:25:59.173,-6.631452
2020/01/08 19:25:59.273,2.336509
2020/01/08 19:25:59.373,0.232797
2020/01/08 19:25:59.472,-0.848752
2020/01/08 19:25:59.573,-1.177138
2020/01/08 19:25:59.672,-0.743360
2020/01/08 19:25:59.773,-0.721493
2020/01/08 19:25:59.872,-2.146472
2020/01/08 19:25:59.972,0.482710
2020/01/08 19:26:00.072,5.629146
2020/01/08 19:26:00.172,-0.681123
2020/01/08 19:26:00.272,0.713971
2020/01/08 19:26:00.372,-0.581562
2020/01/08 19:26:00.472,0.140019
2020/01/08 19:26:00.572,-0.383138
2020/01/08 19:26:00.672,-0.357756
2020/01/08 19:26:00.772,-0.367897
2020/01/08 19:26:00.872,-0.836512
2020/01/08 19:26:00.972,0.238054
2020/01/08 19:26:01.072,3.098272
2020/01/08 19:26:01.172,-0.971212
2020/01/08 19:26:01.272,0.115183
2020/01/08 19:26:01.372,-0.078135
2020/01/08 19:26:01.472,-0.041824
2020/01/08 19:26:01.572,0.203518
2020/01/08 19:26:01.672,0.009181
2020/01/08 19:26:01.772,-0.054171
2020/01/08 19:26:01.872,0.046556
2020/01/08 19:26:01.972,-0.188564
2020/01/08 19:26:02.072,-0.153997
2020/01/08 19:26:02.172,-0.059375
2020/01/08 19:26:02.272,-0.185480
2020/01/08 19:26:02.372,-0.030512
2020/01/08 19:26:02.472,0.091058
2020/01/08 19:26:02.572,0.077764
2020/01/08 19:26:02.672,-0.039596
2020/01/08 19:26:02.772,-0.255569
2020/01/08 19:26:02.872,-0.528228
2020/01/08 19:26:02.972,0.171026
2020/01/08 19:26:03.072,0.752345
2020/01/08 19:26:03.172,0.525621
2020/01/08 19:26:03.271,0.219738
2020/01/08 19:26:03.372,0.318997
2020/01/08 19:26:03.472,0.305435
2020/01/08 19:26:03.572,0.299378
2020/01/08 19:26:03.672,0.420311
2020/01/08 19:26:03.771,0.749166
2020/01/08 19:26:03.871,0.614428
2020/01/08 19:26:03.971,0.209810
2020/01/08 19:26:04.071,0.000754
2020/01/08 19:26:04.171,-0.214296
2020/01/08 19:26:04.271,-0.068718
2020/01/08 19:26:04.371,-0.000339
2020/01/08 19:26:04.471,-0.248241
2020/01/08 19:26:04.571,-0.082577
2020/01/08 19:26:04.671,-0.082634
2020/01/08 19:26:04.771,-0.139427
2020/01/08 19:26:04.871,-0.136377
2020/01/08 19:26:04.971,0.054251
2020/01/08 19:26:05.071,0.284586
2020/01/08 19:26:05.171,-0.358371
2020/01/08 19:26:05.271,-0.069620
2020/01/08 19:26:05.371,-0.386225
2020/01/08 19:26:05.471,-1.046487
2020/01/08 19:26:05.571,0.235964
2020/01/08 19:26:05.671,-0.379319
2020/01/08 19:26:05.771,-0.752101
2020/01/08 19:26:05.871,0.160574
2020/01/08 19:26:05.971,-0.779478
2020/01/08 19:26:06.071,-0.325669
2020/01/08 19:26:06.171,0.488673
2020/01/08 19:26:06.271,0.557591
2020/01/08 19:26:06.371,-0.834642
2020/01/08 19:26:06.471,-0.119622
2020/01/08 19:26:06.571,-0.192390
2020/01/08 19:26:06.671,0.052984
2020/01/08 19:26:06.771,0.265278
2020/01/08 19:26:06.871,1.033226
2020/01/08 19:26:06.971,0.925084
2020/01/08 19:26:07.071,0.483033
2020/01/08 19:26:07.171,0.683645
2020/01/08 19:26:07.271,0.622743
2020/01/08 19:26:07.370,0.163632
2020/01/08 19:26:07.471,0.069267
2020/01/08 19:26:07.570,-0.176208
2020/01/08 19:26:07.670,-0.214194
2020/01/08 19:26:07.770,-0.229342
2020/01/08 19:26:07.870,-0.291317
2020/01/08 19:26:07.970,-1.383193
2020/01/08 19:26:08.070,0.550851
2020/01/08 19:26:08.170,-0.263677
2020/01/08 19:26:08.270,-0.482411
2020/01/08 19:26:08.370,-0.021464
2020/01/08 19:26:08.470,-0.197149
2020/01/08 19:26:08.570,-0.637400
2020/01/08 19:26:08.670,-0.052557
2020/01/08 19:26:08.770,-0.636445
2020/01/08 19:26:08.870,-0.061491
2020/01/08 19:26:08.970,0.688526
2020/01/08 19:26:09.070,0.313971
2020/01/08 19:26:09.170,-0.123531
2020/01/08 19:26:09.270,-0.354644
2020/01/08 19:26:09.370,-0.227679
2020/01/08 19:26:09.470,-0.214732
2020/01/08 19:26:09.570,-0.020287
2020/01/08 19:26:09.670,0.404868
2020/01/08 19:26:09.770,1.141160
2020/01/08 19:26:09.870,0.764374
2020/01/08 19:26:09.970,0.662928
2020/01/08 19:26:10.070,0.673483
2020/01/08 19:26:10.170,0.468257
2020/01/08 19:26:10.270,-0.145001
2020/01/08 19:26:10.370,-0.039646
2020/01/08 19:26:10.470,-0.090571
2020/01/08 19:26:10.570,-0.125689
2020/01/08 19:26:10.670,-0.336172
2020/01/08 19:26:10.770,-0.371285
2020/01/08 19:26:10.870,-0.636661
2020/01/08 19:26:10.970,0.281975
2020/01/08 19:26:11.070,-0.004619
2020/01/08 19:26:11.170,-0.480771
2020/01/08 19:26:11.269,-0.098470
2020/01/08 19:26:11.370,-0.178430
2020/01/08 19:26:11.470,-0.561314
2020/01/08 19:26:11.569,-0.261393
2020/01/08 19:26:11.669,-0.399462
2020/01/08 19:26:11.769,-0.188964
2020/01/08 19:26:11.869,0.516612
2020/01/08 19:26:11.969,0.179950
2020/01/08 19:26:12.069,0.204960
2020/01/08 19:26:12.169,-0.451324
2020/01/08 19:26:12.269,-0.029501
2020/01/08 19:26:12.369,-0.046409
2020/01/08 19:26:12.469,0.593289
2020/01/08 19:26:12.569,1.164300
2020/01/08 19:26:12.669,0.558907
2020/01/08 19:26:12.769,0.583394
2020/01/08 19:26:12.869,0.245326
2020/01/08 19:26:12.969,0.368868
2020/01/08 19:26:13.069,0.316689
2020/01/08 19:26:13.169,-0.014773
2020/01/08 19:26:13.269,-0.066176
2020/01/08 19:26:13.369,-0.002093
2020/01/08 19:26:13.469,0.214174
2020/01/08 19:26:13.569,-0.357020
2020/01/08 19:26:13.669,-0.505272
2020/01/08 19:26:13.769,-0.714575
2020/01/08 19:26:13.869,0.048780
2020/01/08 19:26:13.969,-0.040642
2020/01/08 19:26:14.069,-0.425035
2020/01/08 19:26:14.169,-0.162164
2020/01/08 19:26:14.269,-0.001111
2020/01/08 19:26:14.369,-0.562460
2020/01/08 19:26:14.469,-0.232157
2020/01/08 19:26:14.569,-1.045164
2020/01/08 19:26:14.669,-0.369310
2020/01/08 19:26:14.769,0.268981
2020/01/08 19:26:14.869,0.572223
2020/01/08 19:26:14.969,0.226795
2020/01/08 19:26:15.069,0.262122
2020/01/08 19:26:15.168,-0.214909
2020/01/08 19:26:15.269,-0.024198
2020/01/08 19:26:15.368,0.509346
2020/01/08 19:26:15.468,0.733048
2020/01/08 19:26:15.568,0.801493
2020/01/08 19:26:15.668,0.457286
2020/01/08 19:26:15.768,0.322856
2020/01/08 19:26:15.868,0.352960
2020/01/08 19:26:15.968,0.311158
2020/01/08 19:26:16.068,0.395940
2020/01/08 19:26:16.168,0.099002
2020/01/08 19:26:16.268,-0.116400
2020/01/08 19:26:16.368,-0.107563
2020/01/08 19:26:16.468,-0.150255
2020/01/08 19:26:16.568,-0.039160
2020/01/08 19:26:16.668,-0.400233
2020/01/08 19:26:16.768,-0.453219
2020/01/08 19:26:16.868,-0.602138
2020/01/08 19:26:16.968,0.210138
2020/01/08 19:26:17.068,-0.217204
2020/01/08 19:26:17.168,-0.403860
2020/01/08 19:26:17.268,0.066751
2020/01/08 19:26:17.368,-0.103141
2020/01/08 19:26:17.468,-0.728017
2020/01/08 19:26:17.568,-0.332414
2020/01/08 19:26:17.668,-0.703783
2020/01/08 19:26:17.768,0.082337
2020/01/08 19:26:17.868,0.422667
2020/01/08 19:26:17.968,0.479999
2020/01/08 19:26:18.068,-0.283262
2020/01/08 19:26:18.168,0.084273
2020/01/08 19:26:18.268,-0.448850
2020/01/08 19:26:18.368,0.274284
2020/01/08 19:26:18.468,0.061114
2020/01/08 19:26:18.568,0.863976
2020/01/08 19:26:18.668,0.741007
2020/01/08 19:26:18.767,0.436867
2020/01/08 19:26:18.868,0.514546
2020/01/08 19:26:18.968,0.477607
2020/01/08 19:26:19.068,0.220866
2020/01/08 19:26:19.167,0.598968
2020/01/08 19:26:19.267,-0.033948
2020/01/08 19:26:19.367,0.118151
2020/01/08 19:26:19.467,-0.314265
2020/01/08 19:26:19.567,-0.236275
2020/01/08 19:26:19.667,-0.009857
2020/01/08 19:26:19.767,-0.456107
2020/01/08 19:26:19.867,-0.468659
2020/01/08 19:26:19.967,-0.594596
2020/01/08 19:26:20.067,0.361658
2020/01/08 19:26:20.167,-0.220020
2020/01/08 19:26:20.267,-0.512360
2020/01/08 19:26:20.367,0.018375
2020/01/08 19:26:20.467,-0.325967
2020/01/08 19:26:20.567,-0.446924
2020/01/08 19:26:20.667,-0.628205
2020/01/08 19:26:20.767,-0.597536
2020/01/08 19:26:20.867,0.126210
2020/01/08 19:26:20.967,0.625682
2020/01/08 19:26:21.067,0.214974
2020/01/08 19:26:21.167,-0.032920
2020/01/08 19:26:21.267,-0.266945
2020/01/08 19:26:21.367,0.125755
2020/01/08 19:26:21.467,0.166115
2020/01/08 19:26:21.567,1.005696
2020/01/08 19:26:21.667,1.077805
2020/01/08 19:26:21.767,0.470615
2020/01/08 19:26:21.867,0.535327
2020/01/08 19:26:21.967,0.481612
2020/01/08 19:26:22.067,0.435631
2020/01/08 19:26:22.166,0.135950
2020/01/08 19:26:22.267,-0.014093
2020/01/08 19:26:22.367,-0.239485
2020/01/08 19:26:22.467,-0.192455
2020/01/08 19:26:22.567,-0.010519
2020/01/08 19:26:22.666,-0.241884
2020/01/08 19:26:22.767,-0.158886
2020/01/08 19:26:22.867,-0.520658
2020/01/08 19:26:22.966,-0.060210
2020/01/08 19:26:23.066,-0.324839
2020/01/08 19:26:23.166,-0.395849
2020/01/08 19:26:23.266,-0.220182
2020/01/08 19:26:23.366,-0.087064
2020/01/08 19:26:23.466,-0.194686
2020/01/08 19:26:23.566,-0.304429
2020/01/08 19:26:23.666,-0.529724
2020/01/08 19:26:23.766,-0.589413
2020/01/08 19:26:23.866,-0.230057
2020/01/08 19:26:23.966,-0.339587
2020/01/08 19:26:24.066,0.198943
2020/01/08 19:26:24.166,0.698173
2020/01/08 19:26:24.266,-0.485469
2020/01/08 19:26:24.366,0.478942
2020/01/08 19:26:24.466,-0.687127
2020/01/08 19:26:24.566,0.757274
2020/01/08 19:26:24.666,-0.121614
2020/01/08 19:26:24.766,1.174258
2020/01/08 19:26:24.866,0.928738
2020/01/08 19:26:24.966,0.744135
2020/01/08 19:26:25.066,0.434255
2020/01/08 19:26:25.166,0.658740
2020/01/08 19:26:25.266,0.105127
2020/01/08 19:26:25.366,-0.123298
2020/01/08 19:26:25.466,-0.309402
2020/01/08 19:26:25.566,-0.080194
2020/01/08 19:26:25.666,-0.159790
2020/01/08 19:26:25.766,-0.506057
2020/01/08 19:26:25.866,-0.583853
2020/01/08 19:26:25.966,-0.574303
2020/01/08 19:26:26.066,0.168895
2020/01/08 19:26:26.166,-0.145271
2020/01/08 19:26:26.266,-0.742455
2020/01/08 19:26:26.366,0.251336
2020/01/08 19:26:26.466,-0.361588
2020/01/08 19:26:26.566,-0.292251
2020/01/08 19:26:26.666,-0.558541
2020/01/08 19:26:26.766,-0.694257
2020/01/08 19:26:26.865,0.228645
2020/01/08 19:26:26.965,0.644859
2020/01/08 19:26:27.065,-0.859326
2020/01/08 19:26:27.165,0.333749
2020/01/08 19:26:27.265,-0.050352
2020/01/08 19:26:27.365,0.402348
2020/01/08 19:26:27.465,0.086253
2020/01/08 19:26:27.565,0.992367
2020/01/08 19:26:27.665,0.947830
2020/01/08 19:26:27.765,0.542595
2020/01/08 19:26:27.865,0.510247
2020/01/08 19:26:27.965,0.486331
2020/01/08 19:26:28.065,0.386977
2020/01/08 19:26:28.165,0.102664
2020/01/08 19:26:28.265,-0.098442
2020/01/08 19:26:28.365,-0.296801
2020/01/08 19:26:28.465,-0.265014
2020/01/08 19:26:28.565,-0.243924
2020/01/08 19:26:28.665,-0.456504
2020/01/08 19:26:28.765,-0.593197
2020/01/08 19:26:28.865,0.066890
2020/01/08 19:26:28.965,-0.069797
2020/01/08 19:26:29.065,-0.496047
2020/01/08 19:26:29.165,0.008343
2020/01/08 19:26:29.265,-0.084044
2020/01/08 19:26:29.365,0.045024
2020/01/08 19:26:29.465,-0.239847
2020/01/08 19:26:29.565,-0.333658
2020/01/08 19:26:29.665,-1.054340
2020/01/08 19:26:29.765,-0.111583
2020/01/08 19:26:29.865,0.945760
2020/01/08 19:26:29.965,-1.007124
2020/01/08 19:26:30.065,1.030137
2020/01/08 19:26:30.165,-0.544616
2020/01/08 19:26:30.265,-0.019236
2020/01/08 19:26:30.364,0.110124
2020/01/08 19:26:30.465,0.664576
2020/01/08 19:26:30.564,0.805582
2020/01/08 19:26:30.664,0.317133
2020/01/08 19:26:30.764,0.440917
2020/01/08 19:26:30.864,0.797872
2020/01/08 19:26:30.964,0.430412
2020/01/08 19:26:31.064,0.201096
2020/01/08 19:26:31.164,0.540979
2020/01/08 19:26:31.264,-0.070458
2020/01/08 19:26:31.364,-0.118461
2020/01/08 19:26:31.464,-0.364852
2020/01/08 19:26:31.564,-0.186876
2020/01/08 19:26:31.664,-0.170870
2020/01/08 19:26:31.764,-0.448598
2020/01/08 19:26:31.864,-0.762294
2020/01/08 19:26:31.964,-0.104498
2020/01/08 19:26:32.064,0.153747
2020/01/08 19:26:32.164,-0.324008
2020/01/08 19:26:32.264,-0.411675
2020/01/08 19:26:32.364,0.282535
2020/01/08 19:26:32.464,-0.771595
2020/01/08 19:26:32.564,-1.124548
2020/01/08 19:26:32.664,-0.267770
2020/01/08 19:26:32.764,0.372523
2020/01/08 19:26:32.864,0.675267
2020/01/08 19:26:32.964,-0.475978
2020/01/08 19:26:33.064,-0.100069
2020/01/08 19:26:33.164,0.079243
2020/01/08 19:26:33.264,-0.084080
2020/01/08 19:26:33.364,0.519198
2020/01/08 19:26:33.464,0.675384
2020/01/08 19:26:33.564,0.949960
2020/01/08 19:26:33.664,0.629186
2020/01/08 19:26:33.764,0.371902
2020/01/08 19:26:33.864,0.294374
2020/01/08 19:26:33.964,0.101723
2020/01/08 19:26:34.064,0.500819
2020/01/08 19:26:34.164,0.687330
2020/01/08 19:26:34.264,0.077083
2020/01/08 19:26:34.364,0.068726
2020/01/08 19:26:34.463,-0.138302
2020/01/08 19:26:34.564,0.003966
2020/01/08 19:26:34.664,-0.406662
2020/01/08 19:26:34.763,-0.225065
2020/01/08 19:26:34.864,-1.262179
2020/01/08 19:26:34.963,0.192318
2020/01/08 19:26:35.063,0.059893
2020/01/08 19:26:35.163,-0.296182
2020/01/08 19:26:35.263,-0.433804
2020/01/08 19:26:35.363,-0.286403
2020/01/08 19:26:35.463,-0.851364
2020/01/08 19:26:35.563,-1.037813
2020/01/08 19:26:35.663,0.080986
2020/01/08 19:26:35.763,0.685615
2020/01/08 19:26:35.863,1.086067
2020/01/08 19:26:35.963,0.167535
2020/01/08 19:26:36.063,-0.748107
2020/01/08 19:26:36.163,0.187774
2020/01/08 19:26:36.263,0.190459
2020/01/08 19:26:36.363,0.612417
2020/01/08 19:26:36.463,1.079653
2020/01/08 19:26:36.563,0.414580
2020/01/08 19:26:36.663,0.300484
2020/01/08 19:26:36.763,0.359477
2020/01/08 19:26:36.863,0.328176
2020/01/08 19:26:36.963,0.896360
2020/01/08 19:26:37.062,-0.062436
2020/01/08 19:26:37.163,-0.086343
2020/01/08 19:26:37.263,-0.328730
2020/01/08 19:26:37.362,-0.112078
2020/01/08 19:26:37.463,-0.332878
2020/01/08 19:26:37.563,-0.211112
2020/01/08 19:26:37.663,-1.041342
2020/01/08 19:26:37.762,0.035617
2020/01/08 19:26:37.863,-0.231351
2020/01/08 19:26:37.963,0.106012
2020/01/08 19:26:38.062,-0.091237
2020/01/08 19:26:38.162,-0.007603
2020/01/08 19:26:38.262,-0.102440
2020/01/08 19:26:38.362,-0.069610
2020/01/08 19:26:38.463,-0.548329
2020/01/08 19:26:38.562,-1.253173
2020/01/08 19:26:38.662,-1.102122
2020/01/08 19:26:38.762,-0.178963
2020/01/08 19:26:38.862,0.304048
2020/01/08 19:26:38.962,0.567718
2020/01/08 19:26:39.062,-0.691984
2020/01/08 19:26:39.162,0.251575
2020/01/08 19:26:39.262,-0.224316
2020/01/08 19:26:39.362,0.564901
2020/01/08 19:26:39.462,0.546141
2020/01/08 19:26:39.562,1.124663
2020/01/08 19:26:39.662,0.309316
2020/01/08 19:26:39.762,0.296064
2020/01/08 19:26:39.862,0.506097
2020/01/08 19:26:39.962,0.283846
2020/01/08 19:26:40.062,0.552105
2020/01/08 19:26:40.162,0.303615
2020/01/08 19:26:40.262,0.264602
2020/01/08 19:26:40.362,-0.085401
2020/01/08 19:26:40.462,0.030212
2020/01/08 19:26:40.562,0.080737
2020/01/08 19:26:40.662,-0.451318
2020/01/08 19:26:40.762,-0.071662
2020/01/08 19:26:40.862,-0.741741
2020/01/08 19:26:40.962,-0.487781
2020/01/08 19:26:41.062,-0.049731
2020/01/08 19:26:41.162,0.035007
2020/01/08 19:26:41.262,-0.682604
2020/01/08 19:26:41.362,-0.173704
2020/01/08 19:26:41.462,-0.595078
2020/01/08 19:26:41.562,-0.743874
2020/01/08 19:26:41.662,-0.876299
2020/01/08 19:26:41.762,0.240877
2020/01/08 19:26:41.862,0.725366
2020/01/08 19:26:41.962,-0.862533
2020/01/08 19:26:42.062,0.860610
2020/01/08 19:26:42.162,-0.575333
2020/01/08 19:26:42.261,-0.003744
2020/01/08 19:26:42.361,-0.302340
2020/01/08 19:26:42.461,1.107610
2020/01/08 19:26:42.561,0.042053
2020/01/08 19:26:42.661,1.160957
2020/01/08 19:26:42.761,0.728003
2020/01/08 19:26:42.861,0.611438
2020/01/08 19:26:42.961,0.428622
2020/01/08 19:26:43.061,0.263582
2020/01/08 19:26:43.161,0.222063
2020/01/08 19:26:43.261,0.267504
2020/01/08 19:26:43.361,-0.036070
2020/01/08 19:26:43.461,-0.174509
2020/01/08 19:26:43.561,-0.138183
2020/01/08 19:26:43.661,-0.255467
2020/01/08 19:26:43.761,-0.127806
2020/01/08 19:26:43.861,-0.048990
2020/01/08 19:26:43.961,-0.996762
2020/01/08 19:26:44.061,-0.233760
2020/01/08 19:26:44.161,-0.628556
2020/01/08 19:26:44.261,-0.470178
2020/01/08 19:26:44.361,-0.334494
2020/01/08 19:26:44.461,-0.709254
2020/01/08 19:26:44.561,-1.467034
2020/01/08 19:26:44.661,-0.696409
2020/01/08 19:26:44.761,0.482585
2020/01/08 19:26:44.861,0.712954
2020/01/08 19:26:44.961,-0.729914
2020/01/08 19:26:45.061,0.381034
2020/01/08 19:26:45.161,-0.142043
2020/01/08 19:26:45.261,0.069411
2020/01/08 19:26:45.361,0.115040
2020/01/08 19:26:45.461,0.386272
2020/01/08 19:26:45.561,0.129909
2020/01/08 19:26:45.661,0.883143
2020/01/08 19:26:45.761,0.749922
2020/01/08 19:26:45.861,0.629327
2020/01/08 19:26:45.961,0.481638
2020/01/08 19:26:46.061,0.554662
2020/01/08 19:26:46.161,0.230122
2020/01/08 19:26:46.261,0.067116
2020/01/08 19:26:46.360,-0.183510
2020/01/08 19:26:46.460,-0.032726
2020/01/08 19:26:46.560,0.021828
2020/01/08 19:26:46.660,-0.338472
2020/01/08 19:26:46.760,-0.224501
2020/01/08 19:26:46.860,-1.461179
2020/01/08 19:26:46.960,0.182931
2020/01/08 19:26:47.060,-0.422288
2020/01/08 19:26:47.160,-0.263635
2020/01/08 19:26:47.260,-0.227589
2020/01/08 19:26:47.360,0.024749
2020/01/08 19:26:47.460,-0.339158
2020/01/08 19:26:47.560,-0.869507
2020/01/08 19:26:47.660,-0.933929
2020/01/08 19:26:47.760,0.108644
2020/01/08 19:26:47.860,0.779076
2020/01/08 19:26:47.960,-0.763029
2020/01/08 19:26:48.060,0.259035
2020/01/08 19:26:48.160,-0.276711
2020/01/08 19:26:48.260,-0.020341
2020/01/08 19:26:48.360,0.094843
2020/01/08 19:26:48.460,0.386446
2020/01/08 19:26:48.560,0.852724
2020/01/08 19:26:48.660,1.260404
2020/01/08 19:26:48.760,0.366906
2020/01/08 19:26:48.860,0.650450
2020/01/08 19:26:48.960,0.418726
2020/01/08 19:26:49.060,0.593227
2020/01/08 19:26:49.160,0.084126
2020/01/08 19:26:49.260,0.061745
2020/01/08 19:26:49.360,-0.032262
2020/01/08 19:26:49.460,-0.213272
2020/01/08 19:26:49.559,-0.565234
2020/01/08 19:26:49.659,-0.239542
2020/01/08 19:26:49.760,-1.236881
2020/01/08 19:26:49.860,-0.240251
2020/01/08 19:26:49.959,-0.115779
2020/01/08 19:26:50.059,-0.391676
2020/01/08 19:26:50.160,-0.426157
2020/01/08 19:26:50.259,-0.106724
2020/01/08 19:26:50.359,-0.423755
2020/01/08 19:26:50.459,-1.094125
2020/01/08 19:26:50.559,0.040809
2020/01/08 19:26:50.659,-0.935628
2020/01/08 19:26:50.759,0.029090
2020/01/08 19:26:50.859,-0.058046
2020/01/08 19:26:50.959,0.982596
2020/01/08 19:26:51.059,0.935085
2020/01/08 19:26:51.159,-0.689216
2020/01/08 19:26:51.259,-0.444681
2020/01/08 19:26:51.359,0.268146
2020/01/08 19:26:51.459,0.888691
2020/01/08 19:26:51.559,0.436998
2020/01/08 19:26:51.659,1.267849
2020/01/08 19:26:51.759,0.581156
2020/01/08 19:26:51.859,0.357803
2020/01/08 19:26:51.959,0.680319
2020/01/08 19:26:52.059,0.109741
2020/01/08 19:26:52.159,0.213904
2020/01/08 19:26:52.259,-0.355087
2020/01/08 19:26:52.359,-0.155928
2020/01/08 19:26:52.459,0.050886
2020/01/08 19:26:52.559,-0.448037
2020/01/08 19:26:52.659,-0.492825
2020/01/08 19:26:52.759,-1.005803
2020/01/08 19:26:52.859,0.452998
2020/01/08 19:26:52.959,-0.775208
2020/01/08 19:26:53.059,-0.173550
2020/01/08 19:26:53.159,-0.177522
2020/01/08 19:26:53.259,-0.648432
2020/01/08 19:26:53.359,-1.740974
2020/01/08 19:26:53.459,-0.235321
2020/01/08 19:26:53.559,0.557552
2020/01/08 19:26:53.658,0.569135
2020/01/08 19:26:53.758,-1.279361
2020/01/08 19:26:53.859,0.874392
2020/01/08 19:26:53.958,-0.632924
2020/01/08 19:26:54.059,0.257325
2020/01/08 19:26:54.158,-0.404909
2020/01/08 19:26:54.258,1.198156
2020/01/08 19:26:54.358,0.562530
2020/01/08 19:26:54.458,1.348481
2020/01/08 19:26:54.558,0.491376
2020/01/08 19:26:54.658,0.224653
2020/01/08 19:26:54.758,0.261763
2020/01/08 19:26:54.858,0.479344
2020/01/08 19:26:54.958,0.448664
2020/01/08 19:26:55.058,0.093783
2020/01/08 19:26:55.158,-0.063493
2020/01/08 19:26:55.258,0.153994
2020/01/08 19:26:55.358,0.090901
2020/01/08 19:26:55.458,-0.354412
2020/01/08 19:26:55.558,-0.335777
2020/01/08 19:26:55.658,-0.697416
2020/01/08 19:26:55.758,-0.669698
2020/01/08 19:26:55.858,-0.288252
2020/01/08 19:26:55.958,0.183689
2020/01/08 19:26:56.058,0.162781
2020/01/08 19:26:56.158,-0.457765
2020/01/08 19:26:56.258,0.249207
2020/01/08 19:26:56.358,-0.150758
2020/01/08 19:26:56.458,-0.333746
2020/01/08 19:26:56.558,-0.740533
2020/01/08 19:26:56.658,-1.412496
2020/01/08 19:26:56.758,-0.266150
2020/01/08 19:26:56.858,0.275075
2020/01/08 19:26:56.958,0.719395
2020/01/08 19:26:57.058,-0.831691
2020/01/08 19:26:57.158,0.365818
2020/01/08 19:26:57.258,-0.180881
2020/01/08 19:26:57.357,-0.136482
2020/01/08 19:26:57.458,0.227805
2020/01/08 19:26:57.558,0.233745
2020/01/08 19:26:57.658,0.900848
2020/01/08 19:26:57.757,0.802690
2020/01/08 19:26:57.858,0.610003
2020/01/08 19:26:57.957,0.523012
2020/01/08 19:26:58.057,0.659965
2020/01/08 19:26:58.157,0.386188
2020/01/08 19:26:58.258,-0.078083
2020/01/08 19:26:58.357,-0.047006
2020/01/08 19:26:58.457,-0.270004
2020/01/08 19:26:58.557,-0.026499
2020/01/08 19:26:58.657,-0.460030
2020/01/08 19:26:58.757,-0.393803
2020/01/08 19:26:58.857,-1.160595
2020/01/08 19:26:58.957,0.137784
2020/01/08 19:26:59.057,-0.029291
2020/01/08 19:26:59.157,-0.529176
2020/01/08 19:26:59.257,-0.077089
2020/01/08 19:26:59.357,0.073090
2020/01/08 19:26:59.457,-0.457951
2020/01/08 19:26:59.557,-1.215952
2020/01/08 19:26:59.657,-0.233180
2020/01/08 19:26:59.757,0.812456
2020/01/08 19:26:59.857,-1.033311
2020/01/08 19:26:59.957,0.419916
2020/01/08 19:27:00.057,-0.209866
2020/01/08 19:27:00.157,-0.279516
2020/01/08 19:27:00.257,-0.113605
2020/01/08 19:27:00.357,1.282300
2020/01/08 19:27:00.457,0.372016
2020/01/08 19:27:00.557,0.839974
2020/01/08 19:27:00.657,0.548833
2020/01/08 19:27:00.757,0.669739
2020/01/08 19:27:00.857,0.314725
2020/01/08 19:27:00.957,0.553151
2020/01/08 19:27:01.057,0.215659
2020/01/08 19:27:01.157,0.068602
2020/01/08 19:27:01.256,-0.299738
2020/01/08 19:27:01.357,-0.051849
2020/01/08 19:27:01.457,-0.013040
2020/01/08 19:27:01.556,-0.257648
2020/01/08 19:27:01.656,-0.487047
2020/01/08 19:27:01.756,-1.027695
2020/01/08 19:27:01.856,-0.200601
2020/01/08 19:27:01.956,0.004575
2020/01/08 19:27:02.056,0.093810
2020/01/08 19:27:02.156,-0.200649
2020/01/08 19:27:02.256,0.180497
2020/01/08 19:27:02.356,0.015387
2020/01/08 19:27:02.456,-0.182860
2020/01/08 19:27:02.556,-0.662932
2020/01/08 19:27:02.656,-1.267611
2020/01/08 19:27:02.756,-0.328199
2020/01/08 19:27:02.856,0.052673
2020/01/08 19:27:02.956,0.319274
2020/01/08 19:27:03.056,0.201706
2020/01/08 19:27:03.156,0.271859
2020/01/08 19:27:03.256,-0.419771
2020/01/08 19:27:03.356,-0.125123
2020/01/08 19:27:03.456,-0.601790
2020/01/08 19:27:03.556,0.881785
2020/01/08 19:27:03.656,0.279829
2020/01/08 19:27:03.756,1.148551
2020/01/08 19:27:03.856,0.330558
2020/01/08 19:27:03.956,0.726773
2020/01/08 19:27:04.056,0.637602
2020/01/08 19:27:04.156,0.507210
2020/01/08 19:27:04.256,0.229373
2020/01/08 19:27:04.356,-0.263152
2020/01/08 19:27:04.456,0.062106
2020/01/08 19:27:04.556,0.027072
2020/01/08 19:27:04.656,-0.587134
2020/01/08 19:27:04.756,-0.001981
2020/01/08 19:27:04.856,-0.418137
2020/01/08 19:27:04.956,-0.523990
2020/01/08 19:27:05.056,-0.678615
2020/01/08 19:27:05.156,0.029778
2020/01/08 19:27:05.256,-0.317810
2020/01/08 19:27:05.355,-0.555788
2020/01/08 19:27:05.456,0.011140
2020/01/08 19:27:05.555,-1.543712
2020/01/08 19:27:05.655,-0.499548
2020/01/08 19:27:05.755,0.537928
2020/01/08 19:27:05.855,0.947191
2020/01/08 19:27:05.955,0.302965
2020/01/08 19:27:06.055,-0.885542
2020/01/08 19:27:06.155,0.201106
2020/01/08 19:27:06.255,0.194942
2020/01/08 19:27:06.355,0.522527
2020/01/08 19:27:06.455,0.944484
2020/01/08 19:27:06.555,0.359804
2020/01/08 19:27:06.655,0.724979
2020/01/08 19:27:06.755,0.483298
2020/01/08 19:27:06.855,0.374971
2020/01/08 19:27:06.955,0.501067
2020/01/08 19:27:07.055,0.376258
2020/01/08 19:27:07.155,-0.063856
2020/01/08 19:27:07.255,-0.280147
2020/01/08 19:27:07.355,-0.016908
2020/01/08 19:27:07.455,-0.122240
2020/01/08 19:27:07.555,-0.468587
2020/01/08 19:27:07.655,-0.229902
2020/01/08 19:27:07.755,-0.748200
2020/01/08 19:27:07.855,-0.752498
2020/01/08 19:27:07.955,-0.133510
2020/01/08 19:27:08.055,-0.203429
2020/01/08 19:27:08.155,-0.449897
2020/01/08 19:27:08.255,-0.060726
2020/01/08 19:27:08.355,-0.669299
2020/01/08 19:27:08.455,-2.119743
2020/01/08 19:27:08.555,0.109659
2020/01/08 19:27:08.655,0.990072
2020/01/08 19:27:08.755,-1.000716
2020/01/08 19:27:08.855,0.982069
2020/01/08 19:27:08.955,-0.514587
2020/01/08 19:27:09.055,0.144738
2020/01/08 19:27:09.155,0.413626
2020/01/08 19:27:09.254,1.176841
2020/01/08 19:27:09.355,0.966515
2020/01/08 19:27:09.454,0.640982
2020/01/08 19:27:09.554,0.352131
2020/01/08 19:27:09.654,0.242033
2020/01/08 19:27:09.754,0.371970
2020/01/08 19:27:09.854,0.552820
2020/01/08 19:27:09.954,0.082246
2020/01/08 19:27:10.054,-0.157074
2020/01/08 19:27:10.154,0.145279
2020/01/08 19:27:10.254,0.155170
2020/01/08 19:27:10.354,-0.476548
2020/01/08 19:27:10.454,-0.027161
2020/01/08 19:27:10.554,-0.836735
2020/01/08 19:27:10.654,-0.335255
2020/01/08 19:27:10.754,-0.035988
2020/01/08 19:27:10.854,-0.346131
2020/01/08 19:27:10.954,-0.429610
2020/01/08 19:27:11.054,0.050681
2020/01/08 19:27:11.154,-0.114648
2020/01/08 19:27:11.254,-0.972652
2020/01/08 19:27:11.354,-1.077673
2020/01/08 19:27:11.454,-0.457074
2020/01/08 19:27:11.554,0.218248
2020/01/08 19:27:11.654,0.941099
2020/01/08 19:27:11.754,-0.607823
2020/01/08 19:27:11.854,0.101596
2020/01/08 19:27:11.954,-0.181694
2020/01/08 19:27:12.054,-0.167897
2020/01/08 19:27:12.154,0.685720
2020/01/08 19:27:12.254,0.724762
2020/01/08 19:27:12.354,1.271592
2020/01/08 19:27:12.454,0.541528
2020/01/08 19:27:12.554,0.261523
2020/01/08 19:27:12.654,0.297679
2020/01/08 19:27:12.754,0.592349
2020/01/08 19:27:12.854,0.397926
2020/01/08 19:27:12.954,0.047709
2020/01/08 19:27:13.054,-0.206347
2020/01/08 19:27:13.154,-0.235148
2020/01/08 19:27:13.253,-0.028478
2020/01/08 19:27:13.354,-0.279954
2020/01/08 19:27:13.454,-0.540965
2020/01/08 19:27:13.553,-0.928836
2020/01/08 19:27:13.653,-0.522801
2020/01/08 19:27:13.754,0.082998
2020/01/08 19:27:13.853,0.155499
2020/01/08 19:27:13.953,-0.297313
2020/01/08 19:27:14.053,0.084488
2020/01/08 19:27:14.153,-0.336684
2020/01/08 19:27:14.253,-0.094407
2020/01/08 19:27:14.353,-2.037320
2020/01/08 19:27:14.453,-0.950882
2020/01/08 19:27:14.553,0.522478
2020/01/08 19:27:14.653,1.290199
2020/01/08 19:27:14.753,-0.364082
2020/01/08 19:27:14.853,-0.139171
2020/01/08 19:27:14.953,0.148749
2020/01/08 19:27:15.053,-0.273169
2020/01/08 19:27:15.153,1.176041
2020/01/08 19:27:15.253,0.476714
2020/01/08 19:27:15.353,1.185841
2020/01/08 19:27:15.453,0.271625
2020/01/08 19:27:15.553,0.965263
2020/01/08 19:27:15.653,0.353589
2020/01/08 19:27:15.753,0.801510
2020/01/08 19:27:15.853,0.175412
2020/01/08 19:27:15.953,-0.246861
2020/01/08 19:27:16.053,-0.062844
2020/01/08 19:27:16.153,-0.225614
2020/01/08 19:27:16.253,-0.591931
2020/01/08 19:27:16.353,-0.318767
2020/01/08 19:27:16.453,-1.183751
2020/01/08 19:27:16.553,0.111994
2020/01/08 19:27:16.653,0.063015
2020/01/08 19:27:16.753,-0.261379
2020/01/08 19:27:16.853,-0.003375
2020/01/08 19:27:16.953,-0.237331
2020/01/08 19:27:17.053,-0.125669
2020/01/08 19:27:17.153,0.090108
2020/01/08 19:27:17.252,-1.088540
2020/01/08 19:27:17.353,-1.309513
2020/01/08 19:27:17.453,-0.594521
2020/01/08 19:27:17.553,0.217630
2020/01/08 19:27:17.652,0.928074
2020/01/08 19:27:17.752,-0.876669
2020/01/08 19:27:17.852,0.228021
2020/01/08 19:27:17.952,-0.482366
2020/01/08 19:27:18.052,-0.221658
2020/01/08 19:27:18.152,0.533239
2020/01/08 19:27:18.252,0.722358
2020/01/08 19:27:18.352,0.693981
2020/01/08 19:27:18.452,0.934481
2020/01/08 19:27:18.552,0.262306
2020/01/08 19:27:18.652,0.411298
2020/01/08 19:27:18.752,0.445814
2020/01/08 19:27:18.852,0.459311
2020/01/08 19:27:18.952,0.276718
2020/01/08 19:27:19.052,-0.163091
2020/01/08 19:27:19.152,0.040583
2020/01/08 19:27:19.252,-0.050413
2020/01/08 19:27:19.352,-0.369845
2020/01/08 19:27:19.452,-0.105918
2020/01/08 19:27:19.552,-0.200942
2020/01/08 19:27:19.652,-0.256665
2020/01/08 19:27:19.752,-1.210026
2020/01/08 19:27:19.852,0.151101
2020/01/08 19:27:19.952,0.272589
2020/01/08 19:27:20.052,-0.427024
2020/01/08 19:27:20.152,-0.166433
2020/01/08 19:27:20.252,0.156832
2020/01/08 19:27:20.352,-0.483609
2020/01/08 19:27:20.452,-0.415806
2020/01/08 19:27:20.552,-0.984856
2020/01/08 19:27:20.652,-0.532248
2020/01/08 19:27:20.752,0.123702
2020/01/08 19:27:20.851,0.818984
2020/01/08 19:27:20.952,-0.834363
2020/01/08 19:27:21.052,0.370998
2020/01/08 19:27:21.152,-0.258288
2020/01/08 19:27:21.252,0.003763
2020/01/08 19:27:21.352,-0.355069
2020/01/08 19:27:21.452,1.465450
2020/01/08 19:27:21.551,0.419908
2020/01/08 19:27:21.651,1.307893
2020/01/08 19:27:21.751,0.666119
2020/01/08 19:27:21.851,0.451576
2020/01/08 19:27:21.951,0.416432
2020/01/08 19:27:22.051,0.454104
2020/01/08 19:27:22.151,0.170158
2020/01/08 19:27:22.251,-0.073014
2020/01/08 19:27:22.351,-0.168561
2020/01/08 19:27:22.451,-0.316487
2020/01/08 19:27:22.551,-0.100091
2020/01/08 19:27:22.651,-0.219242
2020/01/08 19:27:22.751,-0.214074
2020/01/08 19:27:22.851,-0.192468
2020/01/08 19:27:22.951,-0.484240
2020/01/08 19:27:23.051,-0.953949
2020/01/08 19:27:23.151,0.094409
2020/01/08 19:27:23.251,-0.510678
2020/01/08 19:27:23.351,-0.673025
2020/01/08 19:27:23.451,-0.428076
2020/01/08 19:27:23.551,-1.330098
2020/01/08 19:27:23.651,-0.929166
2020/01/08 19:27:23.751,0.099389
2020/01/08 19:27:23.851,1.667119
2020/01/08 19:27:23.951,-0.977351
2020/01/08 19:27:24.051,-0.303814
2020/01/08 19:27:24.151,0.037410
2020/01/08 19:27:24.251,-0.145797
2020/01/08 19:27:24.351,-0.098626
2020/01/08 19:27:24.451,1.118333
2020/01/08 19:27:24.551,1.057444
2020/01/08 19:27:24.651,0.482275
2020/01/08 19:27:24.751,0.150230
2020/01/08 19:27:24.851,0.470372
2020/01/08 19:27:24.951,0.469097
2020/01/08 19:27:25.051,0.336450
2020/01/08 19:27:25.150,0.648529
2020/01/08 19:27:25.251,-0.022869
2020/01/08 19:27:25.351,-0.182058
2020/01/08 19:27:25.450,-0.072126
2020/01/08 19:27:25.550,0.111549
2020/01/08 19:27:25.650,-0.448434
2020/01/08 19:27:25.750,-0.419261
2020/01/08 19:27:25.850,-1.488011
2020/01/08 19:27:25.950,-0.226760
2020/01/08 19:27:26.050,-0.046554
2020/01/08 19:27:26.150,0.242292
2020/01/08 19:27:26.250,-0.687110
2020/01/08 19:27:26.350,0.100362
2020/01/08 19:27:26.450,-0.498167
2020/01/08 19:27:26.550,-1.255128
2020/01/08 19:27:26.650,-0.639089
2020/01/08 19:27:26.750,0.464349
2020/01/08 19:27:26.850,1.329318
2020/01/08 19:27:26.950,-1.356259
2020/01/08 19:27:27.050,-0.041520
2020/01/08 19:27:27.150,-0.048521
2020/01/08 19:27:27.250,-0.360230
2020/01/08 19:27:27.350,1.544768
2020/01/08 19:27:27.450,0.481336
2020/01/08 19:27:27.550,1.111246
2020/01/08 19:27:27.650,0.570404
2020/01/08 19:27:27.750,0.446999
2020/01/08 19:27:27.850,0.399475
2020/01/08 19:27:27.950,0.321981
2020/01/08 19:27:28.050,0.035267
2020/01/08 19:27:28.150,0.107690
2020/01/08 19:27:28.250,0.419819
2020/01/08 19:27:28.350,-0.052545
2020/01/08 19:27:28.450,-0.252044
2020/01/08 19:27:28.550,-0.060214
2020/01/08 19:27:28.650,0.004967
2020/01/08 19:27:28.750,-0.327004
2020/01/08 19:27:28.850,-0.572391
2020/01/08 19:27:28.950,-1.106831
2020/01/08 19:27:29.050,-0.006713
2020/01/08 19:27:29.150,0.049399
2020/01/08 19:27:29.249,-0.486488
2020/01/08 19:27:29.350,-0.085812
2020/01/08 19:27:29.449,-0.076065
2020/01/08 19:27:29.549,-0.094663
2020/01/08 19:27:29.649,-0.863750
2020/01/08 19:27:29.749,-0.872202
2020/01/08 19:27:29.849,-0.610948
2020/01/08 19:27:29.949,0.328958
2020/01/08 19:27:30.049,1.090389
2020/01/08 19:27:30.149,-0.882758
2020/01/08 19:27:30.249,0.506990
2020/01/08 19:27:30.349,-0.209655
2020/01/08 19:27:30.449,-0.304237
2020/01/08 19:27:30.549,0.835913
2020/01/08 19:27:30.649,0.649333
2020/01/08 19:27:30.749,1.173746
2020/01/08 19:27:30.849,0.542190
2020/01/08 19:27:30.949,0.549306
2020/01/08 19:27:31.049,0.267536
2020/01/08 19:27:31.149,0.170644
2020/01/08 19:27:31.249,0.317918
2020/01/08 19:27:31.349,0.598344
2020/01/08 19:27:31.449,0.134220
2020/01/08 19:27:31.549,-0.113435
2020/01/08 19:27:31.649,0.134700
2020/01/08 19:27:31.749,-0.089215
2020/01/08 19:27:31.849,-0.623833
2020/01/08 19:27:31.949,-0.272272
2020/01/08 19:27:32.049,-1.075091
2020/01/08 19:27:32.149,-0.701356
2020/01/08 19:27:32.249,0.328378
2020/01/08 19:27:32.349,0.422101
2020/01/08 19:27:32.449,-0.203803
2020/01/08 19:27:32.549,0.085403
2020/01/08 19:27:32.649,0.151538
2020/01/08 19:27:32.748,0.020016
2020/01/08 19:27:32.849,-0.383412
2020/01/08 19:27:32.949,-0.893408
2020/01/08 19:27:33.048,-1.009557
2020/01/08 19:27:33.148,0.084339
2020/01/08 19:27:33.249,0.837625
2020/01/08 19:27:33.348,-1.292466
2020/01/08 19:27:33.448,0.652648
2020/01/08 19:27:33.548,-0.355629
2020/01/08 19:27:33.648,0.032010
2020/01/08 19:27:33.748,0.766046
2020/01/08 19:27:33.848,0.644428
2020/01/08 19:27:33.948,1.026114
2020/01/08 19:27:34.048,0.462085
2020/01/08 19:27:34.148,0.421699
2020/01/08 19:27:34.248,0.476367
2020/01/08 19:27:34.348,0.351697
2020/01/08 19:27:34.448,0.474555
2020/01/08 19:27:34.548,-0.052734
2020/01/08 19:27:34.648,-0.430426
2020/01/08 19:27:34.748,-0.082878
2020/01/08 19:27:34.848,0.106425
2020/01/08 19:27:34.948,-0.520126
2020/01/08 19:27:35.048,-0.431085
2020/01/08 19:27:35.148,0.023313
2020/01/08 19:27:35.248,-0.365170
2020/01/08 19:27:35.348,-0.607366
2020/01/08 19:27:35.448,-0.019035
2020/01/08 19:27:35.548,-0.055632
2020/01/08 19:27:35.648,-1.208684
2020/01/08 19:27:35.748,-0.783887
2020/01/08 19:27:35.848,-0.258526
2020/01/08 19:27:35.948,1.142113
2020/01/08 19:27:36.048,-1.124814
2020/01/08 19:27:36.148,1.390438
2020/01/08 19:27:36.248,-1.048205
2020/01/08 19:27:36.348,-0.022022
2020/01/08 19:27:36.448,0.829337
2020/01/08 19:27:36.548,0.721307
2020/01/08 19:27:36.648,0.991488
2020/01/08 19:27:36.748,0.439624
2020/01/08 19:27:36.847,0.315185
2020/01/08 19:27:36.947,0.224639
2020/01/08 19:27:37.047,0.827955
2020/01/08 19:27:37.148,0.366863
2020/01/08 19:27:37.247,0.307532
2020/01/08 19:27:37.347,-0.056247
2020/01/08 19:27:37.447,-0.112108
2020/01/08 19:27:37.547,-0.117466
2020/01/08 19:27:37.647,-0.428216
2020/01/08 19:27:37.747,-0.414416
2020/01/08 19:27:37.847,-0.494918
2020/01/08 19:27:37.947,-0.873336
2020/01/08 19:27:38.047,-0.036078
2020/01/08 19:27:38.147,0.007284
2020/01/08 19:27:38.247,-0.541798
2020/01/08 19:27:38.347,0.030368
2020/01/08 19:27:38.447,-0.938586
2020/01/08 19:27:38.547,-0.905931
2020/01/08 19:27:38.647,-0.205730
2020/01/08 19:27:38.747,0.624624
2020/01/08 19:27:38.847,-0.912158
2020/01/08 19:27:38.947,1.108183
2020/01/08 19:27:39.047,-0.637436
2020/01/08 19:27:39.147,0.355286
2020/01/08 19:27:39.247,-0.229227
2020/01/08 19:27:39.347,0.221672
2020/01/08 19:27:39.447,-0.237381
2020/01/08 19:27:39.547,1.547066
2020/01/08 19:27:39.647,0.570958
2020/01/08 19:27:39.747,1.017197
2020/01/08 19:27:39.847,0.556133
2020/01/08 19:27:39.947,0.404287
2020/01/08 19:27:40.047,0.110460
2020/01/08 19:27:40.146,0.019441
2020/01/08 19:27:40.247,0.514737
2020/01/08 19:27:40.347,-0.037978
2020/01/08 19:27:40.447,-0.113366
2020/01/08 19:27:40.547,0.028744
2020/01/08 19:27:40.647,0.092742
2020/01/08 19:27:40.746,-0.245773
2020/01/08 19:27:40.846,0.028900
2020/01/08 19:27:40.946,-0.573437
2020/01/08 19:27:41.046,-0.609118
2020/01/08 19:27:41.146,-0.203327
2020/01/08 19:27:41.246,-0.238282
2020/01/08 19:27:41.346,-0.005923
2020/01/08 19:27:41.446,-0.026289
2020/01/08 19:27:41.546,-0.216126
2020/01/08 19:27:41.646,-0.110254
2020/01/08 19:27:41.746,-0.681977
2020/01/08 19:27:41.846,-1.190722
2020/01/08 19:27:41.946,-0.673746
2020/01/08 19:27:42.046,0.243093
2020/01/08 19:27:42.146,0.684460
2020/01/08 19:27:42.246,-0.633634
2020/01/08 19:27:42.346,0.467750
2020/01/08 19:27:42.446,-0.376972
2020/01/08 19:27:42.546,0.084085
2020/01/08 19:27:42.646,-0.200284
2020/01/08 19:27:42.746,-0.072897
2020/01/08 19:27:42.846,0.735311
2020/01/08 19:27:42.946,0.548167
2020/01/08 19:27:43.046,1.172565
2020/01/08 19:27:43.146,0.324393
2020/01/08 19:27:43.246,0.513536
2020/01/08 19:27:43.346,0.840024
2020/01/08 19:27:43.446,0.208669
2020/01/08 19:27:43.546,0.106297
2020/01/08 19:27:43.646,-0.378056
2020/01/08 19:27:43.746,-0.282585
2020/01/08 19:27:43.846,-0.470403
2020/01/08 19:27:43.946,-0.251484
2020/01/08 19:27:44.046,-1.080664
2020/01/08 19:27:44.146,-0.745755
2020/01/08 19:27:44.245,0.332494
2020/01/08 19:27:44.346,0.101501
2020/01/08 19:27:44.445,-0.710075
2020/01/08 19:27:44.546,-0.360678
2020/01/08 19:27:44.645,-1.664177
2020/01/08 19:27:44.745,-0.447510
2020/01/08 19:27:44.845,0.429417
2020/01/08 19:27:44.945,1.411430
2020/01/08 19:27:45.045,0.359915
2020/01/08 19:27:45.145,-0.917638
2020/01/08 19:27:45.245,0.056032
2020/01/08 19:27:45.345,-0.095849
2020/01/08 19:27:45.445,0.937379
2020/01/08 19:27:45.545,0.295999
2020/01/08 19:27:45.645,0.782636
2020/01/08 19:27:45.745,0.426998
2020/01/08 19:27:45.845,0.422916
2020/01/08 19:27:45.945,0.905254
2020/01/08 19:27:46.045,0.261848
2020/01/08 19:27:46.145,0.040825
2020/01/08 19:27:46.245,-0.427671
2020/01/08 19:27:46.345,-0.138529
2020/01/08 19:27:46.445,0.268636
2020/01/08 19:27:46.545,-0.342790
2020/01/08 19:27:46.645,-0.310234
2020/01/08 19:27:46.745,-0.416228
2020/01/08 19:27:46.845,-0.882283
2020/01/08 19:27:46.945,0.023623
2020/01/08 19:27:47.045,0.209154
2020/01/08 19:27:47.145,-0.406042
2020/01/08 19:27:47.245,-0.100519
2020/01/08 19:27:47.345,-0.256427
2020/01/08 19:27:47.445,-0.703409
2020/01/08 19:27:47.545,-0.876523
2020/01/08 19:27:47.645,-0.657591
2020/01/08 19:27:47.745,0.542947
2020/01/08 19:27:47.845,-0.076978
2020/01/08 19:27:47.945,0.755397
2020/01/08 19:27:48.045,-0.444417
2020/01/08 19:27:48.144,0.102947
2020/01/08 19:27:48.245,-0.428537
2020/01/08 19:27:48.345,0.208275
2020/01/08 19:27:48.445,0.279447
2020/01/08 19:27:48.545,1.114554
2020/01/08 19:27:48.645,0.875912
2020/01/08 19:27:48.744,0.755899
2020/01/08 19:27:48.844,0.438732
2020/01/08 19:27:48.944,0.508864
2020/01/08 19:27:49.044,-0.154683
2020/01/08 19:27:49.144,0.372957
2020/01/08 19:27:49.244,0.284611
2020/01/08 19:27:49.344,0.640705
2020/01/08 19:27:49.444,-0.180612
2020/01/08 19:27:49.544,-0.377586
2020/01/08 19:27:49.644,-0.346940
2020/01/08 19:27:49.744,0.031466
2020/01/08 19:27:49.844,-0.416333
2020/01/08 19:27:49.944,-0.414677
2020/01/08 19:27:50.044,-0.878397
2020/01/08 19:27:50.144,-0.458292
2020/01/08 19:27:50.244,-0.095848
2020/01/08 19:27:50.344,-0.109072
2020/01/08 19:27:50.444,-0.262298
2020/01/08 19:27:50.544,0.050184
2020/01/08 19:27:50.644,-1.232116
2020/01/08 19:27:50.744,-1.260310
2020/01/08 19:27:50.844,0.050416
2020/01/08 19:27:50.944,1.338157
2020/01/08 19:27:51.044,-1.107128
2020/01/08 19:27:51.144,0.060270
2020/01/08 19:27:51.244,-0.047470
2020/01/08 19:27:51.344,-0.497611
2020/01/08 19:27:51.444,-0.120696
2020/01/08 19:27:51.544,1.156149
2020/01/08 19:27:51.644,0.719491
2020/01/08 19:27:51.744,0.871231
2020/01/08 19:27:51.844,0.260350
2020/01/08 19:27:51.944,0.728416
2020/01/08 19:27:52.044,1.078593
2020/01/08 19:27:52.144,0.390779
2020/01/08 19:27:52.244,-0.040523
2020/01/08 19:27:52.344,-0.502946
2020/01/08 19:27:52.444,0.017929
2020/01/08 19:27:52.544,-0.032790
2020/01/08 19:27:52.644,-0.232515
2020/01/08 19:27:52.744,-0.892785
2020/01/08 19:27:52.843,-0.267626
2020/01/08 19:27:52.943,-0.019023
2020/01/08 19:27:53.043,-0.188518
2020/01/08 19:27:53.143,-0.389895
2020/01/08 19:27:53.243,0.109059
2020/01/08 19:27:53.343,-0.488337
2020/01/08 19:27:53.443,-2.446021
2020/01/08 19:27:53.543,-0.507579
2020/01/08 19:27:53.643,0.274580
2020/01/08 19:27:53.743,0.882507
2020/01/08 19:27:53.843,0.482969
2020/01/08 19:27:53.943,-0.517352
2020/01/08 19:27:54.043,0.543603
2020/01/08 19:27:54.143,0.305919
2020/01/08 19:27:54.243,0.888095
2020/01/08 19:27:54.343,0.564713
2020/01/08 19:27:54.443,0.759947
2020/01/08 19:27:54.543,0.254018
2020/01/08 19:27:54.643,0.570633
2020/01/08 19:27:54.743,0.266745
2020/01/08 19:27:54.843,0.371935
2020/01/08 19:27:54.943,-0.235552
2020/01/08 19:27:55.043,-0.095605
2020/01/08 19:27:55.143,0.052409
2020/01/08 19:27:55.243,-0.489385
2020/01/08 19:27:55.343,0.197567
2020/01/08 19:27:55.443,-0.002943
2020/01/08 19:27:55.543,0.153711
2020/01/08 19:27:55.643,0.004644
2020/01/08 19:27:55.743,-0.214121
2020/01/08 19:27:55.843,-1.409476
2020/01/08 19:27:55.943,-0.249178
2020/01/08 19:27:56.043,-0.500120
2020/01/08 19:27:56.143,-0.432096
2020/01/08 19:27:56.243,-0.290486
2020/01/08 19:27:56.343,-1.843493
2020/01/08 19:27:56.443,-0.814309
2020/01/08 19:27:56.543,0.194904
2020/01/08 19:27:56.643,1.664059
2020/01/08 19:27:56.743,-1.559410
2020/01/08 19:27:56.842,0.144065
2020/01/08 19:27:56.942,-0.010424
2020/01/08 19:27:57.042,0.088847
2020/01/08 19:27:57.142,0.099687
2020/01/08 19:27:57.242,0.324724
2020/01/08 19:27:57.342,0.287476
2020/01/08 19:27:57.442,0.089608
2020/01/08 19:27:57.542,0.280124
2020/01/08 19:27:57.642,0.527165
2020/01/08 19:27:57.742,0.882002
2020/01/08 19:27:57.842,0.433275
2020/01/08 19:27:57.942,0.428905
2020/01/08 19:27:58.042,0.852090
2020/01/08 19:27:58.142,0.210460
2020/01/08 19:27:58.242,0.224465
2020/01/08 19:27:58.342,-0.337079
2020/01/08 19:27:58.442,-0.197344
2020/01/08 19:27:58.542,0.640914
2020/01/08 19:27:58.642,-0.288095
2020/01/08 19:27:58.742,-0.118160
2020/01/08 19:27:58.842,0.058001
2020/01/08 19:27:58.942,-0.168520
2020/01/08 19:27:59.042,-0.195053
2020/01/08 19:27:59.142,-0.198582
2020/01/08 19:27:59.242,-1.082238
2020/01/08 19:27:59.342,-0.629897
2020/01/08 19:27:59.442,-0.355710
2020/01/08 19:27:59.542,-0.386289
2020/01/08 19:27:59.642,-0.805269
2020/01/08 19:27:59.742,-1.604707
2020/01/08 19:27:59.842,-0.423471
2020/01/08 19:27:59.942,0.954827
2020/01/08 19:28:00.041,-0.645170
2020/01/08 19:28:00.142,0.590733
2020/01/08 19:28:00.242,0.108619
2020/01/08 19:28:00.342,0.028066
2020/01/08 19:28:00.442,-0.098786
2020/01/08 19:28:00.542,-0.033614
2020/01/08 19:28:00.641,-0.083941
2020/01/08 19:28:00.741,0.748252
2020/01/08 19:28:00.842,0.354290
2020/01/08 19:28:00.942,0.931393
2020/01/08 19:28:01.041,0.672400
2020/01/08 19:28:01.141,0.398041
2020/01/08 19:28:01.241,0.657005
2020/01/08 19:28:01.341,0.956627
2020/01/08 19:28:01.441,0.256615
2020/01/08 19:28:01.541,-0.271128
2020/01/08 19:28:01.641,-0.062460
2020/01/08 19:28:01.741,0.013294
2020/01/08 19:28:01.841,-0.507187
2020/01/08 19:28:01.941,-0.203993
2020/01/08 19:28:02.041,-0.395448
2020/01/08 19:28:02.141,-0.236507
2020/01/08 19:28:02.241,-0.407239
2020/01/08 19:28:02.341,-0.166601
2020/01/08 19:28:02.441,-0.159804
2020/01/08 19:28:02.541,-0.159900
2020/01/08 19:28:02.641,-0.494908
2020/01/08 19:28:02.741,0.134740
2020/01/08 19:28:02.841,-1.961748
2020/01/08 19:28:02.941,-0.364102
2020/01/08 19:28:03.041,0.561605
2020/01/08 19:28:03.141,-0.520392
2020/01/08 19:28:03.241,0.805807
2020/01/08 19:28:03.341,-0.058067
2020/01/08 19:28:03.441,0.377064
2020/01/08 19:28:03.541,0.024009
2020/01/08 19:28:03.641,0.308516
2020/01/08 19:28:03.741,1.817835
2020/01/08 19:28:03.841,0.526673
2020/01/08 19:28:03.941,0.860573
2020/01/08 19:28:04.041,0.585149
2020/01/08 19:28:04.141,0.196576
2020/01/08 19:28:04.241,0.341888
2020/01/08 19:28:04.341,0.091407
2020/01/08 19:28:04.441,0.020274
2020/01/08 19:28:04.541,0.297008
2020/01/08 19:28:04.641,-0.068463
2020/01/08 19:28:04.740,-0.099856
2020/01/08 19:28:04.840,-0.103231
2020/01/08 19:28:04.940,0.010914
2020/01/08 19:28:05.041,0.159467
2020/01/08 19:28:05.140,-0.201071
2020/01/08 19:28:05.240,-0.097091
2020/01/08 19:28:05.340,-0.245167
2020/01/08 19:28:05.440,-0.223883
2020/01/08 19:28:05.540,0.045327
2020/01/08 19:28:05.640,-0.041456
2020/01/08 19:28:05.740,0.012053
2020/01/08 19:28:05.840,0.149338
2020/01/08 19:28:05.940,0.035804
2020/01/08 19:28:06.040,0.172841
2020/01/08 19:28:06.140,-0.240977
2020/01/08 19:28:06.240,-0.338157
2020/01/08 19:28:06.340,-0.033945
2020/01/08 19:28:06.440,-0.328589
2020/01/08 19:28:06.540,0.001082
2020/01/08 19:28:06.640,-0.119304
2020/01/08 19:28:06.740,-0.147790
2020/01/08 19:28:06.840,-0.421786
2020/01/08 19:28:06.940,-0.177616
2020/01/08 19:28:07.040,-0.113381
2020/01/08 19:28:07.140,0.156546
2020/01/08 19:28:07.240,0.218207
2020/01/08 19:28:07.340,0.202657
2020/01/08 19:28:07.440,0.218688
2020/01/08 19:28:07.540,0.038775
2020/01/08 19:28:07.640,0.146174
2020/01/08 19:28:07.740,-0.028096
2020/01/08 19:28:07.840,-0.170433
2020/01/08 19:28:07.940,-0.357769
2020/01/08 19:28:08.040,-0.081729
2020/01/08 19:28:08.140,-0.162537
2020/01/08 19:28:08.239,-0.440422
2020/01/08 19:28:08.340,-0.452581
2020/01/08 19:28:08.439,-0.174579
2020/01/08 19:28:08.540,-0.058142
2020/01/08 19:28:08.639,-0.063780
2020/01/08 19:28:08.739,-0.102785
2020/01/08 19:28:08.839,-0.075514
2020/01/08 19:28:08.939,-0.212713
2020/01/08 19:28:09.039,0.004741
2020/01/08 19:28:09.139,-0.013441
2020/01/08 19:28:09.239,0.157827
2020/01/08 19:28:09.339,0.080628
2020/01/08 19:28:09.439,0.116401
2020/01/08 19:28:09.539,0.150591
2020/01/08 19:28:09.639,0.189664
2020/01/08 19:28:09.739,-0.004983
2020/01/08 19:28:09.839,0.240103
2020/01/08 19:28:09.939,0.115363
2020/01/08 19:28:10.039,0.026543
2020/01/08 19:28:10.139,0.005127
2020/01/08 19:28:10.239,0.509492
2020/01/08 19:28:10.339,0.062493
2020/01/08 19:28:10.439,-0.579667
2020/01/08 19:28:10.539,0.293697
2020/01/08 19:28:10.639,0.780255
2020/01/08 19:28:10.739,0.588437
2020/01/08 19:28:10.839,0.392899
2020/01/08 19:28:10.939,0.392050
2020/01/08 19:28:11.039,-0.011322
2020/01/08 19:28:11.139,-1.222507
2020/01/08 19:28:11.239,0.115366
2020/01/08 19:28:11.339,0.299524
2020/01/08 19:28:11.439,-0.181122
2020/01/08 19:28:11.539,-0.089853
2020/01/08 19:28:11.639,0.115013
2020/01/08 19:28:11.739,0.478444
2020/01/08 19:28:11.839,0.342689
2020/01/08 19:28:11.939,0.082800
2020/01/08 19:28:12.039,0.167322
2020/01/08 19:28:12.139,0.104740
2020/01/08 19:28:12.239,-0.357575
2020/01/08 19:28:12.339,-0.859513
2020/01/08 19:28:12.439,-0.671126
2020/01/08 19:28:12.539,0.012292
2020/01/08 19:28:12.639,-0.536468
2020/01/08 19:28:12.738,-0.394910
2020/01/08 19:28:12.838,-0.108565
2020/01/08 19:28:12.938,-0.196689
2020/01/08 19:28:13.038,-0.129161
2020/01/08 19:28:13.138,0.065404
2020/01/08 19:28:13.238,-0.508132
2020/01/08 19:28:13.338,0.246530
2020/01/08 19:28:13.438,0.108881
2020/01/08 19:28:13.539,0.512301
2020/01/08 19:28:13.638,0.126280
2020/01/08 19:28:13.738,-0.001591
2020/01/08 19:28:13.838,-0.440308
2020/01/08 19:28:13.938,-1.962761
2020/01/08 19:28:14.038,-0.080994
2020/01/08 19:28:14.138,3.178584
2020/01/08 19:28:14.238,-0.136671
2020/01/08 19:28:14.338,-0.153693
2020/01/08 19:28:14.438,-2.334640
2020/01/08 19:28:14.538,0.134110
2020/01/08 19:28:14.638,0.406509
2020/01/08 19:28:14.738,-0.517863
2020/01/08 19:28:14.838,-0.211155
2020/01/08 19:28:14.938,5.008751
2020/01/08 19:28:15.038,6.562005
2020/01/08 19:28:15.138,1.195899
2020/01/08 19:28:15.238,0.268259
2020/01/08 19:28:15.338,-0.354880
2020/01/08 19:28:15.438,-0.322318
2020/01/08 19:28:15.538,-0.149493
2020/01/08 19:28:15.638,0.186473
2020/01/08 19:28:15.738,0.367787
2020/01/08 19:28:15.838,0.003114
2020/01/08 19:28:15.938,0.071349
2020/01/08 19:28:16.038,-0.174920
2020/01/08 19:28:16.138,0.317533
2020/01/08 19:28:16.238,0.214645
2020/01/08 19:28:16.337,0.360588
2020/01/08 19:28:16.437,-0.795625
2020/01/08 19:28:16.537,-0.525338
2020/01/08 19:28:16.638,0.562528
2020/01/08 19:28:16.737,-0.008469
2020/01/08 19:28:16.837,0.028587
2020/01/08 19:28:16.937,-0.277906
