2020/01/09 18:37:50.909,-0.019351
2020/01/09 18:37:51.010,-0.003375
2020/01/09 18:37:51.110,0.008882
2020/01/09 18:37:51.210,0.042337
2020/01/09 18:37:51.311,-0.303556
2020/01/09 18:37:51.411,0.383253
2020/01/09 18:37:51.512,0.240687
2020/01/09 18:37:51.612,0.126353
2020/01/09 18:37:51.713,-0.210087
2020/01/09 18:37:51.813,-0.129569
2020/01/09 18:37:51.913,0.074570
2020/01/09 18:37:52.014,0.030919
2020/01/09 18:37:52.114,-0.149743
2020/01/09 18:37:52.214,-0.116508
2020/01/09 18:37:52.315,0.074078
2020/01/09 18:37:52.415,0.029646
2020/01/09 18:37:52.516,0.155427
2020/01/09 18:37:52.616,0.033902
2020/01/09 18:37:52.717,-0.062318
2020/01/09 18:37:52.817,0.028182
2020/01/09 18:37:52.917,0.246251
2020/01/09 18:37:53.018,0.081879
2020/01/09 18:37:53.118,-0.011774
2020/01/09 18:37:53.218,0.032171
2020/01/09 18:37:53.319,0.051636
2020/01/09 18:37:53.419,0.029528
2020/01/09 18:37:53.520,0.063409
2020/01/09 18:37:53.620,0.022382
2020/01/09 18:37:53.721,-0.038324
2020/01/09 18:37:53.821,0.002336
2020/01/09 18:37:53.921,0.010688
2020/01/09 18:37:54.022,-0.045370
2020/01/09 18:37:54.122,-0.008304
2020/01/09 18:37:54.223,-0.002398
2020/01/09 18:37:54.323,-0.039023
2020/01/09 18:37:54.423,0.001005
2020/01/09 18:37:54.524,-0.009548
2020/01/09 18:37:54.624,-0.002457
2020/01/09 18:37:54.724,-0.079733
2020/01/09 18:37:54.825,-0.046890
2020/01/09 18:37:54.925,-0.013834
2020/01/09 18:37:55.026,0.020659
2020/01/09 18:37:55.126,-0.001879
2020/01/09 18:37:55.227,0.021584
2020/01/09 18:37:55.327,0.002623
2020/01/09 18:37:55.427,-0.061616
2020/01/09 18:37:55.528,-0.007472
2020/01/09 18:37:55.628,0.002656
2020/01/09 18:37:55.728,0.010517
2020/01/09 18:37:55.829,-0.002675
2020/01/09 18:37:55.929,0.053512
2020/01/09 18:37:56.030,0.013473
2020/01/09 18:37:56.130,-0.051545
2020/01/09 18:37:56.230,-0.013732
2020/01/09 18:37:56.331,0.006145
2020/01/09 18:37:56.431,-0.033556
2020/01/09 18:37:56.532,-0.004871
2020/01/09 18:37:56.632,-0.014199
2020/01/09 18:37:56.733,-0.044092
2020/01/09 18:37:56.833,-0.090321
2020/01/09 18:37:56.933,-0.023670
2020/01/09 18:37:57.034,-0.022475
2020/01/09 18:37:57.134,0.032252
2020/01/09 18:37:57.234,-0.033219
2020/01/09 18:37:57.335,0.041328
2020/01/09 18:37:57.435,0.014317
2020/01/09 18:37:57.536,-0.043726
2020/01/09 18:37:57.636,-0.040830
2020/01/09 18:37:57.736,-0.082672
2020/01/09 18:37:57.837,-0.048742
2020/01/09 18:37:57.937,-0.030915
2020/01/09 18:37:58.038,-0.019355
2020/01/09 18:37:58.138,-0.049926
2020/01/09 18:37:58.239,0.021393
2020/01/09 18:37:58.339,-0.002061
2020/01/09 18:37:58.440,-0.040052
2020/01/09 18:37:58.540,-0.021247
2020/01/09 18:37:58.640,0.025694
2020/01/09 18:37:58.741,-0.016904
2020/01/09 18:37:58.841,-0.000674
2020/01/09 18:37:58.941,0.017023
2020/01/09 18:37:59.042,0.008865
2020/01/09 18:37:59.142,0.020175
2020/01/09 18:37:59.243,0.015778
2020/01/09 18:37:59.343,-0.003308
2020/01/09 18:37:59.443,-0.005773
2020/01/09 18:37:59.544,0.000524
2020/01/09 18:37:59.644,-0.005805
2020/01/09 18:37:59.744,-0.010977
2020/01/09 18:37:59.845,-0.015809
2020/01/09 18:37:59.945,-0.016854
2020/01/09 18:38:00.046,-0.016241
2020/01/09 18:38:00.146,-0.004867
2020/01/09 18:38:00.247,-0.010569
2020/01/09 18:38:00.347,-0.008935
2020/01/09 18:38:00.447,0.002661
2020/01/09 18:38:00.548,-0.019110
2020/01/09 18:38:00.648,-0.033637
2020/01/09 18:38:00.748,-0.021014
2020/01/09 18:38:00.849,-0.006915
2020/01/09 18:38:00.949,0.009008
2020/01/09 18:38:01.050,0.022660
2020/01/09 18:38:01.150,0.042355
2020/01/09 18:38:01.251,0.027952
2020/01/09 18:38:01.351,0.040445
2020/01/09 18:38:01.451,0.061773
2020/01/09 18:38:01.552,0.034493
2020/01/09 18:38:01.652,-0.020103
2020/01/09 18:38:01.753,-0.007346
2020/01/09 18:38:01.853,-0.005099
2020/01/09 18:38:01.953,-0.010636
2020/01/09 18:38:02.054,-0.018815
2020/01/09 18:38:02.154,0.029301
2020/01/09 18:38:02.255,0.018825
2020/01/09 18:38:02.355,0.017012
2020/01/09 18:38:02.455,0.054879
2020/01/09 18:38:02.556,0.036063
2020/01/09 18:38:02.656,0.026020
2020/01/09 18:38:02.756,0.032434
2020/01/09 18:38:02.857,0.047392
2020/01/09 18:38:02.957,0.055111
2020/01/09 18:38:03.058,-0.019558
2020/01/09 18:38:03.158,-0.055085
2020/01/09 18:38:03.258,0.009171
2020/01/09 18:38:03.359,-0.021330
2020/01/09 18:38:03.459,-0.026461
2020/01/09 18:38:03.560,-0.021570
2020/01/09 18:38:03.660,-0.024226
2020/01/09 18:38:03.761,-0.015804
2020/01/09 18:38:03.861,0.005719
2020/01/09 18:38:03.961,0.043864
2020/01/09 18:38:04.062,0.027157
2020/01/09 18:38:04.162,-0.014153
2020/01/09 18:38:04.262,0.001258
2020/01/09 18:38:04.363,-0.016243
2020/01/09 18:38:04.463,-0.010816
2020/01/09 18:38:04.564,-0.015197
2020/01/09 18:38:04.664,-0.006524
2020/01/09 18:38:04.764,0.002457
2020/01/09 18:38:04.865,0.009577
2020/01/09 18:38:04.965,-0.001263
2020/01/09 18:38:05.066,-0.018421
2020/01/09 18:38:05.166,-0.015829
2020/01/09 18:38:05.266,-0.009846
2020/01/09 18:38:05.367,-0.006488
2020/01/09 18:38:05.467,-0.009776
2020/01/09 18:38:05.568,-0.002319
2020/01/09 18:38:05.668,-0.003893
2020/01/09 18:38:05.769,-0.003511
2020/01/09 18:38:05.869,-0.005908
2020/01/09 18:38:05.969,-0.006396
2020/01/09 18:38:06.069,-0.016073
2020/01/09 18:38:06.170,-0.005737
2020/01/09 18:38:06.271,-0.019159
2020/01/09 18:38:06.371,-0.013417
2020/01/09 18:38:06.471,-0.012571
2020/01/09 18:38:06.572,-0.010245
2020/01/09 18:38:06.672,-0.009737
2020/01/09 18:38:06.773,-0.024986
2020/01/09 18:38:06.873,-0.004501
2020/01/09 18:38:06.973,-0.006159
2020/01/09 18:38:07.074,-0.016935
2020/01/09 18:38:07.174,-0.001320
2020/01/09 18:38:07.274,0.000554
2020/01/09 18:38:07.375,-0.003971
2020/01/09 18:38:07.475,-0.001784
2020/01/09 18:38:07.576,-0.008060
2020/01/09 18:38:07.676,-0.011789
2020/01/09 18:38:07.776,-0.012411
2020/01/09 18:38:07.877,-0.006511
2020/01/09 18:38:07.977,0.017480
2020/01/09 18:38:08.078,-0.012388
2020/01/09 18:38:08.178,-0.027974
2020/01/09 18:38:08.278,0.025043
2020/01/09 18:38:08.379,-0.017772
2020/01/09 18:38:08.479,-0.013612
2020/01/09 18:38:08.580,-0.010771
2020/01/09 18:38:08.680,-0.010813
2020/01/09 18:38:08.781,0.008155
2020/01/09 18:38:08.881,0.007191
2020/01/09 18:38:08.981,0.004727
2020/01/09 18:38:09.082,0.000451
2020/01/09 18:38:09.182,-0.005947
2020/01/09 18:38:09.283,-0.009758
2020/01/09 18:38:09.383,-0.008334
2020/01/09 18:38:09.483,0.002519
2020/01/09 18:38:09.584,0.000163
2020/01/09 18:38:09.684,-0.001229
2020/01/09 18:38:09.784,0.006586
2020/01/09 18:38:09.885,0.009555
2020/01/09 18:38:09.985,-0.002622
2020/01/09 18:38:10.086,0.011213
2020/01/09 18:38:10.186,-0.001239
2020/01/09 18:38:10.287,0.001134
2020/01/09 18:38:10.387,-0.011686
2020/01/09 18:38:10.487,-0.007293
2020/01/09 18:38:10.588,-0.003333
2020/01/09 18:38:10.688,-0.000972
2020/01/09 18:38:10.788,0.012168
2020/01/09 18:38:10.889,0.009288
2020/01/09 18:38:10.989,-0.001253
2020/01/09 18:38:11.090,-0.006960
2020/01/09 18:38:11.190,0.000668
2020/01/09 18:38:11.290,-0.000889
2020/01/09 18:38:11.391,0.012420
2020/01/09 18:38:11.491,0.012409
2020/01/09 18:38:11.592,-0.001290
2020/01/09 18:38:11.692,0.000554
2020/01/09 18:38:11.792,-0.006633
2020/01/09 18:38:11.893,0.000089
2020/01/09 18:38:11.993,-0.005002
2020/01/09 18:38:12.094,0.004560
2020/01/09 18:38:12.194,0.002022
2020/01/09 18:38:12.294,-0.005394
2020/01/09 18:38:12.395,-0.006387
2020/01/09 18:38:12.495,-0.003328
2020/01/09 18:38:12.596,-0.006213
2020/01/09 18:38:12.696,-0.004741
2020/01/09 18:38:12.796,0.001984
2020/01/09 18:38:12.897,-0.008525
2020/01/09 18:38:12.997,-0.007523
2020/01/09 18:38:13.097,-0.012139
2020/01/09 18:38:13.198,-0.006064
2020/01/09 18:38:13.298,-0.023813
2020/01/09 18:38:13.399,-0.015758
2020/01/09 18:38:13.499,-0.005935
2020/01/09 18:38:13.600,-0.007722
2020/01/09 18:38:13.700,-0.009897
2020/01/09 18:38:13.800,-0.011871
2020/01/09 18:38:13.901,-0.009475
2020/01/09 18:38:14.001,-0.008268
2020/01/09 18:38:14.102,-0.002592
2020/01/09 18:38:14.202,-0.007905
2020/01/09 18:38:14.302,-0.000335
2020/01/09 18:38:14.403,-0.003674
2020/01/09 18:38:14.503,-0.001852
2020/01/09 18:38:14.604,-0.013754
2020/01/09 18:38:14.704,-0.000151
2020/01/09 18:38:14.804,-0.003628
2020/01/09 18:38:14.905,0.010997
2020/01/09 18:38:15.005,0.013463
2020/01/09 18:38:15.105,0.006083
2020/01/09 18:38:15.206,0.001305
2020/01/09 18:38:15.306,-0.007084
2020/01/09 18:38:15.407,-0.000682
2020/01/09 18:38:15.507,0.009356
2020/01/09 18:38:15.608,0.002250
2020/01/09 18:38:15.708,0.000448
2020/01/09 18:38:15.808,-0.007541
2020/01/09 18:38:15.909,-0.011811
2020/01/09 18:38:16.009,-0.005848
2020/01/09 18:38:16.109,-0.005188
2020/01/09 18:38:16.210,-0.007660
2020/01/09 18:38:16.310,-0.004430
2020/01/09 18:38:16.410,-0.001076
2020/01/09 18:38:16.511,0.002463
2020/01/09 18:38:16.612,0.001678
2020/01/09 18:38:16.712,0.001201
2020/01/09 18:38:16.812,-0.001280
2020/01/09 18:38:16.913,-0.003666
2020/01/09 18:38:17.013,-0.008331
2020/01/09 18:38:17.113,-0.006621
2020/01/09 18:38:17.214,-0.000046
2020/01/09 18:38:17.314,-0.006404
2020/01/09 18:38:17.415,-0.004598
2020/01/09 18:38:17.515,0.001600
2020/01/09 18:38:17.616,-0.001051
2020/01/09 18:38:17.716,-0.007906
2020/01/09 18:38:17.817,0.000926
2020/01/09 18:38:17.917,0.002263
2020/01/09 18:38:18.017,-0.001587
2020/01/09 18:38:18.117,-0.001923
2020/01/09 18:38:18.218,0.004532
2020/01/09 18:38:18.318,0.003269
2020/01/09 18:38:18.419,0.012407
2020/01/09 18:38:18.519,0.007933
2020/01/09 18:38:18.619,0.006768
2020/01/09 18:38:18.720,0.006657
2020/01/09 18:38:18.820,-0.000347
2020/01/09 18:38:18.921,-0.005169
2020/01/09 18:38:19.021,-0.002727
2020/01/09 18:38:19.122,0.007750
2020/01/09 18:38:19.222,0.004887
2020/01/09 18:38:19.322,-0.002385
2020/01/09 18:38:19.423,-0.012154
2020/01/09 18:38:19.523,-0.006860
2020/01/09 18:38:19.623,-0.003261
2020/01/09 18:38:19.724,-0.006196
2020/01/09 18:38:19.824,-0.029518
2020/01/09 18:38:19.925,-0.030920
2020/01/09 18:38:20.025,-0.024301
2020/01/09 18:38:20.125,-0.014319
2020/01/09 18:38:20.226,-0.002139
2020/01/09 18:38:20.326,-0.011698
2020/01/09 18:38:20.427,0.002759
2020/01/09 18:38:20.527,-0.002848
2020/01/09 18:38:20.628,-0.000367
2020/01/09 18:38:20.728,-0.005542
2020/01/09 18:38:20.828,-0.015148
2020/01/09 18:38:20.929,-0.017784
2020/01/09 18:38:21.029,-0.014012
2020/01/09 18:38:21.129,0.001923
2020/01/09 18:38:21.230,0.002867
2020/01/09 18:38:21.330,0.007147
2020/01/09 18:38:21.431,0.025322
2020/01/09 18:38:21.531,0.021563
2020/01/09 18:38:21.631,0.011794
2020/01/09 18:38:21.732,0.008534
2020/01/09 18:38:21.832,0.004365
2020/01/09 18:38:21.933,-0.003178
2020/01/09 18:38:22.033,0.005841
2020/01/09 18:38:22.134,0.006355
2020/01/09 18:38:22.234,-0.001482
2020/01/09 18:38:22.334,-0.016943
2020/01/09 18:38:22.435,-0.010754
2020/01/09 18:38:22.535,-0.004641
2020/01/09 18:38:22.635,-0.023576
2020/01/09 18:38:22.736,-0.016163
2020/01/09 18:38:22.836,-0.016527
2020/01/09 18:38:22.937,-0.026493
2020/01/09 18:38:23.037,-0.011657
2020/01/09 18:38:23.137,-0.015693
2020/01/09 18:38:23.238,-0.008185
2020/01/09 18:38:23.338,-0.003002
2020/01/09 18:38:23.439,-0.010919
2020/01/09 18:38:23.539,-0.021075
2020/01/09 18:38:23.639,-0.006143
2020/01/09 18:38:23.740,0.003192
2020/01/09 18:38:23.840,-0.014198
2020/01/09 18:38:23.941,-0.016007
2020/01/09 18:38:24.041,-0.017133
2020/01/09 18:38:24.141,-0.007404
2020/01/09 18:38:24.242,-0.004371
2020/01/09 18:38:24.342,-0.014826
2020/01/09 18:38:24.443,-0.012730
2020/01/09 18:38:24.543,-0.002000
2020/01/09 18:38:24.643,-0.004804
2020/01/09 18:38:24.744,-0.007601
2020/01/09 18:38:24.844,-0.017401
2020/01/09 18:38:24.945,0.001462
2020/01/09 18:38:25.045,0.023694
2020/01/09 18:38:25.145,-0.009681
2020/01/09 18:38:25.246,-0.009762
2020/01/09 18:38:25.346,0.024493
2020/01/09 18:38:25.447,-0.020654
2020/01/09 18:38:25.547,-0.016717
2020/01/09 18:38:25.647,-0.009904
2020/01/09 18:38:25.748,0.000915
2020/01/09 18:38:25.848,-0.001501
2020/01/09 18:38:25.949,-0.001929
2020/01/09 18:38:26.049,-0.001281
2020/01/09 18:38:26.149,-0.003370
2020/01/09 18:38:26.250,-0.007262
2020/01/09 18:38:26.350,0.002449
2020/01/09 18:38:26.450,0.000711
2020/01/09 18:38:26.551,0.006497
2020/01/09 18:38:26.651,0.005624
2020/01/09 18:38:26.752,-0.016397
2020/01/09 18:38:26.852,-0.002828
2020/01/09 18:38:26.952,-0.004585
2020/01/09 18:38:27.053,-0.019685
2020/01/09 18:38:27.153,0.011209
2020/01/09 18:38:27.254,0.012374
2020/01/09 18:38:27.354,-0.012692
2020/01/09 18:38:27.454,-0.019012
2020/01/09 18:38:27.555,-0.004444
2020/01/09 18:38:27.655,-0.013056
2020/01/09 18:38:27.756,-0.000121
2020/01/09 18:38:27.856,0.004279
2020/01/09 18:38:27.957,0.012219
2020/01/09 18:38:28.057,0.003589
2020/01/09 18:38:28.158,0.005987
2020/01/09 18:38:28.258,0.000244
2020/01/09 18:38:28.358,0.000610
2020/01/09 18:38:28.459,-0.004756
2020/01/09 18:38:28.559,-0.004158
2020/01/09 18:38:28.659,-0.001363
2020/01/09 18:38:28.760,-0.005880
2020/01/09 18:38:28.860,-0.010480
2020/01/09 18:38:28.960,-0.018348
2020/01/09 18:38:29.061,-0.017132
2020/01/09 18:38:29.161,-0.023071
2020/01/09 18:38:29.262,-0.012732
2020/01/09 18:38:29.362,-0.007550
2020/01/09 18:38:29.462,-0.001757
2020/01/09 18:38:29.563,-0.019796
2020/01/09 18:38:29.663,0.023096
2020/01/09 18:38:29.764,-0.000388
2020/01/09 18:38:29.864,0.012521
2020/01/09 18:38:29.964,-0.003067
2020/01/09 18:38:30.065,-0.008151
2020/01/09 18:38:30.165,-0.010485
2020/01/09 18:38:30.266,-0.012338
2020/01/09 18:38:30.366,-0.004023
2020/01/09 18:38:30.466,0.005310
2020/01/09 18:38:30.567,0.005852
2020/01/09 18:38:30.667,0.005729
2020/01/09 18:38:30.768,0.004770
2020/01/09 18:38:30.868,-0.010894
2020/01/09 18:38:30.968,-0.020091
2020/01/09 18:38:31.069,-0.007182
2020/01/09 18:38:31.169,0.010718
2020/01/09 18:38:31.270,0.006778
2020/01/09 18:38:31.370,0.008119
2020/01/09 18:38:31.470,0.005562
2020/01/09 18:38:31.571,0.001735
2020/01/09 18:38:31.671,0.001110
2020/01/09 18:38:31.772,0.010812
2020/01/09 18:38:31.872,0.006888
2020/01/09 18:38:31.972,0.012092
2020/01/09 18:38:32.073,0.014072
2020/01/09 18:38:32.173,0.007739
2020/01/09 18:38:32.274,-0.007039
2020/01/09 18:38:32.374,-0.002395
2020/01/09 18:38:32.474,-0.001823
2020/01/09 18:38:32.575,0.005674
2020/01/09 18:38:32.675,0.002220
2020/01/09 18:38:32.776,-0.002621
2020/01/09 18:38:32.876,-0.001922
2020/01/09 18:38:32.976,-0.016810
2020/01/09 18:38:33.077,0.001961
2020/01/09 18:38:33.177,-0.006422
2020/01/09 18:38:33.278,-0.009103
2020/01/09 18:38:33.378,0.006545
2020/01/09 18:38:33.478,-0.013988
2020/01/09 18:38:33.579,-0.008492
2020/01/09 18:38:33.679,-0.000511
2020/01/09 18:38:33.780,-0.006592
2020/01/09 18:38:33.880,-0.002064
2020/01/09 18:38:33.980,-0.006474
2020/01/09 18:38:34.081,-0.007091
2020/01/09 18:38:34.181,-0.001185
2020/01/09 18:38:34.282,-0.000456
2020/01/09 18:38:34.382,-0.013432
2020/01/09 18:38:34.482,-0.009939
2020/01/09 18:38:34.583,-0.004455
2020/01/09 18:38:34.683,-0.002405
2020/01/09 18:38:34.783,-0.004616
2020/01/09 18:38:34.884,-0.004219
2020/01/09 18:38:34.984,-0.006217
2020/01/09 18:38:35.085,-0.000519
2020/01/09 18:38:35.185,0.001158
2020/01/09 18:38:35.285,-0.002454
2020/01/09 18:38:35.386,-0.004752
2020/01/09 18:38:35.486,-0.004623
2020/01/09 18:38:35.587,-0.003498
2020/01/09 18:38:35.687,-0.001514
2020/01/09 18:38:35.788,0.009261
2020/01/09 18:38:35.888,-0.000530
2020/01/09 18:38:35.988,0.001468
2020/01/09 18:38:36.089,0.001493
2020/01/09 18:38:36.189,-0.002424
2020/01/09 18:38:36.290,0.003168
2020/01/09 18:38:36.390,-0.013360
2020/01/09 18:38:36.490,0.006218
2020/01/09 18:38:36.591,-0.002829
2020/01/09 18:38:36.691,0.012742
2020/01/09 18:38:36.792,0.004772
2020/01/09 18:38:36.892,0.002176
2020/01/09 18:38:36.992,-0.015051
2020/01/09 18:38:37.093,-0.008441
2020/01/09 18:38:37.193,-0.003238
2020/01/09 18:38:37.294,-0.004408
2020/01/09 18:38:37.394,0.001167
2020/01/09 18:38:37.494,-0.007007
2020/01/09 18:38:37.595,-0.000713
2020/01/09 18:38:37.695,-0.001061
2020/01/09 18:38:37.795,-0.006032
2020/01/09 18:38:37.896,-0.002230
2020/01/09 18:38:37.996,0.001687
2020/01/09 18:38:38.097,-0.001913
2020/01/09 18:38:38.197,-0.006706
2020/01/09 18:38:38.297,-0.003086
2020/01/09 18:38:38.398,-0.002445
2020/01/09 18:38:38.498,-0.002954
2020/01/09 18:38:38.599,-0.000196
2020/01/09 18:38:38.699,0.004568
2020/01/09 18:38:38.799,-0.000080
2020/01/09 18:38:38.900,-0.000272
2020/01/09 18:38:39.000,0.002703
2020/01/09 18:38:39.101,-0.005684
2020/01/09 18:38:39.201,-0.008143
2020/01/09 18:38:39.302,-0.012547
2020/01/09 18:38:39.402,-0.004931
2020/01/09 18:38:39.502,-0.013087
2020/01/09 18:38:39.603,-0.011725
2020/01/09 18:38:39.703,-0.010018
2020/01/09 18:38:39.804,0.000031
2020/01/09 18:38:39.904,-0.002178
2020/01/09 18:38:40.004,-0.006068
2020/01/09 18:38:40.105,-0.008453
2020/01/09 18:38:40.205,-0.006181
2020/01/09 18:38:40.306,-0.008166
2020/01/09 18:38:40.406,-0.012464
2020/01/09 18:38:40.506,-0.009566
2020/01/09 18:38:40.607,0.000883
2020/01/09 18:38:40.707,0.008739
2020/01/09 18:38:40.807,-0.004320
2020/01/09 18:38:40.908,-0.015166
2020/01/09 18:38:41.008,-0.012643
2020/01/09 18:38:41.109,-0.006364
2020/01/09 18:38:41.209,-0.000207
2020/01/09 18:38:41.309,0.001258
2020/01/09 18:38:41.410,0.005695
2020/01/09 18:38:41.510,-0.002691
2020/01/09 18:38:41.611,-0.004676
2020/01/09 18:38:41.711,0.000128
2020/01/09 18:38:41.811,-0.000520
2020/01/09 18:38:41.912,-0.004130
2020/01/09 18:38:42.012,0.000462
2020/01/09 18:38:42.113,0.007951
2020/01/09 18:38:42.213,0.007211
2020/01/09 18:38:42.313,0.003064
2020/01/09 18:38:42.414,0.002039
2020/01/09 18:38:42.514,-0.000021
2020/01/09 18:38:42.615,-0.006221
2020/01/09 18:38:42.715,0.023853
2020/01/09 18:38:42.815,-0.005276
2020/01/09 18:38:42.916,-0.001372
2020/01/09 18:38:43.016,-0.004281
2020/01/09 18:38:43.117,0.000426
2020/01/09 18:38:43.217,0.017730
2020/01/09 18:38:43.317,0.017180
2020/01/09 18:38:43.418,0.016425
2020/01/09 18:38:43.518,0.001617
2020/01/09 18:38:43.619,-0.008416
2020/01/09 18:38:43.719,0.002180
2020/01/09 18:38:43.820,-0.004159
2020/01/09 18:38:43.920,-0.004982
2020/01/09 18:38:44.020,-0.002787
2020/01/09 18:38:44.120,-0.012152
2020/01/09 18:38:44.221,-0.025625
2020/01/09 18:38:44.321,-0.034652
2020/01/09 18:38:44.422,-0.024815
2020/01/09 18:38:44.522,-0.019786
2020/01/09 18:38:44.623,-0.017013
2020/01/09 18:38:44.723,-0.001131
2020/01/09 18:38:44.823,-0.003427
2020/01/09 18:38:44.924,0.006361
2020/01/09 18:38:45.024,-0.007481
2020/01/09 18:38:45.125,-0.004322
2020/01/09 18:38:45.225,-0.010849
2020/01/09 18:38:45.325,-0.002908
2020/01/09 18:38:45.426,-0.006164
2020/01/09 18:38:45.526,-0.001615
2020/01/09 18:38:45.627,-0.000793
2020/01/09 18:38:45.727,-0.004536
2020/01/09 18:38:45.827,-0.005650
2020/01/09 18:38:45.928,-0.003421
2020/01/09 18:38:46.028,0.003079
2020/01/09 18:38:46.129,-0.002312
2020/01/09 18:38:46.229,0.000455
2020/01/09 18:38:46.329,-0.005617
2020/01/09 18:38:46.430,-0.001894
2020/01/09 18:38:46.530,0.001038
2020/01/09 18:38:46.630,-0.000798
2020/01/09 18:38:46.731,-0.000240
2020/01/09 18:38:46.831,-0.006040
2020/01/09 18:38:46.932,-0.002129
2020/01/09 18:38:47.032,-0.001236
2020/01/09 18:38:47.133,0.000485
2020/01/09 18:38:47.233,-0.002412
2020/01/09 18:38:47.333,0.000631
2020/01/09 18:38:47.434,-0.002168
2020/01/09 18:38:47.534,-0.006138
2020/01/09 18:38:47.635,-0.003758
2020/01/09 18:38:47.735,-0.000555
2020/01/09 18:38:47.835,-0.004102
2020/01/09 18:38:47.936,-0.004423
2020/01/09 18:38:48.036,-0.004629
2020/01/09 18:38:48.137,-0.006980
2020/01/09 18:38:48.237,-0.004533
2020/01/09 18:38:48.337,-0.007897
2020/01/09 18:38:48.438,0.002363
2020/01/09 18:38:48.538,0.002394
2020/01/09 18:38:48.639,0.006547
2020/01/09 18:38:48.739,-0.003759
2020/01/09 18:38:48.839,-0.005772
2020/01/09 18:38:48.940,-0.002926
2020/01/09 18:38:49.040,0.001785
2020/01/09 18:38:49.141,0.001287
2020/01/09 18:38:49.241,0.006616
2020/01/09 18:38:49.341,0.009022
2020/01/09 18:38:49.442,-0.000197
2020/01/09 18:38:49.542,0.004038
2020/01/09 18:38:49.643,0.000315
2020/01/09 18:38:49.743,-0.003079
2020/01/09 18:38:49.843,-0.015031
2020/01/09 18:38:49.944,0.002626
2020/01/09 18:38:50.044,0.003668
2020/01/09 18:38:50.145,0.003816
2020/01/09 18:38:50.245,-0.003094
2020/01/09 18:38:50.345,-0.002171
2020/01/09 18:38:50.446,-0.005812
2020/01/09 18:38:50.546,-0.001892
2020/01/09 18:38:50.646,-0.004365
2020/01/09 18:38:50.747,0.002394
2020/01/09 18:38:50.847,-0.000748
2020/01/09 18:38:50.948,-0.007569
2020/01/09 18:38:51.048,-0.004055
2020/01/09 18:38:51.148,-0.004683
2020/01/09 18:38:51.249,-0.003748
2020/01/09 18:38:51.349,-0.004370
2020/01/09 18:38:51.450,0.008318
2020/01/09 18:38:51.550,0.014708
2020/01/09 18:38:51.650,-0.003687
2020/01/09 18:38:51.751,-0.001653
2020/01/09 18:38:51.851,-0.001459
2020/01/09 18:38:51.952,-0.006145
2020/01/09 18:38:52.052,-0.003678
2020/01/09 18:38:52.152,-0.005403
2020/01/09 18:38:52.253,-0.016298
2020/01/09 18:38:52.353,-0.004078
2020/01/09 18:38:52.454,0.046892
2020/01/09 18:38:52.554,0.011049
2020/01/09 18:38:52.655,-0.025622
2020/01/09 18:38:52.755,-0.021005
2020/01/09 18:38:52.855,-0.000747
2020/01/09 18:38:52.956,0.018905
2020/01/09 18:38:53.056,0.005720
2020/01/09 18:38:53.156,-0.000336
2020/01/09 18:38:53.257,0.031151
2020/01/09 18:38:53.357,-0.022815
2020/01/09 18:38:53.458,0.061742
2020/01/09 18:38:53.558,0.028569
2020/01/09 18:38:53.658,0.019773
2020/01/09 18:38:53.759,-0.009620
2020/01/09 18:38:53.859,-0.006248
2020/01/09 18:38:53.960,0.012303
2020/01/09 18:38:54.060,-0.011019
2020/01/09 18:38:54.160,-0.027083
2020/01/09 18:38:54.261,-0.034348
2020/01/09 18:38:54.361,-0.021174
2020/01/09 18:38:54.461,-0.017107
2020/01/09 18:38:54.562,-0.011463
2020/01/09 18:38:54.662,-0.003794
2020/01/09 18:38:54.763,-0.009272
2020/01/09 18:38:54.863,-0.017089
2020/01/09 18:38:54.964,-0.025480
2020/01/09 18:38:55.064,-0.019983
2020/01/09 18:38:55.164,-0.012804
2020/01/09 18:38:55.265,-0.010360
2020/01/09 18:38:55.365,-0.005966
2020/01/09 18:38:55.466,-0.000330
2020/01/09 18:38:55.566,-0.011185
2020/01/09 18:38:55.681,-0.006210
2020/01/09 18:38:55.767,-0.010544
2020/01/09 18:38:55.867,-0.016113
2020/01/09 18:38:55.968,-0.017394
2020/01/09 18:38:56.068,-0.007082
2020/01/09 18:38:56.168,0.009145
2020/01/09 18:38:56.269,0.002080
2020/01/09 18:38:56.369,0.013509
2020/01/09 18:38:56.469,0.012861
2020/01/09 18:38:56.570,0.005647
2020/01/09 18:38:56.670,0.025984
2020/01/09 18:38:56.771,0.027494
2020/01/09 18:38:56.871,0.009017
2020/01/09 18:38:56.972,0.008600
2020/01/09 18:38:57.072,0.013932
2020/01/09 18:38:57.172,0.019614
2020/01/09 18:38:57.273,0.006446
2020/01/09 18:38:57.373,0.009186
2020/01/09 18:38:57.473,-0.015140
2020/01/09 18:38:57.574,-0.020615
2020/01/09 18:38:57.674,-0.004139
2020/01/09 18:38:57.775,-0.015399
2020/01/09 18:38:57.875,-0.005390
2020/01/09 18:38:57.976,-0.009272
2020/01/09 18:38:58.076,-0.002511
2020/01/09 18:38:58.176,-0.010982
2020/01/09 18:38:58.277,-0.014088
2020/01/09 18:38:58.377,-0.000527
2020/01/09 18:38:58.477,0.006652
2020/01/09 18:38:58.578,-0.004938
2020/01/09 18:38:58.679,-0.005027
2020/01/09 18:38:58.779,-0.004463
2020/01/09 18:38:58.879,-0.001330
2020/01/09 18:38:58.980,-0.008113
2020/01/09 18:38:59.080,0.000834
2020/01/09 18:38:59.180,-0.001148
2020/01/09 18:38:59.281,-0.004668
2020/01/09 18:38:59.381,-0.007874
2020/01/09 18:38:59.481,-0.006420
2020/01/09 18:38:59.582,-0.003961
2020/01/09 18:38:59.682,0.000602
2020/01/09 18:38:59.783,0.003268
2020/01/09 18:38:59.883,0.004764
2020/01/09 18:38:59.984,-0.001573
2020/01/09 18:39:00.084,0.000270
2020/01/09 18:39:00.184,0.002549
2020/01/09 18:39:00.285,0.001969
2020/01/09 18:39:00.385,-0.006286
2020/01/09 18:39:00.486,0.000069
2020/01/09 18:39:00.586,-0.012739
2020/01/09 18:39:00.686,-0.002341
2020/01/09 18:39:00.787,-0.009231
2020/01/09 18:39:00.887,-0.007012
2020/01/09 18:39:00.988,-0.001654
2020/01/09 18:39:01.088,-0.009265
2020/01/09 18:39:01.188,-0.001568
2020/01/09 18:39:01.289,-0.002507
2020/01/09 18:39:01.389,0.001641
2020/01/09 18:39:01.489,0.009014
2020/01/09 18:39:01.590,0.022727
2020/01/09 18:39:01.690,-0.022382
2020/01/09 18:39:01.791,-0.017838
2020/01/09 18:39:01.891,0.020367
2020/01/09 18:39:01.992,0.034168
2020/01/09 18:39:02.092,-0.018029
2020/01/09 18:39:02.192,0.028137
2020/01/09 18:39:02.293,0.009163
2020/01/09 18:39:02.393,-0.013566
2020/01/09 18:39:02.493,-0.015427
2020/01/09 18:39:02.594,-0.009717
2020/01/09 18:39:02.694,-0.017072
2020/01/09 18:39:02.795,-0.020247
2020/01/09 18:39:02.895,0.001854
2020/01/09 18:39:02.995,-0.005610
2020/01/09 18:39:03.096,-0.013598
2020/01/09 18:39:03.196,-0.018222
2020/01/09 18:39:03.297,-0.037069
2020/01/09 18:39:03.397,-0.026483
2020/01/09 18:39:03.497,-0.037920
2020/01/09 18:39:03.598,-0.008979
2020/01/09 18:39:03.698,-0.035372
2020/01/09 18:39:03.799,-0.029941
2020/01/09 18:39:03.899,-0.020047
2020/01/09 18:39:03.999,-0.019183
2020/01/09 18:39:04.100,-0.021620
2020/01/09 18:39:04.200,-0.025722
2020/01/09 18:39:04.301,-0.023482
2020/01/09 18:39:04.401,-0.030035
2020/01/09 18:39:04.501,-0.011985
2020/01/09 18:39:04.602,0.001715
2020/01/09 18:39:04.702,-0.076286
2020/01/09 18:39:04.803,-0.058795
2020/01/09 18:39:04.903,-0.053540
2020/01/09 18:39:05.004,-0.041865
2020/01/09 18:39:05.104,0.023502
2020/01/09 18:39:05.204,-0.572980
2020/01/09 18:39:05.305,0.043084
2020/01/09 18:39:05.405,0.017674
2020/01/09 18:39:05.505,0.027551
2020/01/09 18:39:05.606,-0.067028
2020/01/09 18:39:05.706,-0.171754
2020/01/09 18:39:05.807,-0.235860
2020/01/09 18:39:05.907,-0.260651
2020/01/09 18:39:06.007,0.022649
2020/01/09 18:39:06.108,0.233030
2020/01/09 18:39:06.208,0.047039
2020/01/09 18:39:06.309,-0.084230
2020/01/09 18:39:06.409,0.027615
2020/01/09 18:39:06.509,0.004657
2020/01/09 18:39:06.610,0.028302
2020/01/09 18:39:06.710,0.098079
2020/01/09 18:39:06.811,-0.011994
2020/01/09 18:39:06.911,0.128893
2020/01/09 18:39:07.011,0.004649
2020/01/09 18:39:07.112,-0.027871
2020/01/09 18:39:07.212,-0.003041
2020/01/09 18:39:07.312,-0.028734
2020/01/09 18:39:07.413,0.019111
2020/01/09 18:39:07.513,0.097365
2020/01/09 18:39:07.614,0.075330
2020/01/09 18:39:07.714,0.035777
2020/01/09 18:39:07.815,0.051912
2020/01/09 18:39:07.915,0.039990
2020/01/09 18:39:08.015,0.039597
2020/01/09 18:39:08.116,0.049038
2020/01/09 18:39:08.216,0.094251
2020/01/09 18:39:08.317,0.074162
2020/01/09 18:39:08.417,0.155520
2020/01/09 18:39:08.517,0.111866
2020/01/09 18:39:08.618,0.059146
2020/01/09 18:39:08.718,0.166131
2020/01/09 18:39:08.819,0.076553
2020/01/09 18:39:08.919,0.071784
2020/01/09 18:39:09.019,0.007463
2020/01/09 18:39:09.120,-0.008195
2020/01/09 18:39:09.220,-0.017237
2020/01/09 18:39:09.321,-0.023255
2020/01/09 18:39:09.421,-0.007096
2020/01/09 18:39:09.521,0.005395
2020/01/09 18:39:09.622,-0.004570
2020/01/09 18:39:09.722,-0.001834
2020/01/09 18:39:09.822,-0.025337
2020/01/09 18:39:09.923,-0.006035
2020/01/09 18:39:10.023,-0.008987
2020/01/09 18:39:10.124,-0.003540
2020/01/09 18:39:10.224,0.000397
2020/01/09 18:39:10.325,-0.000354
2020/01/09 18:39:10.425,-0.008821
2020/01/09 18:39:10.525,0.003766
2020/01/09 18:39:10.626,0.016056
2020/01/09 18:39:10.726,0.019046
2020/01/09 18:39:10.827,0.005101
2020/01/09 18:39:10.927,-0.013011
2020/01/09 18:39:11.027,0.037555
2020/01/09 18:39:11.128,0.013505
2020/01/09 18:39:11.228,0.047141
2020/01/09 18:39:11.328,-0.009174
2020/01/09 18:39:11.429,-0.017206
2020/01/09 18:39:11.529,-0.001349
2020/01/09 18:39:11.630,-0.008083
2020/01/09 18:39:11.730,-0.028914
2020/01/09 18:39:11.831,0.002107
2020/01/09 18:39:11.931,-0.020577
2020/01/09 18:39:12.031,-0.015930
2020/01/09 18:39:12.132,0.019243
2020/01/09 18:39:12.232,-0.051179
2020/01/09 18:39:12.333,-0.032846
2020/01/09 18:39:12.433,-0.016016
2020/01/09 18:39:12.533,-0.016394
2020/01/09 18:39:12.634,-0.020503
2020/01/09 18:39:12.734,-0.024040
2020/01/09 18:39:12.835,-0.000942
2020/01/09 18:39:12.935,0.011182
2020/01/09 18:39:13.035,-0.003880
2020/01/09 18:39:13.136,0.003949
2020/01/09 18:39:13.236,0.003134
2020/01/09 18:39:13.337,-0.012624
2020/01/09 18:39:13.437,-0.006444
2020/01/09 18:39:13.537,0.005297
2020/01/09 18:39:13.638,0.006213
2020/01/09 18:39:13.738,0.000052
2020/01/09 18:39:13.839,0.000284
2020/01/09 18:39:13.939,-0.002658
2020/01/09 18:39:14.039,-0.000052
2020/01/09 18:39:14.140,-0.003126
2020/01/09 18:39:14.240,-0.001391
2020/01/09 18:39:14.341,-0.008000
2020/01/09 18:39:14.441,-0.011730
2020/01/09 18:39:14.541,0.003100
2020/01/09 18:39:14.642,-0.000588
2020/01/09 18:39:14.742,-0.005348
2020/01/09 18:39:14.842,-0.003367
2020/01/09 18:39:14.943,-0.005594
2020/01/09 18:39:15.043,0.000059
2020/01/09 18:39:15.144,0.000201
2020/01/09 18:39:15.244,0.006973
2020/01/09 18:39:15.345,0.002450
2020/01/09 18:39:15.445,0.003339
2020/01/09 18:39:15.545,0.001324
2020/01/09 18:39:15.646,0.002917
2020/01/09 18:39:15.746,0.000868
2020/01/09 18:39:15.846,0.004075
2020/01/09 18:39:15.947,-0.000398
2020/01/09 18:39:16.047,0.004176
2020/01/09 18:39:16.148,0.007171
2020/01/09 18:39:16.248,0.005234
2020/01/09 18:39:16.349,-0.002902
2020/01/09 18:39:16.449,-0.004438
2020/01/09 18:39:16.549,0.001592
2020/01/09 18:39:16.650,-0.002515
2020/01/09 18:39:16.750,0.000084
2020/01/09 18:39:16.850,-0.005553
2020/01/09 18:39:16.951,-0.005795
2020/01/09 18:39:17.051,-0.009669
2020/01/09 18:39:17.152,0.002886
2020/01/09 18:39:17.252,-0.009076
2020/01/09 18:39:17.353,0.004198
2020/01/09 18:39:17.453,-0.001550
2020/01/09 18:39:17.553,-0.009759
2020/01/09 18:39:17.654,-0.008913
2020/01/09 18:39:17.754,-0.005135
2020/01/09 18:39:17.854,-0.005975
2020/01/09 18:39:17.955,-0.017066
2020/01/09 18:39:18.055,-0.005258
2020/01/09 18:39:18.156,-0.003651
2020/01/09 18:39:18.256,-0.007239
2020/01/09 18:39:18.356,0.005872
2020/01/09 18:39:18.457,0.000168
2020/01/09 18:39:18.557,-0.000792
2020/01/09 18:39:18.658,0.005179
2020/01/09 18:39:18.758,0.004503
2020/01/09 18:39:18.858,0.007673
2020/01/09 18:39:18.959,0.002205
2020/01/09 18:39:19.059,-0.004111
2020/01/09 18:39:19.160,0.003861
2020/01/09 18:39:19.260,-0.002897
2020/01/09 18:39:19.360,0.001510
2020/01/09 18:39:19.461,-0.003962
2020/01/09 18:39:19.561,0.001899
2020/01/09 18:39:19.662,0.001471
2020/01/09 18:39:19.762,-0.002903
2020/01/09 18:39:19.862,-0.012049
2020/01/09 18:39:19.963,-0.004016
2020/01/09 18:39:20.063,0.001069
2020/01/09 18:39:20.164,0.000626
2020/01/09 18:39:20.264,0.004226
2020/01/09 18:39:20.364,0.000551
2020/01/09 18:39:20.465,-0.003454
2020/01/09 18:39:20.565,-0.007036
2020/01/09 18:39:20.666,-0.002597
2020/01/09 18:39:20.766,-0.003319
2020/01/09 18:39:20.866,-0.000181
2020/01/09 18:39:20.967,-0.060375
2020/01/09 18:39:21.067,0.000521
2020/01/09 18:39:21.168,0.006750
2020/01/09 18:39:21.268,-0.028013
2020/01/09 18:39:21.368,-0.029909
2020/01/09 18:39:21.469,-0.037685
2020/01/09 18:39:21.569,-0.113163
2020/01/09 18:39:21.669,-0.034215
2020/01/09 18:39:21.770,-0.152621
2020/01/09 18:39:21.870,-0.058425
2020/01/09 18:39:21.971,0.022782
2020/01/09 18:39:22.071,0.009817
2020/01/09 18:39:22.172,0.000343
2020/01/09 18:39:22.272,0.013972
2020/01/09 18:39:22.372,0.030814
2020/01/09 18:39:22.473,0.004057
2020/01/09 18:39:22.573,0.011117
2020/01/09 18:39:22.674,-0.030908
2020/01/09 18:39:22.774,-0.089568
2020/01/09 18:39:22.874,-0.060563
2020/01/09 18:39:22.975,-0.056578
2020/01/09 18:39:23.075,-0.044902
2020/01/09 18:39:23.175,-0.044734
2020/01/09 18:39:23.276,0.027040
2020/01/09 18:39:23.377,0.038675
2020/01/09 18:39:23.477,0.004818
2020/01/09 18:39:23.577,-0.004833
2020/01/09 18:39:23.678,0.003031
2020/01/09 18:39:23.778,0.021787
2020/01/09 18:39:23.879,-0.072767
2020/01/09 18:39:23.979,0.006669
2020/01/09 18:39:24.079,0.153828
2020/01/09 18:39:24.180,0.164417
2020/01/09 18:39:24.280,0.001339
2020/01/09 18:39:24.380,-0.018164
2020/01/09 18:39:24.481,0.000648
2020/01/09 18:39:24.581,0.008768
2020/01/09 18:39:24.682,0.000258
2020/01/09 18:39:24.782,-0.001498
2020/01/09 18:39:24.882,-0.006811
2020/01/09 18:39:24.983,-0.002236
2020/01/09 18:39:25.083,0.006034
2020/01/09 18:39:25.183,0.009107
2020/01/09 18:39:25.284,-0.000231
2020/01/09 18:39:25.384,-0.002767
2020/01/09 18:39:25.485,0.005736
2020/01/09 18:39:25.585,0.002030
2020/01/09 18:39:25.686,0.005981
2020/01/09 18:39:25.786,0.000330
2020/01/09 18:39:25.886,0.008919
2020/01/09 18:39:25.987,0.013606
2020/01/09 18:39:26.087,0.004579
2020/01/09 18:39:26.187,-0.009985
2020/01/09 18:39:26.288,0.011851
2020/01/09 18:39:26.388,0.043979
2020/01/09 18:39:26.489,0.052729
2020/01/09 18:39:26.589,0.000333
2020/01/09 18:39:26.689,0.004950
2020/01/09 18:39:26.790,-0.006611
2020/01/09 18:39:26.890,-0.008297
2020/01/09 18:39:26.991,-0.012408
2020/01/09 18:39:27.091,-0.007923
2020/01/09 18:39:27.191,-0.007594
2020/01/09 18:39:27.292,0.003062
2020/01/09 18:39:27.392,-0.000635
2020/01/09 18:39:27.492,0.006851
2020/01/09 18:39:27.593,-0.000640
2020/01/09 18:39:27.693,0.004455
2020/01/09 18:39:27.794,0.000701
2020/01/09 18:39:27.894,0.002859
