,Date_time,X,Y,Z,ts,Profile,Activity
0,2020-01-10 20:06:05.584,0.070023,-0.9306030000000001,0.357452,1578686765,DL,laying
1,2020-01-10 20:06:05.701,0.081497,-0.929947,0.36236599999999997,1578686765,DL,laying
2,2020-01-10 20:06:05.784,0.131454,-0.920532,0.395004,1578686765,DL,laying
3,2020-01-10 20:06:05.882,0.096695,-0.957169,0.29165599999999997,1578686765,DL,laying
4,2020-01-10 20:06:05.980,0.105118,-0.9769129999999999,0.12054400000000001,1578686765,DL,laying
5,2020-01-10 20:06:06.077,0.162903,-1.0196530000000001,0.13372799999999999,1578686766,DL,laying
6,2020-01-10 20:06:06.175,0.161896,-0.9209290000000001,0.24825999999999998,1578686766,DL,laying
7,2020-01-10 20:06:06.281,0.044357,-0.824982,0.229584,1578686766,DL,laying
8,2020-01-10 20:06:06.379,0.052872,-0.901932,-0.084381,1578686766,DL,laying
9,2020-01-10 20:06:06.476,0.065262,-0.837051,-0.303772,1578686766,DL,laying
10,2020-01-10 20:06:06.574,-0.06591799999999999,-0.764297,-0.464447,1578686766,DL,laying
11,2020-01-10 20:06:06.672,0.18309,-0.440567,-0.47843900000000006,1578686766,DL,laying
12,2020-01-10 20:06:06.778,-0.394897,-1.078156,-1.44635,1578686766,DL,laying
13,2020-01-10 20:06:06.876,-0.08786000000000001,-0.698685,-0.607483,1578686766,DL,laying
14,2020-01-10 20:06:06.973,-0.112579,-0.601395,-0.5895229999999999,1578686766,DL,laying
15,2020-01-10 20:06:07.069,-0.06715399999999999,-0.704346,-0.697617,1578686767,DL,laying
16,2020-01-10 20:06:07.169,-0.09535199999999999,-0.688354,-0.697388,1578686767,DL,laying
17,2020-01-10 20:06:07.275,-0.082718,-0.69313,-0.707657,1578686767,DL,laying
18,2020-01-10 20:06:07.373,-0.068771,-0.704666,-0.710327,1578686767,DL,laying
19,2020-01-10 20:06:07.470,-0.075638,-0.734329,-0.689346,1578686767,DL,laying
20,2020-01-10 20:06:07.568,-0.08935499999999999,-0.675583,-0.724594,1578686767,DL,laying
21,2020-01-10 20:06:07.665,-0.073196,-0.703766,-0.713791,1578686767,DL,laying
22,2020-01-10 20:06:07.772,-0.07623300000000001,-0.696838,-0.715118,1578686767,DL,laying
23,2020-01-10 20:06:07.870,-0.071823,-0.693558,-0.717575,1578686767,DL,laying
24,2020-01-10 20:06:07.967,-0.066879,-0.677063,-0.711136,1578686767,DL,laying
25,2020-01-10 20:06:08.065,-0.246552,-0.721863,-0.677551,1578686768,DL,laying
26,2020-01-10 20:06:08.162,-0.073654,-0.6550600000000001,-0.76622,1578686768,DL,laying
27,2020-01-10 20:06:08.269,-0.158722,-0.670578,-0.715485,1578686768,DL,laying
28,2020-01-10 20:06:08.366,-0.10943599999999999,-0.660324,-0.769623,1578686768,DL,laying
29,2020-01-10 20:06:08.464,-0.099777,-0.595428,-0.784683,1578686768,DL,laying
30,2020-01-10 20:06:08.562,-0.130646,-0.627655,-0.7712859999999999,1578686768,DL,laying
31,2020-01-10 20:06:08.659,-0.101395,-0.626907,-0.758942,1578686768,DL,laying
32,2020-01-10 20:06:08.766,-0.172623,-0.670578,-0.695892,1578686768,DL,laying
33,2020-01-10 20:06:08.863,-0.10850499999999999,-0.649353,-0.763962,1578686768,DL,laying
34,2020-01-10 20:06:08.961,-0.167252,-0.652618,-0.7632899999999999,1578686768,DL,laying
35,2020-01-10 20:06:09.059,-0.117874,-0.659805,-0.83873,1578686769,DL,laying
36,2020-01-10 20:06:09.156,-0.153625,-0.630051,-0.699997,1578686769,DL,laying
37,2020-01-10 20:06:09.263,-0.14030499999999999,-0.664337,-0.735062,1578686769,DL,laying
38,2020-01-10 20:06:09.360,-0.108521,-0.683487,-0.7645569999999999,1578686769,DL,laying
39,2020-01-10 20:06:09.458,-0.09819,-0.662903,-0.728195,1578686769,DL,laying
40,2020-01-10 20:06:09.556,-0.11561600000000001,-0.667038,-0.736328,1578686769,DL,laying
41,2020-01-10 20:06:09.653,-0.11926300000000001,-0.663879,-0.7373810000000001,1578686769,DL,laying
42,2020-01-10 20:06:09.760,-0.108688,-0.646103,-0.753265,1578686769,DL,laying
43,2020-01-10 20:06:09.857,-0.110428,-0.666168,-0.749725,1578686769,DL,laying
44,2020-01-10 20:06:09.955,-0.095123,-0.6479189999999999,-0.773453,1578686769,DL,laying
45,2020-01-10 20:06:10.052,-0.10040299999999999,-0.61322,-0.749405,1578686770,DL,laying
46,2020-01-10 20:06:10.150,-0.085754,-0.652832,-0.74852,1578686770,DL,laying
47,2020-01-10 20:06:10.257,-0.071793,-0.6195069999999999,-0.787079,1578686770,DL,laying
48,2020-01-10 20:06:10.354,-0.057571000000000004,-0.6040800000000001,-0.7995909999999999,1578686770,DL,laying
49,2020-01-10 20:06:10.452,-0.032333,-0.5760649999999999,-0.8316959999999999,1578686770,DL,laying
50,2020-01-10 20:06:10.549,0.003326,-0.588699,-0.772781,1578686770,DL,laying
51,2020-01-10 20:06:10.647,-0.009125,-0.577454,-0.842239,1578686770,DL,laying
52,2020-01-10 20:06:10.754,-0.000916,-0.5444640000000001,-0.8441620000000001,1578686770,DL,laying
53,2020-01-10 20:06:10.851,-0.015319999999999999,-0.583542,-0.843567,1578686770,DL,laying
54,2020-01-10 20:06:10.949,-0.000397,-0.523071,-0.807999,1578686770,DL,laying
55,2020-01-10 20:06:11.046,-0.010147,-0.5820770000000001,-0.8504940000000001,1578686771,DL,laying
56,2020-01-10 20:06:11.144,-0.015839,-0.540985,-0.8198700000000001,1578686771,DL,laying
57,2020-01-10 20:06:11.251,-0.0074459999999999995,-0.55098,-0.838577,1578686771,DL,laying
58,2020-01-10 20:06:11.348,-0.016815,-0.564285,-0.830566,1578686771,DL,laying
59,2020-01-10 20:06:11.446,-0.009857,-0.557129,-0.8297120000000001,1578686771,DL,laying
60,2020-01-10 20:06:11.543,-0.020416,-0.555099,-0.834946,1578686771,DL,laying
61,2020-01-10 20:06:11.641,-0.022964,-0.563873,-0.833649,1578686771,DL,laying
62,2020-01-10 20:06:11.748,-0.016922,-0.545654,-0.827744,1578686771,DL,laying
63,2020-01-10 20:06:11.845,-0.0063170000000000006,-0.55603,-0.8379059999999999,1578686771,DL,laying
64,2020-01-10 20:06:11.943,-0.009064000000000001,-0.544434,-0.829041,1578686771,DL,laying
65,2020-01-10 20:06:12.040,-0.012573,-0.560654,-0.8381040000000001,1578686772,DL,laying
66,2020-01-10 20:06:12.138,-0.007843000000000001,-0.555542,-0.8331299999999999,1578686772,DL,laying
67,2020-01-10 20:06:12.244,-0.012726000000000001,-0.558563,-0.836258,1578686772,DL,laying
68,2020-01-10 20:06:12.342,-0.012878,-0.554672,-0.8362879999999999,1578686772,DL,laying
69,2020-01-10 20:06:12.440,-0.009964,-0.549561,-0.833466,1578686772,DL,laying
70,2020-01-10 20:06:12.537,-0.016632,-0.55455,-0.836823,1578686772,DL,laying
71,2020-01-10 20:06:12.635,-0.006332,-0.541763,-0.832092,1578686772,DL,laying
72,2020-01-10 20:06:12.741,-0.011429,-0.5492100000000001,-0.8400270000000001,1578686772,DL,laying
73,2020-01-10 20:06:12.839,-0.005554,-0.5421600000000001,-0.843735,1578686772,DL,laying
74,2020-01-10 20:06:12.937,-0.003296,-0.5350189999999999,-0.8391719999999999,1578686772,DL,laying
75,2020-01-10 20:06:13.034,-0.007918999999999999,-0.53241,-0.83786,1578686773,DL,laying
76,2020-01-10 20:06:13.132,-0.005997,-0.549103,-0.8479610000000001,1578686773,DL,laying
77,2020-01-10 20:06:13.238,-0.00798,-0.5457310000000001,-0.837601,1578686773,DL,laying
78,2020-01-10 20:06:13.336,-0.009537,-0.544342,-0.844864,1578686773,DL,laying
79,2020-01-10 20:06:13.434,-0.00946,-0.544998,-0.83757,1578686773,DL,laying
80,2020-01-10 20:06:13.531,-0.006653,-0.544373,-0.8445590000000001,1578686773,DL,laying
81,2020-01-10 20:06:13.629,-0.007797,-0.53923,-0.8387450000000001,1578686773,DL,laying
82,2020-01-10 20:06:13.735,-0.004456,-0.541183,-0.844666,1578686773,DL,laying
83,2020-01-10 20:06:13.833,-0.007736,-0.542007,-0.842773,1578686773,DL,laying
84,2020-01-10 20:06:13.930,-0.0043490000000000004,-0.540131,-0.843719,1578686773,DL,laying
85,2020-01-10 20:06:14.028,-0.001755,-0.539825,-0.848816,1578686774,DL,laying
86,2020-01-10 20:06:14.126,-0.010071,-0.5440520000000001,-0.8398899999999999,1578686774,DL,laying
87,2020-01-10 20:06:14.232,-0.006866,-0.539383,-0.8368680000000001,1578686774,DL,laying
88,2020-01-10 20:06:14.330,-0.011642,-0.544586,-0.8413700000000001,1578686774,DL,laying
89,2020-01-10 20:06:14.427,-0.010849,-0.548157,-0.839508,1578686774,DL,laying
90,2020-01-10 20:06:14.525,-0.012222,-0.547272,-0.836044,1578686774,DL,laying
91,2020-01-10 20:06:14.623,-0.013275,-0.549057,-0.840088,1578686774,DL,laying
92,2020-01-10 20:06:14.729,-0.014343,-0.546875,-0.839111,1578686774,DL,laying
93,2020-01-10 20:06:14.827,-0.017578,-0.549103,-0.836334,1578686774,DL,laying
94,2020-01-10 20:06:14.924,-0.010787999999999999,-0.5387569999999999,-0.831116,1578686774,DL,laying
95,2020-01-10 20:06:15.022,-0.014893,-0.5556180000000001,-0.8367,1578686775,DL,laying
96,2020-01-10 20:06:15.119,-0.013702,-0.552673,-0.836319,1578686775,DL,laying
97,2020-01-10 20:06:15.226,-0.016403,-0.552048,-0.83342,1578686775,DL,laying
98,2020-01-10 20:06:15.323,-0.01741,-0.551605,-0.8350069999999999,1578686775,DL,laying
99,2020-01-10 20:06:15.421,-0.016235,-0.553787,-0.8349,1578686775,DL,laying
100,2020-01-10 20:06:15.519,-0.017776,-0.553177,-0.8368680000000001,1578686775,DL,laying
101,2020-01-10 20:06:15.617,-0.021027,-0.553497,-0.833893,1578686775,DL,laying
102,2020-01-10 20:06:15.723,-0.014832,-0.541412,-0.8260799999999999,1578686775,DL,laying
103,2020-01-10 20:06:15.820,-0.018646,-0.556808,-0.836517,1578686775,DL,laying
104,2020-01-10 20:06:15.918,-0.014587000000000001,-0.5505369999999999,-0.8390049999999999,1578686775,DL,laying
105,2020-01-10 20:06:16.016,-0.015839,-0.550262,-0.8339840000000001,1578686776,DL,laying
106,2020-01-10 20:06:16.113,-0.010925,-0.544235,-0.840576,1578686776,DL,laying
107,2020-01-10 20:06:16.220,-0.012314,-0.545776,-0.842087,1578686776,DL,laying
108,2020-01-10 20:06:16.317,-0.008499,-0.541519,-0.8429260000000001,1578686776,DL,laying
109,2020-01-10 20:06:16.415,-0.006561,-0.539017,-0.8475799999999999,1578686776,DL,laying
110,2020-01-10 20:06:16.512,-0.0028079999999999997,-0.530151,-0.8535,1578686776,DL,laying
111,2020-01-10 20:06:16.610,-0.007935,-0.533691,-0.843201,1578686776,DL,laying
112,2020-01-10 20:06:16.717,-0.00235,-0.5253909999999999,-0.8459469999999999,1578686776,DL,laying
113,2020-01-10 20:06:16.814,-0.00473,-0.533035,-0.846191,1578686776,DL,laying
114,2020-01-10 20:06:16.912,-0.0054020000000000006,-0.533936,-0.840347,1578686776,DL,laying
115,2020-01-10 20:06:17.009,-0.011093,-0.540863,-0.8483430000000001,1578686777,DL,laying
116,2020-01-10 20:06:17.107,-0.009979,-0.54483,-0.842148,1578686777,DL,laying
117,2020-01-10 20:06:17.214,-0.009995,-0.543976,-0.8435969999999999,1578686777,DL,laying
118,2020-01-10 20:06:17.311,-0.010803,-0.544922,-0.847031,1578686777,DL,laying
119,2020-01-10 20:06:17.409,-0.016617,-0.551239,-0.841141,1578686777,DL,laying
120,2020-01-10 20:06:17.506,-0.014236000000000002,-0.5458529999999999,-0.838226,1578686777,DL,laying
121,2020-01-10 20:06:17.604,-0.015944999999999997,-0.549271,-0.838562,1578686777,DL,laying
122,2020-01-10 20:06:17.710,-0.018036,-0.5507810000000001,-0.8352360000000001,1578686777,DL,laying
123,2020-01-10 20:06:17.808,-0.016907,-0.548599,-0.836578,1578686777,DL,laying
124,2020-01-10 20:06:17.906,-0.017136000000000002,-0.549438,-0.8363950000000001,1578686777,DL,laying
125,2020-01-10 20:06:18.003,-0.01712,-0.5511020000000001,-0.8380129999999999,1578686778,DL,laying
126,2020-01-10 20:06:18.101,-0.018036,-0.54953,-0.835464,1578686778,DL,laying
127,2020-01-10 20:06:18.207,-0.014038,-0.5483399999999999,-0.836945,1578686778,DL,laying
128,2020-01-10 20:06:18.305,-0.016815,-0.546097,-0.83725,1578686778,DL,laying
129,2020-01-10 20:06:18.403,-0.016784999999999998,-0.554077,-0.835617,1578686778,DL,laying
130,2020-01-10 20:06:18.500,-0.016693,-0.54805,-0.837784,1578686778,DL,laying
131,2020-01-10 20:06:18.598,-0.016097999999999998,-0.549713,-0.838409,1578686778,DL,laying
132,2020-01-10 20:06:18.704,-0.017807,-0.552048,-0.8395389999999999,1578686778,DL,laying
133,2020-01-10 20:06:18.802,-0.016052,-0.549103,-0.841858,1578686778,DL,laying
134,2020-01-10 20:06:18.900,-0.014740000000000001,-0.545044,-0.840424,1578686778,DL,laying
135,2020-01-10 20:06:18.997,-0.00795,-0.539352,-0.8447110000000001,1578686778,DL,laying
136,2020-01-10 20:06:19.095,-0.009276999999999999,-0.534866,-0.848907,1578686779,DL,laying
137,2020-01-10 20:06:19.201,-0.004761,-0.5323939999999999,-0.85025,1578686779,DL,laying
138,2020-01-10 20:06:19.299,-0.005493,-0.528107,-0.8526,1578686779,DL,laying
139,2020-01-10 20:06:19.397,-0.000305,-0.5149229999999999,-0.8536530000000001,1578686779,DL,laying
140,2020-01-10 20:06:19.494,0.004318,-0.5120239999999999,-0.8521120000000001,1578686779,DL,laying
141,2020-01-10 20:06:19.592,0.0072629999999999995,-0.510452,-0.860916,1578686779,DL,laying
142,2020-01-10 20:06:19.698,0.00885,-0.509796,-0.8585209999999999,1578686779,DL,laying
143,2020-01-10 20:06:19.796,0.008743,-0.510071,-0.85524,1578686779,DL,laying
144,2020-01-10 20:06:19.893,0.009125,-0.513809,-0.8545379999999999,1578686779,DL,laying
145,2020-01-10 20:06:19.991,0.005386,-0.520798,-0.86116,1578686779,DL,laying
146,2020-01-10 20:06:20.089,0.0052640000000000004,-0.517487,-0.8555299999999999,1578686780,DL,laying
147,2020-01-10 20:06:20.195,0.00148,-0.519608,-0.8517459999999999,1578686780,DL,laying
148,2020-01-10 20:06:20.293,-0.001877,-0.528717,-0.8592989999999999,1578686780,DL,laying
149,2020-01-10 20:06:20.390,-0.002228,-0.5266569999999999,-0.852798,1578686780,DL,laying
150,2020-01-10 20:06:20.488,-0.005966,-0.5273899999999999,-0.851929,1578686780,DL,laying
151,2020-01-10 20:06:20.586,-0.008194,-0.53656,-0.8486790000000001,1578686780,DL,laying
152,2020-01-10 20:06:20.692,-0.006378,-0.535172,-0.849197,1578686780,DL,laying
153,2020-01-10 20:06:20.790,-0.013106999999999999,-0.541992,-0.847519,1578686780,DL,laying
154,2020-01-10 20:06:20.887,-0.010757,-0.537445,-0.842514,1578686780,DL,laying
155,2020-01-10 20:06:20.985,-0.013412,-0.540176,-0.8430629999999999,1578686780,DL,laying
156,2020-01-10 20:06:21.083,-0.013748,-0.540955,-0.843628,1578686781,DL,laying
157,2020-01-10 20:06:21.189,-0.014862,-0.541351,-0.842316,1578686781,DL,laying
158,2020-01-10 20:06:21.287,-0.014740000000000001,-0.540878,-0.8415219999999999,1578686781,DL,laying
159,2020-01-10 20:06:21.384,-0.013992,-0.53952,-0.840958,1578686781,DL,laying
160,2020-01-10 20:06:21.482,-0.016738999999999997,-0.541641,-0.840698,1578686781,DL,laying
161,2020-01-10 20:06:21.580,-0.013503999999999999,-0.533615,-0.840775,1578686781,DL,laying
162,2020-01-10 20:06:21.686,-0.015319999999999999,-0.546188,-0.8407899999999999,1578686781,DL,laying
163,2020-01-10 20:06:21.784,-0.017578,-0.545792,-0.841949,1578686781,DL,laying
164,2020-01-10 20:06:21.881,-0.016281,-0.545868,-0.8386379999999999,1578686781,DL,laying
165,2020-01-10 20:06:21.979,-0.01651,-0.546158,-0.8422850000000001,1578686781,DL,laying
166,2020-01-10 20:06:22.076,-0.015381,-0.544998,-0.8408200000000001,1578686782,DL,laying
167,2020-01-10 20:06:22.183,-0.014786,-0.5454859999999999,-0.839828,1578686782,DL,laying
168,2020-01-10 20:06:22.281,-0.016418000000000002,-0.543137,-0.8423309999999999,1578686782,DL,laying
169,2020-01-10 20:06:22.378,-0.013702,-0.541153,-0.8418120000000001,1578686782,DL,laying
170,2020-01-10 20:06:22.476,-0.016556,-0.544067,-0.843033,1578686782,DL,laying
171,2020-01-10 20:06:22.573,-0.015609999999999999,-0.540146,-0.841492,1578686782,DL,laying
172,2020-01-10 20:06:22.680,-0.015991,-0.537918,-0.841888,1578686782,DL,laying
173,2020-01-10 20:06:22.778,-0.011597,-0.540176,-0.84729,1578686782,DL,laying
174,2020-01-10 20:06:22.875,-0.011612,-0.541733,-0.8443450000000001,1578686782,DL,laying
175,2020-01-10 20:06:22.973,-0.008591,-0.536179,-0.846359,1578686782,DL,laying
176,2020-01-10 20:06:23.070,-0.01059,-0.535172,-0.8443149999999999,1578686783,DL,laying
177,2020-01-10 20:06:23.177,-0.008575,-0.532471,-0.847916,1578686783,DL,laying
178,2020-01-10 20:06:23.274,-0.0070799999999999995,-0.5308229999999999,-0.847809,1578686783,DL,laying
179,2020-01-10 20:06:23.372,-0.003036,-0.527725,-0.845016,1578686783,DL,laying
180,2020-01-10 20:06:23.470,-0.006881999999999999,-0.530502,-0.8467709999999999,1578686783,DL,laying
181,2020-01-10 20:06:23.567,-0.008194,-0.5316770000000001,-0.848709,1578686783,DL,laying
182,2020-01-10 20:06:23.674,-0.008911,-0.5341640000000001,-0.847412,1578686783,DL,laying
183,2020-01-10 20:06:23.771,-0.010895,-0.532349,-0.846024,1578686783,DL,laying
184,2020-01-10 20:06:23.869,-0.008743,-0.532089,-0.844131,1578686783,DL,laying
185,2020-01-10 20:06:23.967,-0.00972,-0.543823,-0.8481290000000001,1578686783,DL,laying
186,2020-01-10 20:06:24.064,-0.014694,-0.539963,-0.8435520000000001,1578686784,DL,laying
187,2020-01-10 20:06:24.171,-0.016068,-0.542938,-0.8435969999999999,1578686784,DL,laying
188,2020-01-10 20:06:24.268,-0.013458000000000001,-0.5425260000000001,-0.842667,1578686784,DL,laying
189,2020-01-10 20:06:24.366,-0.014603,-0.5410159999999999,-0.8445739999999999,1578686784,DL,laying
190,2020-01-10 20:06:24.464,-0.013428,-0.541107,-0.841766,1578686784,DL,laying
191,2020-01-10 20:06:24.561,-0.014953999999999999,-0.54068,-0.8448180000000001,1578686784,DL,laying
192,2020-01-10 20:06:24.668,-0.015152,-0.541061,-0.8422850000000001,1578686784,DL,laying
193,2020-01-10 20:06:24.765,-0.014999,-0.5388029999999999,-0.843124,1578686784,DL,laying
194,2020-01-10 20:06:24.863,-0.014374000000000001,-0.539536,-0.84288,1578686784,DL,laying
195,2020-01-10 20:06:24.961,-0.014603,-0.5394899999999999,-0.844025,1578686784,DL,laying
196,2020-01-10 20:06:25.058,-0.013931,-0.539307,-0.8414459999999999,1578686785,DL,laying
197,2020-01-10 20:06:25.165,-0.010239,-0.53978,-0.8466950000000001,1578686785,DL,laying
198,2020-01-10 20:06:25.262,-0.019974000000000002,-0.540955,-0.8410190000000001,1578686785,DL,laying
199,2020-01-10 20:06:25.360,-0.014969,-0.5410159999999999,-0.8435969999999999,1578686785,DL,laying
200,2020-01-10 20:06:25.458,-0.017639,-0.540695,-0.84201,1578686785,DL,laying
201,2020-01-10 20:06:25.555,-0.013809,-0.540131,-0.842316,1578686785,DL,laying
202,2020-01-10 20:06:25.662,-0.014984,-0.5392,-0.844025,1578686785,DL,laying
203,2020-01-10 20:06:25.759,-0.013748,-0.539062,-0.8428040000000001,1578686785,DL,laying
204,2020-01-10 20:06:25.857,-0.014038,-0.538788,-0.844299,1578686785,DL,laying
205,2020-01-10 20:06:25.955,-0.011627,-0.532944,-0.845367,1578686785,DL,laying
206,2020-01-10 20:06:26.052,-0.010147,-0.532166,-0.845291,1578686786,DL,laying
207,2020-01-10 20:06:26.158,-0.00885,-0.533325,-0.847153,1578686786,DL,laying
208,2020-01-10 20:06:26.256,-0.0070799999999999995,-0.528442,-0.848297,1578686786,DL,laying
209,2020-01-10 20:06:26.354,-0.008423,-0.52951,-0.846283,1578686786,DL,laying
210,2020-01-10 20:06:26.451,-0.006546,-0.523224,-0.840485,1578686786,DL,laying
211,2020-01-10 20:06:26.549,-0.008834999999999999,-0.5368350000000001,-0.8543850000000001,1578686786,DL,laying
212,2020-01-10 20:06:26.655,-0.0033420000000000004,-0.528824,-0.849045,1578686786,DL,laying
213,2020-01-10 20:06:26.753,-0.007858,-0.526917,-0.846985,1578686786,DL,laying
214,2020-01-10 20:06:26.851,-0.0075379999999999996,-0.529022,-0.8476870000000001,1578686786,DL,laying
215,2020-01-10 20:06:26.948,-0.011124,-0.534576,-0.847168,1578686786,DL,laying
216,2020-01-10 20:06:27.046,-0.008773999999999999,-0.5348970000000001,-0.847824,1578686787,DL,laying
217,2020-01-10 20:06:27.152,-0.010269,-0.533737,-0.847,1578686787,DL,laying
218,2020-01-10 20:06:27.250,-0.012863,-0.534576,-0.8455809999999999,1578686787,DL,laying
219,2020-01-10 20:06:27.347,-0.010574,-0.536194,-0.846298,1578686787,DL,laying
220,2020-01-10 20:06:27.445,-0.010315000000000001,-0.538147,-0.8460850000000001,1578686787,DL,laying
221,2020-01-10 20:06:27.543,-0.011597,-0.537079,-0.8436889999999999,1578686787,DL,laying
222,2020-01-10 20:06:27.649,-0.012878,-0.540253,-0.849564,1578686787,DL,laying
223,2020-01-10 20:06:27.747,-0.016861,-0.545944,-0.8422700000000001,1578686787,DL,laying
224,2020-01-10 20:06:27.844,-0.015030000000000002,-0.5377810000000001,-0.8442540000000001,1578686787,DL,laying
225,2020-01-10 20:06:27.942,-0.014953999999999999,-0.542679,-0.844391,1578686787,DL,laying
226,2020-01-10 20:06:28.040,-0.012466,-0.5423279999999999,-0.8438110000000001,1578686788,DL,laying
227,2020-01-10 20:06:28.146,-0.014145,-0.5413819999999999,-0.8420559999999999,1578686788,DL,laying
228,2020-01-10 20:06:28.244,-0.014877000000000001,-0.54097,-0.84198,1578686788,DL,laying
229,2020-01-10 20:06:28.341,-0.014771000000000001,-0.541641,-0.8430479999999999,1578686788,DL,laying
230,2020-01-10 20:06:28.439,-0.015549,-0.539612,-0.8422850000000001,1578686788,DL,laying
231,2020-01-10 20:06:28.537,-0.015106,-0.539566,-0.843658,1578686788,DL,laying
232,2020-01-10 20:06:28.643,-0.014113999999999998,-0.539658,-0.843475,1578686788,DL,laying
233,2020-01-10 20:06:28.741,-0.015625,-0.540726,-0.84436,1578686788,DL,laying
234,2020-01-10 20:06:28.838,-0.012085,-0.541168,-0.844009,1578686788,DL,laying
235,2020-01-10 20:06:28.936,-0.010193,-0.532425,-0.8457950000000001,1578686788,DL,laying
236,2020-01-10 20:06:29.034,-0.01181,-0.540894,-0.8443299999999999,1578686789,DL,laying
237,2020-01-10 20:06:29.140,-0.011902,-0.534546,-0.8475799999999999,1578686789,DL,laying
238,2020-01-10 20:06:29.238,-0.010391,-0.536087,-0.846649,1578686789,DL,laying
239,2020-01-10 20:06:29.335,-0.008759000000000001,-0.533295,-0.8460540000000001,1578686789,DL,laying
240,2020-01-10 20:06:29.433,-0.008209000000000001,-0.530304,-0.849167,1578686789,DL,laying
241,2020-01-10 20:06:29.530,-0.008223999999999999,-0.531601,-0.84967,1578686789,DL,laying
242,2020-01-10 20:06:29.637,-0.005188,-0.530716,-0.849182,1578686789,DL,laying
243,2020-01-10 20:06:29.735,-0.004913,-0.525238,-0.849884,1578686789,DL,laying
244,2020-01-10 20:06:29.832,-0.004303,-0.5259699999999999,-0.84967,1578686789,DL,laying
245,2020-01-10 20:06:29.930,-0.005111999999999999,-0.529251,-0.850723,1578686789,DL,laying
246,2020-01-10 20:06:30.027,-0.007034,-0.526321,-0.8537899999999999,1578686790,DL,laying
247,2020-01-10 20:06:30.134,-0.005249,-0.528824,-0.8515010000000001,1578686790,DL,laying
248,2020-01-10 20:06:30.231,-0.004807,-0.52681,-0.8497469999999999,1578686790,DL,laying
249,2020-01-10 20:06:30.329,-0.005829,-0.535492,-0.8503879999999999,1578686790,DL,laying
250,2020-01-10 20:06:30.427,-0.009781,-0.5323939999999999,-0.847198,1578686790,DL,laying
251,2020-01-10 20:06:30.524,-0.011139,-0.537033,-0.8464809999999999,1578686790,DL,laying
252,2020-01-10 20:06:30.631,-0.011063,-0.536194,-0.8443299999999999,1578686790,DL,laying
253,2020-01-10 20:06:30.728,-0.014374000000000001,-0.538574,-0.8464360000000001,1578686790,DL,laying
254,2020-01-10 20:06:30.826,-0.013046,-0.538559,-0.843872,1578686790,DL,laying
255,2020-01-10 20:06:30.924,-0.012924000000000001,-0.538284,-0.845413,1578686790,DL,laying
256,2020-01-10 20:06:31.021,-0.013947,-0.53688,-0.84375,1578686791,DL,laying
257,2020-01-10 20:06:31.128,-0.013138,-0.537613,-0.8435969999999999,1578686791,DL,laying
258,2020-01-10 20:06:31.225,-0.012054,-0.536972,-0.8441770000000001,1578686791,DL,laying
259,2020-01-10 20:06:31.323,-0.013885,-0.538193,-0.8439180000000001,1578686791,DL,laying
260,2020-01-10 20:06:31.421,-0.016097999999999998,-0.536484,-0.841934,1578686791,DL,laying
261,2020-01-10 20:06:31.518,-0.019469999999999998,-0.541061,-0.841095,1578686791,DL,laying
262,2020-01-10 20:06:31.625,-0.014846999999999999,-0.525223,-0.832367,1578686791,DL,laying
263,2020-01-10 20:06:31.722,-0.015244,-0.544922,-0.844894,1578686791,DL,laying
264,2020-01-10 20:06:31.820,-0.015518,-0.540298,-0.845993,1578686791,DL,laying
265,2020-01-10 20:06:31.917,-0.015518,-0.5384220000000001,-0.840942,1578686791,DL,laying
266,2020-01-10 20:06:32.013,-0.014755,-0.535492,-0.8434450000000001,1578686792,DL,laying
267,2020-01-10 20:06:32.122,-0.015015,-0.538452,-0.844849,1578686792,DL,laying
268,2020-01-10 20:06:32.219,-0.013123,-0.536758,-0.8453370000000001,1578686792,DL,laying
269,2020-01-10 20:06:32.317,-0.011673000000000001,-0.5362399999999999,-0.8441930000000001,1578686792,DL,laying
270,2020-01-10 20:06:32.414,-0.010117000000000001,-0.5345310000000001,-0.846558,1578686792,DL,laying
271,2020-01-10 20:06:32.512,-0.010803,-0.53447,-0.848038,1578686792,DL,laying
272,2020-01-10 20:06:32.619,-0.0112,-0.5321199999999999,-0.850327,1578686792,DL,laying
273,2020-01-10 20:06:32.716,-0.00827,-0.5307310000000001,-0.851044,1578686792,DL,laying
274,2020-01-10 20:06:32.814,-0.006302,-0.526505,-0.8512879999999999,1578686792,DL,laying
275,2020-01-10 20:06:32.911,-0.009826999999999999,-0.5304409999999999,-0.8497469999999999,1578686792,DL,laying
276,2020-01-10 20:06:33.009,-0.005843999999999999,-0.52533,-0.8510129999999999,1578686793,DL,laying
277,2020-01-10 20:06:33.115,-0.0065,-0.528961,-0.849457,1578686793,DL,laying
278,2020-01-10 20:06:33.213,-0.005707,-0.526886,-0.846741,1578686793,DL,laying
279,2020-01-10 20:06:33.311,-0.007645,-0.528641,-0.8499760000000001,1578686793,DL,laying
280,2020-01-10 20:06:33.417,-0.007141,-0.529755,-0.852356,1578686793,DL,laying
281,2020-01-10 20:06:33.506,-0.007126,-0.529419,-0.848038,1578686793,DL,laying
282,2020-01-10 20:06:33.612,-0.009033,-0.529587,-0.8478549999999999,1578686793,DL,laying
283,2020-01-10 20:06:33.710,-0.009216,-0.531189,-0.847137,1578686793,DL,laying
284,2020-01-10 20:06:33.808,-0.007004000000000001,-0.532791,-0.847305,1578686793,DL,laying
285,2020-01-10 20:06:33.905,-0.009888,-0.534012,-0.845642,1578686793,DL,laying
286,2020-01-10 20:06:34.003,-0.007476999999999999,-0.532898,-0.8499909999999999,1578686794,DL,laying
287,2020-01-10 20:06:34.109,-0.016922,-0.5396880000000001,-0.8440549999999999,1578686794,DL,laying
288,2020-01-10 20:06:34.207,-0.014130000000000002,-0.536377,-0.8448030000000001,1578686794,DL,laying
289,2020-01-10 20:06:34.305,-0.015578999999999999,-0.538696,-0.8455959999999999,1578686794,DL,laying
290,2020-01-10 20:06:34.402,-0.013184,-0.540741,-0.84436,1578686794,DL,laying
291,2020-01-10 20:06:34.500,-0.015594,-0.538849,-0.844833,1578686794,DL,laying
292,2020-01-10 20:06:34.606,-0.015319999999999999,-0.539902,-0.843094,1578686794,DL,laying
293,2020-01-10 20:06:34.704,-0.014038,-0.539413,-0.843277,1578686794,DL,laying
294,2020-01-10 20:06:34.801,-0.014663999999999998,-0.537918,-0.843292,1578686794,DL,laying
295,2020-01-10 20:06:34.899,-0.012802000000000001,-0.540222,-0.8414149999999999,1578686794,DL,laying
296,2020-01-10 20:06:34.997,-0.016403,-0.538345,-0.844879,1578686794,DL,laying
297,2020-01-10 20:06:35.103,-0.016128999999999998,-0.5369109999999999,-0.84285,1578686795,DL,laying
298,2020-01-10 20:06:35.201,-0.013733,-0.533997,-0.836807,1578686795,DL,laying
299,2020-01-10 20:06:35.298,-0.020172,-0.543732,-0.8452149999999999,1578686795,DL,laying
300,2020-01-10 20:06:35.396,-0.013855000000000001,-0.540359,-0.844086,1578686795,DL,laying
301,2020-01-10 20:06:35.494,-0.017578,-0.540253,-0.8435969999999999,1578686795,DL,laying
302,2020-01-10 20:06:35.600,-0.014099,-0.537613,-0.840256,1578686795,DL,laying
303,2020-01-10 20:06:35.698,-0.017487,-0.5399930000000001,-0.842636,1578686795,DL,laying
304,2020-01-10 20:06:35.795,-0.011322,-0.538162,-0.843277,1578686795,DL,laying
305,2020-01-10 20:06:35.893,-0.013321000000000001,-0.534485,-0.8433069999999999,1578686795,DL,laying
306,2020-01-10 20:06:35.990,-0.0112,-0.531845,-0.845825,1578686795,DL,laying
307,2020-01-10 20:06:36.097,-0.011322,-0.533157,-0.844879,1578686796,DL,laying
308,2020-01-10 20:06:36.195,-0.010605,-0.532852,-0.846558,1578686796,DL,laying
309,2020-01-10 20:06:36.292,-0.010056,-0.528473,-0.840103,1578686796,DL,laying
310,2020-01-10 20:06:36.390,-0.004852,-0.530884,-0.8457030000000001,1578686796,DL,laying
311,2020-01-10 20:06:36.487,-0.007629,-0.532196,-0.845566,1578686796,DL,laying
312,2020-01-10 20:06:36.594,-0.006881999999999999,-0.529831,-0.848801,1578686796,DL,laying
313,2020-01-10 20:06:36.692,-0.006423999999999999,-0.526886,-0.8451690000000001,1578686796,DL,laying
314,2020-01-10 20:06:36.789,-0.008453,-0.527237,-0.8484649999999999,1578686796,DL,laying
315,2020-01-10 20:06:36.887,-0.008789,-0.5305479999999999,-0.847931,1578686796,DL,laying
316,2020-01-10 20:06:36.985,-0.007629,-0.533325,-0.8492430000000001,1578686796,DL,laying
317,2020-01-10 20:06:37.091,-0.010269,-0.529419,-0.846191,1578686797,DL,laying
318,2020-01-10 20:06:37.189,-0.009842,-0.533554,-0.8476100000000001,1578686797,DL,laying
319,2020-01-10 20:06:37.286,-0.010437,-0.535858,-0.8457790000000001,1578686797,DL,laying
320,2020-01-10 20:06:37.393,-0.009766,-0.535553,-0.84903,1578686797,DL,laying
321,2020-01-10 20:06:37.481,-0.016937,-0.542664,-0.842316,1578686797,DL,laying
322,2020-01-10 20:06:37.588,-0.013397,-0.536774,-0.843887,1578686797,DL,laying
323,2020-01-10 20:06:37.686,-0.014359,-0.541779,-0.8448180000000001,1578686797,DL,laying
324,2020-01-10 20:06:37.783,-0.012985,-0.540359,-0.8422700000000001,1578686797,DL,laying
325,2020-01-10 20:06:37.881,-0.014525999999999999,-0.5415949999999999,-0.843842,1578686797,DL,laying
326,2020-01-10 20:06:37.978,-0.014953999999999999,-0.5399930000000001,-0.842499,1578686797,DL,laying
327,2020-01-10 20:06:38.085,-0.013199,-0.5400699999999999,-0.8427120000000001,1578686798,DL,laying
328,2020-01-10 20:06:38.182,-0.014388999999999999,-0.537827,-0.842361,1578686798,DL,laying
329,2020-01-10 20:06:38.280,-0.014099,-0.539841,-0.8410190000000001,1578686798,DL,laying
330,2020-01-10 20:06:38.378,-0.014709,-0.5394439999999999,-0.841599,1578686798,DL,laying
331,2020-01-10 20:06:38.475,-0.016052,-0.540207,-0.8445280000000001,1578686798,DL,laying
332,2020-01-10 20:06:38.582,-0.015030000000000002,-0.539307,-0.843643,1578686798,DL,laying
333,2020-01-10 20:06:38.679,-0.013229,-0.538818,-0.8439180000000001,1578686798,DL,laying
334,2020-01-10 20:06:38.777,-0.017609,-0.545715,-0.8408969999999999,1578686798,DL,laying
335,2020-01-10 20:06:38.875,-0.015732,-0.53833,-0.8440700000000001,1578686798,DL,laying
336,2020-01-10 20:06:38.972,-0.01535,-0.540756,-0.8433069999999999,1578686798,DL,laying
337,2020-01-10 20:06:39.079,-0.013672,-0.540466,-0.84552,1578686799,DL,laying
338,2020-01-10 20:06:39.176,-0.013428,-0.538193,-0.8457030000000001,1578686799,DL,laying
339,2020-01-10 20:06:39.274,-0.011642,-0.5362239999999999,-0.845291,1578686799,DL,laying
340,2020-01-10 20:06:39.372,-0.00943,-0.534424,-0.848633,1578686799,DL,laying
341,2020-01-10 20:06:39.469,-0.010071,-0.529556,-0.847305,1578686799,DL,laying
342,2020-01-10 20:06:39.576,-0.009811,-0.531662,-0.847305,1578686799,DL,laying
343,2020-01-10 20:06:39.673,-0.007736,-0.529984,-0.849518,1578686799,DL,laying
344,2020-01-10 20:06:39.771,-0.005508,-0.529724,-0.851532,1578686799,DL,laying
345,2020-01-10 20:06:39.868,-0.005615,-0.528854,-0.8503879999999999,1578686799,DL,laying
346,2020-01-10 20:06:39.966,-0.002151,-0.527664,-0.854309,1578686799,DL,laying
347,2020-01-10 20:06:40.073,-0.008179,-0.530212,-0.845657,1578686800,DL,laying
348,2020-01-10 20:06:40.170,-0.005814,-0.526718,-0.850693,1578686800,DL,laying
349,2020-01-10 20:06:40.268,-0.008911,-0.533722,-0.8499909999999999,1578686800,DL,laying
350,2020-01-10 20:06:40.366,-0.006423999999999999,-0.531265,-0.8467100000000001,1578686800,DL,laying
351,2020-01-10 20:06:40.463,-0.008681999999999999,-0.532333,-0.848297,1578686800,DL,laying
352,2020-01-10 20:06:40.570,-0.010086,-0.531509,-0.847519,1578686800,DL,laying
353,2020-01-10 20:06:40.667,-0.01059,-0.5335850000000001,-0.8472139999999999,1578686800,DL,laying
354,2020-01-10 20:06:40.765,-0.013366999999999999,-0.534882,-0.8459629999999999,1578686800,DL,laying
355,2020-01-10 20:06:40.863,-0.011826,-0.533844,-0.845306,1578686800,DL,laying
356,2020-01-10 20:06:40.960,-0.014313,-0.537521,-0.8479,1578686800,DL,laying
357,2020-01-10 20:06:41.067,-0.0121,-0.537399,-0.845383,1578686801,DL,laying
358,2020-01-10 20:06:41.164,-0.012343999999999999,-0.533676,-0.84639,1578686801,DL,laying
359,2020-01-10 20:06:41.262,-0.013062,-0.5431060000000001,-0.8442540000000001,1578686801,DL,laying
360,2020-01-10 20:06:41.360,-0.015335,-0.540146,-0.844299,1578686801,DL,laying
361,2020-01-10 20:06:41.457,-0.014113999999999998,-0.54245,-0.84375,1578686801,DL,laying
362,2020-01-10 20:06:41.564,-0.014175,-0.539551,-0.8412629999999999,1578686801,DL,laying
363,2020-01-10 20:06:41.661,-0.016647,-0.538773,-0.8451540000000001,1578686801,DL,laying
364,2020-01-10 20:06:41.759,-0.016556,-0.5418850000000001,-0.843781,1578686801,DL,laying
365,2020-01-10 20:06:41.857,-0.014999,-0.540497,-0.843124,1578686801,DL,laying
366,2020-01-10 20:06:41.954,-0.016907,-0.5386350000000001,-0.841934,1578686801,DL,laying
367,2020-01-10 20:06:42.061,-0.014740000000000001,-0.5394899999999999,-0.8432620000000001,1578686802,DL,laying
368,2020-01-10 20:06:42.158,-0.014922999999999999,-0.540039,-0.842773,1578686802,DL,laying
369,2020-01-10 20:06:42.256,-0.01651,-0.5365300000000001,-0.841736,1578686802,DL,laying
370,2020-01-10 20:06:42.353,-0.017456,-0.541245,-0.842667,1578686802,DL,laying
371,2020-01-10 20:06:42.451,-0.013962,-0.533844,-0.833466,1578686802,DL,laying
372,2020-01-10 20:06:42.558,-0.016097999999999998,-0.542557,-0.8458709999999999,1578686802,DL,laying
373,2020-01-10 20:06:42.655,-0.012054,-0.537628,-0.8478700000000001,1578686802,DL,laying
374,2020-01-10 20:06:42.753,-0.014801,-0.538513,-0.8442379999999999,1578686802,DL,laying
375,2020-01-10 20:06:42.851,-0.011444,-0.534836,-0.8434299999999999,1578686802,DL,laying
376,2020-01-10 20:06:42.948,-0.012436,-0.535492,-0.8439180000000001,1578686802,DL,laying
377,2020-01-10 20:06:43.055,-0.009949,-0.535141,-0.84845,1578686803,DL,laying
378,2020-01-10 20:06:43.152,-0.009033,-0.532425,-0.84877,1578686803,DL,laying
379,2020-01-10 20:06:43.250,-0.008652,-0.53186,-0.8497469999999999,1578686803,DL,laying
380,2020-01-10 20:06:43.347,-0.007614,-0.529099,-0.850082,1578686803,DL,laying
381,2020-01-10 20:06:43.445,-0.002914,-0.525131,-0.850433,1578686803,DL,laying
382,2020-01-10 20:06:43.552,-0.004089,-0.5255890000000001,-0.849442,1578686803,DL,laying
383,2020-01-10 20:06:43.649,-0.000519,-0.519302,-0.8489530000000001,1578686803,DL,laying
384,2020-01-10 20:06:43.747,-0.006058,-0.5311279999999999,-0.853668,1578686803,DL,laying
385,2020-01-10 20:06:43.844,0.000229,-0.5234989999999999,-0.851944,1578686803,DL,laying
386,2020-01-10 20:06:43.942,-0.0035549999999999996,-0.526184,-0.8514860000000001,1578686803,DL,laying
387,2020-01-10 20:06:44.048,-0.002518,-0.526764,-0.848831,1578686804,DL,laying
388,2020-01-10 20:06:44.146,-0.007568000000000001,-0.529556,-0.8512569999999999,1578686804,DL,laying
389,2020-01-10 20:06:44.244,-0.005875,-0.53093,-0.850525,1578686804,DL,laying
390,2020-01-10 20:06:44.341,-0.0061340000000000006,-0.529877,-0.847992,1578686804,DL,laying
391,2020-01-10 20:06:44.439,-0.010147,-0.52887,-0.8480530000000001,1578686804,DL,laying
392,2020-01-10 20:06:44.545,-0.011154,-0.53418,-0.8476870000000001,1578686804,DL,laying
393,2020-01-10 20:06:44.643,-0.009170999999999999,-0.5249020000000001,-0.835052,1578686804,DL,laying
394,2020-01-10 20:06:44.741,-0.013977000000000002,-0.538239,-0.846359,1578686804,DL,laying
395,2020-01-10 20:06:44.838,-0.011627,-0.534744,-0.8474729999999999,1578686804,DL,laying
396,2020-01-10 20:06:44.936,-0.012695,-0.536758,-0.845032,1578686804,DL,laying
397,2020-01-10 20:06:45.042,-0.012711,-0.536713,-0.8423309999999999,1578686805,DL,laying
398,2020-01-10 20:06:45.140,-0.015503,-0.539459,-0.843399,1578686805,DL,laying
399,2020-01-10 20:06:45.238,-0.01268,-0.537369,-0.8418120000000001,1578686805,DL,laying
400,2020-01-10 20:06:45.335,-0.014755,-0.537704,-0.843506,1578686805,DL,laying
401,2020-01-10 20:06:45.433,-0.013947,-0.5384979999999999,-0.842834,1578686805,DL,laying
402,2020-01-10 20:06:45.539,-0.013992,-0.538925,-0.8430629999999999,1578686805,DL,laying
403,2020-01-10 20:06:45.637,-0.014206,-0.537964,-0.8439479999999999,1578686805,DL,laying
404,2020-01-10 20:06:45.734,-0.01384,-0.536179,-0.84346,1578686805,DL,laying
405,2020-01-10 20:06:45.832,-0.018265,-0.540558,-0.8435969999999999,1578686805,DL,laying
406,2020-01-10 20:06:45.930,-0.014877000000000001,-0.5304260000000001,-0.8347319999999999,1578686805,DL,laying
407,2020-01-10 20:06:46.036,-0.017532,-0.545166,-0.8424379999999999,1578686806,DL,laying
408,2020-01-10 20:06:46.134,-0.014191,-0.541977,-0.8460850000000001,1578686806,DL,laying
409,2020-01-10 20:06:46.231,-0.017547999999999998,-0.537659,-0.840103,1578686806,DL,laying
410,2020-01-10 20:06:46.329,-0.016953,-0.5375979999999999,-0.842361,1578686806,DL,laying
411,2020-01-10 20:06:46.427,-0.016953,-0.5393220000000001,-0.8435969999999999,1578686806,DL,laying
412,2020-01-10 20:06:46.533,-0.012711,-0.538788,-0.8441620000000001,1578686806,DL,laying
413,2020-01-10 20:06:46.631,-0.014206,-0.535767,-0.845245,1578686806,DL,laying
414,2020-01-10 20:06:46.728,-0.010422,-0.535263,-0.8457950000000001,1578686806,DL,laying
415,2020-01-10 20:06:46.826,-0.011093,-0.533371,-0.846527,1578686806,DL,laying
416,2020-01-10 20:06:46.924,-0.011108,-0.531311,-0.846634,1578686806,DL,laying
417,2020-01-10 20:06:47.030,-0.012085,-0.53064,-0.843842,1578686807,DL,laying
418,2020-01-10 20:06:47.128,-0.009033,-0.527573,-0.83667,1578686807,DL,laying
419,2020-01-10 20:06:47.225,-0.009796,-0.537613,-0.849808,1578686807,DL,laying
420,2020-01-10 20:06:47.323,-0.005478,-0.530289,-0.8532709999999999,1578686807,DL,laying
421,2020-01-10 20:06:47.420,-0.004471,-0.5246430000000001,-0.850143,1578686807,DL,laying
422,2020-01-10 20:06:47.527,-0.001907,-0.521835,-0.8511200000000001,1578686807,DL,laying
423,2020-01-10 20:06:47.625,-0.004089,-0.5249020000000001,-0.8531799999999999,1578686807,DL,laying
424,2020-01-10 20:06:47.722,-0.000839,-0.524979,-0.8534700000000001,1578686807,DL,laying
425,2020-01-10 20:06:47.820,-0.001923,-0.521835,-0.850616,1578686807,DL,laying
426,2020-01-10 20:06:47.917,-0.003372,-0.5233760000000001,-0.852509,1578686807,DL,laying
427,2020-01-10 20:06:48.024,-0.0025329999999999997,-0.522583,-0.850723,1578686808,DL,laying
428,2020-01-10 20:06:48.122,-0.001755,-0.524963,-0.8520200000000001,1578686808,DL,laying
429,2020-01-10 20:06:48.219,-0.0035859999999999998,-0.5265810000000001,-0.85675,1578686808,DL,laying
430,2020-01-10 20:06:48.317,-0.012466,-0.534149,-0.843842,1578686808,DL,laying
431,2020-01-10 20:06:48.414,-0.007675,-0.530273,-0.847534,1578686808,DL,laying
432,2020-01-10 20:06:48.521,-0.009949,-0.536285,-0.848923,1578686808,DL,laying
433,2020-01-10 20:06:48.618,-0.009689,-0.53447,-0.8464809999999999,1578686808,DL,laying
434,2020-01-10 20:06:48.716,-0.01268,-0.536575,-0.8445590000000001,1578686808,DL,laying
435,2020-01-10 20:06:48.813,-0.01236,-0.535751,-0.8473360000000001,1578686808,DL,laying
436,2020-01-10 20:06:48.911,-0.012894,-0.537247,-0.8457790000000001,1578686808,DL,laying
437,2020-01-10 20:06:49.017,-0.01268,-0.535431,-0.845001,1578686809,DL,laying
438,2020-01-10 20:06:49.115,-0.011002,-0.5362399999999999,-0.845261,1578686809,DL,laying
439,2020-01-10 20:06:49.213,-0.012329000000000001,-0.538666,-0.845016,1578686809,DL,laying
440,2020-01-10 20:06:49.310,-0.014313,-0.537994,-0.845291,1578686809,DL,laying
441,2020-01-10 20:06:49.408,-0.01326,-0.537262,-0.8457950000000001,1578686809,DL,laying
442,2020-01-10 20:06:49.514,-0.015366,-0.5453640000000001,-0.845673,1578686809,DL,laying
443,2020-01-10 20:06:49.612,-0.0159,-0.537506,-0.84436,1578686809,DL,laying
444,2020-01-10 20:06:49.709,-0.015319999999999999,-0.541809,-0.844543,1578686809,DL,laying
445,2020-01-10 20:06:49.807,-0.015411000000000001,-0.542389,-0.8429260000000001,1578686809,DL,laying
446,2020-01-10 20:06:49.905,-0.015335,-0.539597,-0.846008,1578686809,DL,laying
447,2020-01-10 20:06:50.011,-0.015656,-0.5384369999999999,-0.8433069999999999,1578686810,DL,laying
448,2020-01-10 20:06:50.109,-0.013763,-0.537888,-0.8454440000000001,1578686810,DL,laying
449,2020-01-10 20:06:50.206,-0.015259,-0.537643,-0.8430629999999999,1578686810,DL,laying
450,2020-01-10 20:06:50.304,-0.012772,-0.53862,-0.84465,1578686810,DL,laying
451,2020-01-10 20:06:50.402,-0.014465,-0.537888,-0.844284,1578686810,DL,laying
452,2020-01-10 20:06:50.508,-0.012802000000000001,-0.537231,-0.8458399999999999,1578686810,DL,laying
453,2020-01-10 20:06:50.606,-0.012619,-0.53508,-0.846191,1578686810,DL,laying
454,2020-01-10 20:06:50.703,-0.0103,-0.53746,-0.8493959999999999,1578686810,DL,laying
455,2020-01-10 20:06:50.801,-0.018646,-0.5413359999999999,-0.844666,1578686810,DL,laying
456,2020-01-10 20:06:50.898,-0.013092,-0.538559,-0.8449399999999999,1578686810,DL,laying
457,2020-01-10 20:06:51.005,-0.014648,-0.539734,-0.8468319999999999,1578686811,DL,laying
458,2020-01-10 20:06:51.103,-0.010757,-0.5377810000000001,-0.8450620000000001,1578686811,DL,laying
459,2020-01-10 20:06:51.200,-0.011032,-0.53627,-0.8476100000000001,1578686811,DL,laying
460,2020-01-10 20:06:51.298,-0.010879999999999999,-0.533279,-0.846802,1578686811,DL,laying
461,2020-01-10 20:06:51.395,-0.007233,-0.531403,-0.850342,1578686811,DL,laying
462,2020-01-10 20:06:51.502,-0.006531,-0.527084,-0.850143,1578686811,DL,laying
463,2020-01-10 20:06:51.599,-0.004059,-0.526321,-0.8515010000000001,1578686811,DL,laying
464,2020-01-10 20:06:51.697,-0.002441,-0.526031,-0.853668,1578686811,DL,laying
465,2020-01-10 20:06:51.795,-0.0033420000000000004,-0.5202640000000001,-0.8530120000000001,1578686811,DL,laying
466,2020-01-10 20:06:51.892,-0.004913,-0.519989,-0.852722,1578686811,DL,laying
467,2020-01-10 20:06:51.999,-0.000778,-0.5161899999999999,-0.842834,1578686811,DL,laying
468,2020-01-10 20:06:52.096,-0.000763,-0.527191,-0.8538969999999999,1578686812,DL,laying
469,2020-01-10 20:06:52.194,-0.002151,-0.5250090000000001,-0.854202,1578686812,DL,laying
470,2020-01-10 20:06:52.291,-0.00235,-0.522171,-0.850555,1578686812,DL,laying
471,2020-01-10 20:06:52.389,-0.00499,-0.526077,-0.849518,1578686812,DL,laying
472,2020-01-10 20:06:52.496,-0.006241,-0.530884,-0.8532870000000001,1578686812,DL,laying
473,2020-01-10 20:06:52.593,-0.007339,-0.5308069999999999,-0.848038,1578686812,DL,laying
474,2020-01-10 20:06:52.691,-0.008545,-0.5313869999999999,-0.848282,1578686812,DL,laying
475,2020-01-10 20:06:52.788,-0.009369,-0.5335850000000001,-0.849075,1578686812,DL,laying
476,2020-01-10 20:06:52.886,-0.011368000000000001,-0.5357970000000001,-0.8493959999999999,1578686812,DL,laying
477,2020-01-10 20:06:52.992,-0.009415,-0.534042,-0.847382,1578686812,DL,laying
478,2020-01-10 20:06:53.090,-0.011658,-0.530884,-0.846527,1578686813,DL,laying
479,2020-01-10 20:06:53.188,-0.010666,-0.540497,-0.8451690000000001,1578686813,DL,laying
480,2020-01-10 20:06:53.285,-0.013306,-0.538559,-0.846527,1578686813,DL,laying
481,2020-01-10 20:06:53.383,-0.013672,-0.537628,-0.8440549999999999,1578686813,DL,laying
482,2020-01-10 20:06:53.489,-0.013793999999999999,-0.537933,-0.843384,1578686813,DL,laying
483,2020-01-10 20:06:53.587,-0.014053,-0.5369109999999999,-0.8454280000000001,1578686813,DL,laying
484,2020-01-10 20:06:53.685,-0.013916,-0.538162,-0.8433229999999999,1578686813,DL,laying
485,2020-01-10 20:06:53.782,-0.013992,-0.536591,-0.8455959999999999,1578686813,DL,laying
486,2020-01-10 20:06:53.880,-0.015808000000000003,-0.536621,-0.843765,1578686813,DL,laying
487,2020-01-10 20:06:53.986,-0.014022999999999999,-0.537292,-0.8431850000000001,1578686813,DL,laying
488,2020-01-10 20:06:54.084,-0.015778,-0.538605,-0.8437959999999999,1578686814,DL,laying
489,2020-01-10 20:06:54.181,-0.014403999999999998,-0.535904,-0.843109,1578686814,DL,laying
490,2020-01-10 20:06:54.279,-0.019135,-0.5397489999999999,-0.843124,1578686814,DL,laying
491,2020-01-10 20:06:54.377,-0.014403999999999998,-0.5337069999999999,-0.841492,1578686814,DL,laying
492,2020-01-10 20:06:54.483,-0.01651,-0.543289,-0.844772,1578686814,DL,laying
493,2020-01-10 20:06:54.581,-0.013580000000000002,-0.537338,-0.847244,1578686814,DL,laying
494,2020-01-10 20:06:54.678,-0.013977000000000002,-0.5348970000000001,-0.843292,1578686814,DL,laying
495,2020-01-10 20:06:54.776,-0.013443,-0.5320590000000001,-0.847305,1578686814,DL,laying
496,2020-01-10 20:06:54.873,-0.012894,-0.5359189999999999,-0.8474879999999999,1578686814,DL,laying
497,2020-01-10 20:06:54.980,-0.009262000000000001,-0.533356,-0.849899,1578686814,DL,laying
498,2020-01-10 20:06:55.077,-0.010787999999999999,-0.531021,-0.8495940000000001,1578686815,DL,laying
499,2020-01-10 20:06:55.175,-0.007904000000000001,-0.5282439999999999,-0.8511350000000001,1578686815,DL,laying
500,2020-01-10 20:06:55.273,-0.007659999999999999,-0.528,-0.850784,1578686815,DL,laying
501,2020-01-10 20:06:55.370,-0.005493,-0.5256350000000001,-0.8518370000000001,1578686815,DL,laying
502,2020-01-10 20:06:55.477,-0.00325,-0.525299,-0.853699,1578686815,DL,laying
503,2020-01-10 20:06:55.574,0.000793,-0.52272,-0.860123,1578686815,DL,laying
504,2020-01-10 20:06:55.672,-0.006668,-0.5230100000000001,-0.8511200000000001,1578686815,DL,laying
505,2020-01-10 20:06:55.769,-0.002625,-0.518021,-0.854202,1578686815,DL,laying
506,2020-01-10 20:06:55.867,-0.003464,-0.524857,-0.855408,1578686815,DL,laying
507,2020-01-10 20:06:55.974,0.001984,-0.520279,-0.8518680000000001,1578686815,DL,laying
508,2020-01-10 20:06:56.071,-0.006012,-0.523422,-0.854065,1578686816,DL,laying
509,2020-01-10 20:06:56.169,-0.005661,-0.524979,-0.852356,1578686816,DL,laying
510,2020-01-10 20:06:56.266,-0.005768,-0.5265350000000001,-0.85231,1578686816,DL,laying
511,2020-01-10 20:06:56.364,-0.0074459999999999995,-0.527618,-0.851959,1578686816,DL,laying
512,2020-01-10 20:06:56.470,-0.008194,-0.527328,-0.849258,1578686816,DL,laying
513,2020-01-10 20:06:56.568,-0.009201,-0.531204,-0.8511049999999999,1578686816,DL,laying
514,2020-01-10 20:06:56.665,-0.010544,-0.5311130000000001,-0.850052,1578686816,DL,laying
515,2020-01-10 20:06:56.763,-0.008026,-0.533203,-0.8535309999999999,1578686816,DL,laying
516,2020-01-10 20:06:56.861,-0.018311,-0.537537,-0.845825,1578686816,DL,laying
517,2020-01-10 20:06:56.967,-0.014511000000000001,-0.533142,-0.847809,1578686816,DL,laying
518,2020-01-10 20:06:57.065,-0.015411000000000001,-0.538391,-0.8463129999999999,1578686817,DL,laying
519,2020-01-10 20:06:57.162,-0.013138,-0.538254,-0.845276,1578686817,DL,laying
520,2020-01-10 20:06:57.260,-0.014663999999999998,-0.537201,-0.8438110000000001,1578686817,DL,laying
521,2020-01-10 20:06:57.358,-0.014297,-0.536255,-0.844757,1578686817,DL,laying
522,2020-01-10 20:06:57.464,-0.013962,-0.537567,-0.84465,1578686817,DL,laying
523,2020-01-10 20:06:57.562,-0.015182,-0.535507,-0.845016,1578686817,DL,laying
524,2020-01-10 20:06:57.660,-0.014603,-0.536057,-0.8440700000000001,1578686817,DL,laying
525,2020-01-10 20:06:57.757,-0.015609999999999999,-0.535553,-0.846649,1578686817,DL,laying
526,2020-01-10 20:06:57.855,-0.016983,-0.538177,-0.844833,1578686817,DL,laying
527,2020-01-10 20:06:57.961,-0.015182,-0.5393680000000001,-0.846909,1578686817,DL,laying
528,2020-01-10 20:06:58.059,-0.012924000000000001,-0.535126,-0.846527,1578686818,DL,laying
529,2020-01-10 20:06:58.156,-0.017334,-0.545898,-0.8427889999999999,1578686818,DL,laying
530,2020-01-10 20:06:58.254,-0.016174,-0.5388029999999999,-0.8450469999999999,1578686818,DL,laying
531,2020-01-10 20:06:58.351,-0.015549,-0.540009,-0.845413,1578686818,DL,laying
532,2020-01-10 20:06:58.458,-0.013916,-0.536469,-0.845032,1578686818,DL,laying
533,2020-01-10 20:06:58.556,-0.012527,-0.536499,-0.849167,1578686818,DL,laying
534,2020-01-10 20:06:58.653,-0.011597,-0.534546,-0.845306,1578686818,DL,laying
535,2020-01-10 20:06:58.751,-0.010147,-0.530701,-0.8483729999999999,1578686818,DL,laying
536,2020-01-10 20:06:58.848,-0.010254000000000001,-0.52861,-0.850708,1578686818,DL,laying
537,2020-01-10 20:06:58.955,-0.007659999999999999,-0.527618,-0.8498379999999999,1578686818,DL,laying
538,2020-01-10 20:06:59.052,-0.006332,-0.528137,-0.852951,1578686819,DL,laying
539,2020-01-10 20:06:59.150,-0.006653,-0.523315,-0.853043,1578686819,DL,laying
540,2020-01-10 20:06:59.248,-0.007294,-0.520447,-0.849457,1578686819,DL,laying
541,2020-01-10 20:06:59.345,-0.003098,-0.524109,-0.8462069999999999,1578686819,DL,laying
542,2020-01-10 20:06:59.450,-0.002411,-0.524414,-0.852509,1578686819,DL,laying
543,2020-01-10 20:06:59.549,-0.001175,-0.522049,-0.850189,1578686819,DL,laying
544,2020-01-10 20:06:59.647,-0.004135,-0.521729,-0.8493799999999999,1578686819,DL,laying
545,2020-01-10 20:06:59.744,-0.006104,-0.525574,-0.851593,1578686819,DL,laying
546,2020-01-10 20:06:59.842,-0.006881999999999999,-0.526917,-0.852814,1578686819,DL,laying
547,2020-01-10 20:06:59.948,-0.003967,-0.525848,-0.8504639999999999,1578686819,DL,laying
548,2020-01-10 20:07:00.046,-0.007781999999999999,-0.528412,-0.850677,1578686820,DL,laying
549,2020-01-10 20:07:00.143,-0.008316,-0.529144,-0.850082,1578686820,DL,laying
550,2020-01-10 20:07:00.241,-0.008881,-0.532013,-0.84877,1578686820,DL,laying
551,2020-01-10 20:07:00.339,-0.010666,-0.5336,-0.850983,1578686820,DL,laying
552,2020-01-10 20:07:00.445,-0.008773999999999999,-0.532486,-0.849533,1578686820,DL,laying
553,2020-01-10 20:07:00.543,-0.014618,-0.5415949999999999,-0.846512,1578686820,DL,laying
554,2020-01-10 20:07:00.640,-0.013962,-0.534668,-0.8451540000000001,1578686820,DL,laying
555,2020-01-10 20:07:00.738,-0.016113,-0.538925,-0.8454440000000001,1578686820,DL,laying
556,2020-01-10 20:07:00.835,-0.013702,-0.53772,-0.8436739999999999,1578686820,DL,laying
557,2020-01-10 20:07:00.942,-0.015121,-0.538605,-0.846283,1578686820,DL,laying
558,2020-01-10 20:07:01.040,-0.015884,-0.537628,-0.845505,1578686821,DL,laying
559,2020-01-10 20:07:01.137,-0.014099,-0.537949,-0.846283,1578686821,DL,laying
560,2020-01-10 20:07:01.235,-0.014893,-0.536179,-0.8447879999999999,1578686821,DL,laying
561,2020-01-10 20:07:01.333,-0.014343,-0.537582,-0.844223,1578686821,DL,laying
562,2020-01-10 20:07:01.439,-0.016205,-0.5403140000000001,-0.844894,1578686821,DL,laying
563,2020-01-10 20:07:01.537,-0.013458000000000001,-0.537064,-0.8438110000000001,1578686821,DL,laying
564,2020-01-10 20:07:01.634,-0.012924000000000001,-0.536972,-0.846878,1578686821,DL,laying
565,2020-01-10 20:07:01.732,-0.011932,-0.538025,-0.848038,1578686821,DL,laying
566,2020-01-10 20:07:01.829,-0.013885,-0.536469,-0.846909,1578686821,DL,laying
567,2020-01-10 20:07:01.936,-0.011917,-0.5345,-0.849289,1578686821,DL,laying
568,2020-01-10 20:07:02.034,-0.00972,-0.529343,-0.84552,1578686822,DL,laying
569,2020-01-10 20:07:02.131,-0.009979,-0.529633,-0.8514709999999999,1578686822,DL,laying
570,2020-01-10 20:07:02.229,-0.008698000000000001,-0.528778,-0.8513639999999999,1578686822,DL,laying
571,2020-01-10 20:07:02.326,-0.0046689999999999995,-0.52594,-0.8522799999999999,1578686822,DL,laying
572,2020-01-10 20:07:02.433,-0.0037689999999999998,-0.523575,-0.851532,1578686822,DL,laying
573,2020-01-10 20:07:02.530,-0.003387,-0.5237430000000001,-0.852463,1578686822,DL,laying
574,2020-01-10 20:07:02.628,-0.001465,-0.5211939999999999,-0.852524,1578686822,DL,laying
575,2020-01-10 20:07:02.726,-0.001801,-0.51535,-0.849319,1578686822,DL,laying
576,2020-01-10 20:07:02.823,0.00058,-0.514618,-0.8454440000000001,1578686822,DL,laying
577,2020-01-10 20:07:02.930,-0.005737,-0.530258,-0.8538209999999999,1578686822,DL,laying
578,2020-01-10 20:07:03.027,-0.0023190000000000003,-0.526382,-0.854034,1578686823,DL,laying
579,2020-01-10 20:07:03.125,-0.006668,-0.52887,-0.85434,1578686823,DL,laying
580,2020-01-10 20:07:03.222,-0.003479,-0.527985,-0.853851,1578686823,DL,laying
581,2020-01-10 20:07:03.320,-0.005219,-0.531799,-0.8483120000000001,1578686823,DL,laying
582,2020-01-10 20:07:03.427,-0.003616,-0.53923,-0.8508,1578686823,DL,laying
583,2020-01-10 20:07:03.524,-0.0017239999999999998,-0.536728,-0.8493799999999999,1578686823,DL,laying
584,2020-01-10 20:07:03.622,-0.007384999999999999,-0.530197,-0.834457,1578686823,DL,laying
585,2020-01-10 20:07:03.719,-0.002579,-0.539764,-0.864334,1578686823,DL,laying
586,2020-01-10 20:07:03.817,-0.001358,-0.543198,-0.8324739999999999,1578686823,DL,laying
587,2020-01-10 20:07:03.923,-0.016006,-0.53598,-0.832642,1578686823,DL,laying
588,2020-01-10 20:07:04.021,-0.0289,-0.554581,-0.862366,1578686824,DL,laying
589,2020-01-10 20:07:04.119,-0.019089,-0.5504760000000001,-0.8343659999999999,1578686824,DL,laying
590,2020-01-10 20:07:04.216,-0.023956,-0.563904,-0.821701,1578686824,DL,laying
591,2020-01-10 20:07:04.314,-0.040329000000000004,-0.539673,-0.8500979999999999,1578686824,DL,laying
592,2020-01-10 20:07:04.420,-0.041367,-0.533173,-0.848984,1578686824,DL,laying
593,2020-01-10 20:07:04.518,-0.460052,-0.44319200000000003,-0.942841,1578686824,DL,laying
594,2020-01-10 20:07:04.615,-0.38500999999999996,-0.720016,-0.784027,1578686824,DL,laying
595,2020-01-10 20:07:04.713,-0.418289,-0.992035,-0.6810149999999999,1578686824,DL,laying
596,2020-01-10 20:07:04.811,-0.43483,-0.780991,-0.308975,1578686824,DL,laying
597,2020-01-10 20:07:04.917,-0.5276029999999999,-0.704788,-0.08812,1578686824,DL,laying
598,2020-01-10 20:07:05.015,-0.533356,-0.681946,0.024063,1578686825,DL,laying
599,2020-01-10 20:07:05.112,-0.497238,-0.829147,0.121323,1578686825,DL,laying
600,2020-01-10 20:07:05.210,-0.49668900000000005,-0.745895,0.149582,1578686825,DL,laying
601,2020-01-10 20:07:05.308,-0.471054,-0.8464510000000001,0.21910100000000002,1578686825,DL,laying
602,2020-01-10 20:07:05.414,-0.450775,-0.800293,0.29281599999999997,1578686825,DL,laying
603,2020-01-10 20:07:05.512,-0.388367,-0.82486,0.402298,1578686825,DL,laying
604,2020-01-10 20:07:05.609,-0.204544,-1.077042,0.493134,1578686825,DL,laying
605,2020-01-10 20:07:05.707,-0.279587,-0.8684540000000001,0.322739,1578686825,DL,laying
606,2020-01-10 20:07:05.804,-0.23168899999999998,-0.887833,0.326385,1578686825,DL,laying
607,2020-01-10 20:07:05.911,-0.266541,-0.932816,0.332108,1578686825,DL,laying
608,2020-01-10 20:07:06.009,0.066696,-0.8857729999999999,0.628967,1578686826,DL,laying
609,2020-01-10 20:07:06.106,-0.238129,-1.031509,0.22140500000000002,1578686826,DL,laying
610,2020-01-10 20:07:06.204,-0.141876,-0.9500430000000001,0.298767,1578686826,DL,laying
611,2020-01-10 20:07:06.301,0.015656,-0.924316,0.272125,1578686826,DL,laying
612,2020-01-10 20:07:06.408,0.099823,-0.91069,0.325745,1578686826,DL,laying
613,2020-01-10 20:07:06.505,0.17213399999999998,-0.843735,0.46424899999999997,1578686826,DL,laying
614,2020-01-10 20:07:06.603,0.240265,-0.8311,0.5268550000000001,1578686826,DL,laying
615,2020-01-10 20:07:06.701,0.14213599999999998,-0.8875270000000001,0.506836,1578686826,DL,laying
616,2020-01-10 20:07:06.798,0.153702,-0.8657229999999999,0.47175600000000006,1578686826,DL,laying
617,2020-01-10 20:07:06.905,0.150146,-0.879898,0.45251499999999995,1578686826,DL,laying
618,2020-01-10 20:07:07.002,0.158936,-0.852982,0.45909099999999997,1578686827,DL,laying
619,2020-01-10 20:07:07.100,0.165405,-0.8382569999999999,0.49437,1578686827,DL,laying
