2020/01/09 11:27:13.141,-0.043518
2020/01/09 11:27:13.251,0.579379
2020/01/09 11:27:13.353,1.737309
2020/01/09 11:27:13.451,2.494492
2020/01/09 11:27:13.551,2.745441
2020/01/09 11:27:13.651,1.598708
2020/01/09 11:27:13.752,2.479589
2020/01/09 11:27:13.851,2.085120
2020/01/09 11:27:13.951,2.205619
2020/01/09 11:27:14.051,0.644050
2020/01/09 11:27:14.151,-0.321797
2020/01/09 11:27:14.251,2.562474
2020/01/09 11:27:14.351,2.516156
2020/01/09 11:27:14.451,-0.198612
2020/01/09 11:27:14.551,-0.721785
2020/01/09 11:27:14.651,-0.092751
2020/01/09 11:27:14.751,0.517632
2020/01/09 11:27:14.851,-0.732492
2020/01/09 11:27:14.951,0.052736
2020/01/09 11:27:15.051,-0.535514
2020/01/09 11:27:15.151,-0.082719
2020/01/09 11:27:15.251,0.466814
2020/01/09 11:27:15.357,0.512773
2020/01/09 11:27:15.451,2.133860
2020/01/09 11:27:15.551,0.514091
2020/01/09 11:27:15.651,-0.234121
2020/01/09 11:27:15.753,0.178848
2020/01/09 11:27:15.851,-0.857774
2020/01/09 11:27:15.951,0.519753
2020/01/09 11:27:16.051,-1.039786
2020/01/09 11:27:16.151,-0.404078
2020/01/09 11:27:16.251,0.789969
2020/01/09 11:27:16.351,-0.064978
2020/01/09 11:27:16.451,2.600938
2020/01/09 11:27:16.551,1.565598
2020/01/09 11:27:16.651,-0.553516
2020/01/09 11:27:16.750,-1.346729
2020/01/09 11:27:16.850,-1.097284
2020/01/09 11:27:16.957,-1.157382
2020/01/09 11:27:17.050,-0.236970
2020/01/09 11:27:17.150,-0.486299
2020/01/09 11:27:17.250,1.581182
2020/01/09 11:27:17.350,1.935395
2020/01/09 11:27:17.450,1.183161
2020/01/09 11:27:17.550,0.356929
2020/01/09 11:27:17.650,0.182398
2020/01/09 11:27:17.751,-1.256791
2020/01/09 11:27:17.850,-1.671308
2020/01/09 11:27:17.950,-0.531782
2020/01/09 11:27:18.050,-1.317949
2020/01/09 11:27:18.150,0.839741
2020/01/09 11:27:18.250,1.434773
2020/01/09 11:27:18.350,1.015815
2020/01/09 11:27:18.450,1.631872
2020/01/09 11:27:18.557,-0.193358
2020/01/09 11:27:18.650,0.024999
2020/01/09 11:27:18.750,-1.740059
2020/01/09 11:27:18.850,-0.784169
2020/01/09 11:27:18.953,0.914728
2020/01/09 11:27:19.050,-1.395481
2020/01/09 11:27:19.150,-0.812236
2020/01/09 11:27:19.250,-1.347584
2020/01/09 11:27:19.350,1.384780
2020/01/09 11:27:19.450,2.684869
2020/01/09 11:27:19.550,0.352729
2020/01/09 11:27:19.650,0.231494
2020/01/09 11:27:19.750,-1.612876
2020/01/09 11:27:19.850,-1.361243
2020/01/09 11:27:19.950,0.249326
2020/01/09 11:27:20.050,-0.567671
2020/01/09 11:27:20.149,0.664741
2020/01/09 11:27:20.249,2.131841
2020/01/09 11:27:20.349,-0.054137
2020/01/09 11:27:20.449,1.200497
2020/01/09 11:27:20.549,-1.168639
2020/01/09 11:27:20.649,0.004604
2020/01/09 11:27:20.749,-0.949897
2020/01/09 11:27:20.849,-0.226024
2020/01/09 11:27:20.958,-0.586950
2020/01/09 11:27:21.049,-0.859158
2020/01/09 11:27:21.149,0.320664
2020/01/09 11:27:21.249,0.874504
2020/01/09 11:27:21.353,-0.652696
2020/01/09 11:27:21.449,1.127493
2020/01/09 11:27:21.549,0.323541
2020/01/09 11:27:21.649,0.348283
2020/01/09 11:27:21.750,-1.096876
2020/01/09 11:27:21.849,-0.854353
2020/01/09 11:27:21.949,-0.704571
2020/01/09 11:27:22.049,-0.307962
2020/01/09 11:27:22.149,-0.299465
2020/01/09 11:27:22.249,0.993121
2020/01/09 11:27:22.349,0.318922
2020/01/09 11:27:22.449,-0.681431
2020/01/09 11:27:22.549,0.571289
2020/01/09 11:27:22.649,-1.369203
2020/01/09 11:27:22.749,0.157723
2020/01/09 11:27:22.849,-0.891723
2020/01/09 11:27:22.949,-1.326702
2020/01/09 11:27:23.049,-0.673910
2020/01/09 11:27:23.149,-1.399842
2020/01/09 11:27:23.249,-0.878756
2020/01/09 11:27:23.349,0.186449
2020/01/09 11:27:23.449,-1.586558
2020/01/09 11:27:23.549,1.537778
2020/01/09 11:27:23.648,0.249056
2020/01/09 11:27:23.749,0.465347
2020/01/09 11:27:23.848,0.617661
2020/01/09 11:27:23.948,-1.868063
2020/01/09 11:27:24.048,-2.036023
2020/01/09 11:27:24.148,-0.115703
2020/01/09 11:27:24.248,-2.319135
2020/01/09 11:27:24.348,-0.841857
2020/01/09 11:27:24.448,-2.641273
2020/01/09 11:27:24.548,-2.517669
2020/01/09 11:27:24.648,0.350474
2020/01/09 11:27:24.748,1.008601
2020/01/09 11:27:24.848,-0.231493
2020/01/09 11:27:24.948,-0.462575
2020/01/09 11:27:25.048,-0.070232
2020/01/09 11:27:25.148,-1.154037
2020/01/09 11:27:25.248,-1.349090
2020/01/09 11:27:25.352,0.217327
2020/01/09 11:27:25.448,-1.847909
2020/01/09 11:27:25.548,-0.151966
2020/01/09 11:27:25.648,-1.070423
2020/01/09 11:27:25.748,0.633770
2020/01/09 11:27:25.848,1.425955
2020/01/09 11:27:25.948,-0.071025
2020/01/09 11:27:26.048,0.465751
2020/01/09 11:27:26.148,0.403622
2020/01/09 11:27:26.248,-0.750477
2020/01/09 11:27:26.348,-0.399539
2020/01/09 11:27:26.448,0.239467
2020/01/09 11:27:26.548,-0.053052
2020/01/09 11:27:26.647,1.258330
2020/01/09 11:27:26.748,0.581057
2020/01/09 11:27:26.848,-0.755288
2020/01/09 11:27:26.948,1.814001
2020/01/09 11:27:27.048,-0.358397
2020/01/09 11:27:27.148,0.710684
2020/01/09 11:27:27.247,-0.938659
2020/01/09 11:27:27.352,-0.675202
2020/01/09 11:27:27.447,-0.127444
2020/01/09 11:27:27.547,-0.543458
2020/01/09 11:27:27.647,0.008734
2020/01/09 11:27:27.747,0.593488
2020/01/09 11:27:27.847,0.026145
2020/01/09 11:27:27.947,1.060121
2020/01/09 11:27:28.047,0.347482
2020/01/09 11:27:28.147,0.550983
2020/01/09 11:27:28.247,-0.302382
2020/01/09 11:27:28.347,-1.093399
2020/01/09 11:27:28.447,-0.446330
2020/01/09 11:27:28.547,-0.579068
2020/01/09 11:27:28.647,-0.303808
2020/01/09 11:27:28.747,0.695678
2020/01/09 11:27:28.847,0.521043
2020/01/09 11:27:28.947,0.097061
2020/01/09 11:27:29.047,1.289769
2020/01/09 11:27:29.147,-0.459082
2020/01/09 11:27:29.247,0.613575
2020/01/09 11:27:29.352,-0.822745
2020/01/09 11:27:29.447,-0.266111
2020/01/09 11:27:29.547,0.041844
2020/01/09 11:27:29.647,-0.476063
2020/01/09 11:27:29.747,0.765154
2020/01/09 11:27:29.847,0.721683
2020/01/09 11:27:29.947,0.056530
2020/01/09 11:27:30.047,1.367829
2020/01/09 11:27:30.147,-0.581763
2020/01/09 11:27:30.247,1.061652
2020/01/09 11:27:30.347,-0.802097
2020/01/09 11:27:30.447,-1.211836
2020/01/09 11:27:30.547,0.317715
2020/01/09 11:27:30.646,-0.138459
2020/01/09 11:27:30.746,0.768955
2020/01/09 11:27:30.846,1.039492
2020/01/09 11:27:30.947,-0.456266
2020/01/09 11:27:31.046,1.356552
2020/01/09 11:27:31.146,-0.270201
2020/01/09 11:27:31.246,0.692451
2020/01/09 11:27:31.353,-0.727948
2020/01/09 11:27:31.446,-1.036624
2020/01/09 11:27:31.546,0.196718
2020/01/09 11:27:31.646,-0.931669
2020/01/09 11:27:31.746,0.189362
2020/01/09 11:27:31.846,0.683253
2020/01/09 11:27:31.946,-0.305183
2020/01/09 11:27:32.046,1.263399
2020/01/09 11:27:32.146,-0.171007
2020/01/09 11:27:32.246,0.416287
2020/01/09 11:27:32.346,-0.725278
2020/01/09 11:27:32.446,-0.880029
2020/01/09 11:27:32.554,0.092958
2020/01/09 11:27:32.646,-0.935641
2020/01/09 11:27:32.746,0.040503
2020/01/09 11:27:32.846,0.554418
2020/01/09 11:27:32.950,-0.613337
2020/01/09 11:27:33.046,0.460612
2020/01/09 11:27:33.146,-0.598833
2020/01/09 11:27:33.246,-0.028806
2020/01/09 11:27:33.353,-0.628715
2020/01/09 11:27:33.446,-1.015182
2020/01/09 11:27:33.546,-0.866436
2020/01/09 11:27:33.646,0.708813
2020/01/09 11:27:33.745,-0.407549
2020/01/09 11:27:33.846,0.905836
2020/01/09 11:27:33.946,-1.698703
2020/01/09 11:27:34.046,1.696174
2020/01/09 11:27:34.145,-1.012514
2020/01/09 11:27:34.245,0.173282
2020/01/09 11:27:34.345,-1.405611
2020/01/09 11:27:34.445,-1.630092
2020/01/09 11:27:34.550,-0.582963
2020/01/09 11:27:34.645,-0.851680
2020/01/09 11:27:34.745,0.463729
2020/01/09 11:27:34.845,-0.125591
2020/01/09 11:27:34.946,-1.361063
2020/01/09 11:27:35.045,-0.564810
2020/01/09 11:27:35.145,-0.513323
2020/01/09 11:27:35.245,-0.427125
2020/01/09 11:27:35.345,-1.513126
2020/01/09 11:27:35.445,-1.653055
2020/01/09 11:27:35.545,-2.266560
2020/01/09 11:27:35.645,-1.007174
2020/01/09 11:27:35.754,-1.603682
2020/01/09 11:27:35.845,-1.587262
2020/01/09 11:27:35.945,-1.380857
2020/01/09 11:27:36.045,-0.764180
2020/01/09 11:27:36.145,-1.264697
2020/01/09 11:27:36.245,-0.476351
2020/01/09 11:27:36.345,-0.049779
2020/01/09 11:27:36.445,0.113675
2020/01/09 11:27:36.546,-0.745766
2020/01/09 11:27:36.645,-0.413599
2020/01/09 11:27:36.745,-0.852835
2020/01/09 11:27:36.845,-0.214591
2020/01/09 11:27:36.945,-0.791403
2020/01/09 11:27:37.045,0.414552
2020/01/09 11:27:37.145,1.123434
2020/01/09 11:27:37.245,0.622025
2020/01/09 11:27:37.345,0.872545
2020/01/09 11:27:37.444,0.955425
2020/01/09 11:27:37.544,-1.574755
2020/01/09 11:27:37.644,1.038605
2020/01/09 11:27:37.751,0.225425
2020/01/09 11:27:37.844,0.514646
2020/01/09 11:27:37.944,0.522334
2020/01/09 11:27:38.044,0.492223
2020/01/09 11:27:38.146,0.220778
2020/01/09 11:27:38.244,0.658814
2020/01/09 11:27:38.344,0.936251
2020/01/09 11:27:38.444,1.388089
2020/01/09 11:27:38.544,0.296953
2020/01/09 11:27:38.644,-0.055001
2020/01/09 11:27:38.744,-0.795743
2020/01/09 11:27:38.844,-0.609408
2020/01/09 11:27:38.944,-0.464369
2020/01/09 11:27:39.044,0.180762
2020/01/09 11:27:39.144,0.087470
2020/01/09 11:27:39.244,0.589769
2020/01/09 11:27:39.351,1.151607
2020/01/09 11:27:39.444,-0.383099
2020/01/09 11:27:39.544,0.036277
2020/01/09 11:27:39.644,-0.083572
2020/01/09 11:27:39.745,-0.932558
2020/01/09 11:27:39.844,-0.439251
2020/01/09 11:27:39.944,-0.922863
2020/01/09 11:27:40.044,0.003644
2020/01/09 11:27:40.144,0.531017
2020/01/09 11:27:40.244,0.404965
2020/01/09 11:27:40.344,0.699542
2020/01/09 11:27:40.444,0.713090
2020/01/09 11:27:40.544,0.266821
2020/01/09 11:27:40.643,-0.041105
2020/01/09 11:27:40.743,-0.923420
2020/01/09 11:27:40.843,-0.634742
2020/01/09 11:27:40.951,-1.356894
2020/01/09 11:27:41.043,-0.058010
2020/01/09 11:27:41.143,0.079531
2020/01/09 11:27:41.243,0.295977
2020/01/09 11:27:41.352,1.121684
2020/01/09 11:27:41.443,0.337033
2020/01/09 11:27:41.543,0.380593
2020/01/09 11:27:41.644,-0.721223
2020/01/09 11:27:41.743,-0.633267
2020/01/09 11:27:41.843,-0.667753
2020/01/09 11:27:41.943,-0.083447
2020/01/09 11:27:42.043,0.102799
2020/01/09 11:27:42.143,0.191213
2020/01/09 11:27:42.243,0.436799
2020/01/09 11:27:42.343,1.066800
2020/01/09 11:27:42.443,1.554356
2020/01/09 11:27:42.552,0.096030
2020/01/09 11:27:42.643,0.008008
2020/01/09 11:27:42.743,-1.503387
2020/01/09 11:27:42.843,-0.360168
2020/01/09 11:27:42.947,-0.732351
2020/01/09 11:27:43.043,-0.455891
2020/01/09 11:27:43.143,0.715439
2020/01/09 11:27:43.243,0.459909
2020/01/09 11:27:43.343,0.705433
2020/01/09 11:27:43.443,0.579717
2020/01/09 11:27:43.543,-0.313241
2020/01/09 11:27:43.643,0.397482
2020/01/09 11:27:43.743,-0.835088
2020/01/09 11:27:43.843,-1.030857
2020/01/09 11:27:43.943,-0.682629
2020/01/09 11:27:44.043,-1.184181
2020/01/09 11:27:44.152,0.176886
2020/01/09 11:27:44.242,0.519449
2020/01/09 11:27:44.342,-0.365290
2020/01/09 11:27:44.442,1.327169
2020/01/09 11:27:44.547,-0.837148
2020/01/09 11:27:44.642,0.132942
2020/01/09 11:27:44.742,-1.045862
2020/01/09 11:27:44.842,-1.377296
2020/01/09 11:27:44.942,-1.168008
2020/01/09 11:27:45.042,-1.534939
2020/01/09 11:27:45.142,0.398275
2020/01/09 11:27:45.242,0.268842
2020/01/09 11:27:45.342,-0.679624
2020/01/09 11:27:45.442,1.142365
2020/01/09 11:27:45.542,-0.886663
2020/01/09 11:27:45.641,0.700334
2020/01/09 11:27:45.742,-1.328849
2020/01/09 11:27:45.842,-1.402096
2020/01/09 11:27:45.941,-0.993355
2020/01/09 11:27:46.042,-1.762286
2020/01/09 11:27:46.142,-0.306247
2020/01/09 11:27:46.247,-0.442215
2020/01/09 11:27:46.342,-0.717885
2020/01/09 11:27:46.442,0.436682
2020/01/09 11:27:46.542,-1.337782
2020/01/09 11:27:46.642,-0.575077
2020/01/09 11:27:46.741,-1.870508
2020/01/09 11:27:46.842,-1.996803
2020/01/09 11:27:46.942,-1.851674
2020/01/09 11:27:47.043,-0.935986
2020/01/09 11:27:47.142,-1.793667
2020/01/09 11:27:47.241,-1.290884
2020/01/09 11:27:47.342,-1.202993
2020/01/09 11:27:47.442,-1.572538
2020/01/09 11:27:47.541,-0.814445
2020/01/09 11:27:47.641,-0.023620
2020/01/09 11:27:47.741,0.361109
2020/01/09 11:27:47.842,0.321557
2020/01/09 11:27:47.941,0.262545
2020/01/09 11:27:48.041,-0.301139
2020/01/09 11:27:48.141,-1.357906
2020/01/09 11:27:48.241,-1.779897
2020/01/09 11:27:48.342,-0.873339
2020/01/09 11:27:48.441,0.647646
2020/01/09 11:27:48.541,1.311486
2020/01/09 11:27:48.641,1.356730
2020/01/09 11:27:48.741,1.020427
2020/01/09 11:27:48.841,1.191133
2020/01/09 11:27:48.941,-0.086705
2020/01/09 11:27:49.041,0.787479
2020/01/09 11:27:49.141,-0.526824
2020/01/09 11:27:49.241,0.047364
2020/01/09 11:27:49.341,-0.367577
2020/01/09 11:27:49.447,-0.249944
2020/01/09 11:27:49.541,1.392986
2020/01/09 11:27:49.641,1.043091
2020/01/09 11:27:49.741,0.709716
2020/01/09 11:27:49.844,1.742835
2020/01/09 11:27:49.941,0.282549
2020/01/09 11:27:50.041,0.790332
2020/01/09 11:27:50.141,-1.789463
2020/01/09 11:27:50.241,-1.201730
2020/01/09 11:27:50.341,0.528553
2020/01/09 11:27:50.441,-1.065951
2020/01/09 11:27:50.541,0.277838
2020/01/09 11:27:50.644,0.954344
2020/01/09 11:27:50.741,0.519066
2020/01/09 11:27:50.840,0.921064
2020/01/09 11:27:50.941,0.921400
2020/01/09 11:27:51.045,1.182840
2020/01/09 11:27:51.141,-1.448282
2020/01/09 11:27:51.241,-1.412593
2020/01/09 11:27:51.341,-0.331717
2020/01/09 11:27:51.441,-0.843154
2020/01/09 11:27:51.540,0.632560
2020/01/09 11:27:51.640,1.304418
2020/01/09 11:27:51.740,0.460868
2020/01/09 11:27:51.844,0.623316
2020/01/09 11:27:51.940,-0.080362
2020/01/09 11:27:52.040,1.028678
2020/01/09 11:27:52.140,-0.420161
2020/01/09 11:27:52.240,-1.102428
2020/01/09 11:27:52.340,0.972116
2020/01/09 11:27:52.440,-1.132382
2020/01/09 11:27:52.540,0.344288
2020/01/09 11:27:52.640,0.638051
2020/01/09 11:27:52.740,-0.705338
2020/01/09 11:27:52.840,1.099495
2020/01/09 11:27:52.940,0.977178
2020/01/09 11:27:53.048,0.746507
2020/01/09 11:27:53.140,-0.395487
2020/01/09 11:27:53.240,-1.962200
2020/01/09 11:27:53.340,0.909966
2020/01/09 11:27:53.440,-1.400656
2020/01/09 11:27:53.540,-1.023165
2020/01/09 11:27:53.640,2.205522
2020/01/09 11:27:53.740,0.609964
2020/01/09 11:27:53.840,0.789512
2020/01/09 11:27:53.940,1.054184
2020/01/09 11:27:54.040,0.713846
2020/01/09 11:27:54.140,-0.519809
2020/01/09 11:27:54.239,-2.092152
2020/01/09 11:27:54.340,0.687697
2020/01/09 11:27:54.440,-1.402108
2020/01/09 11:27:54.539,0.253602
2020/01/09 11:27:54.648,1.292171
2020/01/09 11:27:54.739,0.558823
2020/01/09 11:27:54.839,-0.333157
2020/01/09 11:27:54.939,1.238148
2020/01/09 11:27:55.039,-0.333622
2020/01/09 11:27:55.139,-0.499070
2020/01/09 11:27:55.239,-1.958786
2020/01/09 11:27:55.339,-0.242616
2020/01/09 11:27:55.439,-0.746473
2020/01/09 11:27:55.539,-1.208274
2020/01/09 11:27:55.639,0.038963
2020/01/09 11:27:55.739,0.818793
2020/01/09 11:27:55.847,0.373880
2020/01/09 11:27:55.939,-0.885597
2020/01/09 11:27:56.039,0.508274
2020/01/09 11:27:56.139,-1.274648
2020/01/09 11:27:56.247,-1.118209
2020/01/09 11:27:56.339,-0.941847
2020/01/09 11:27:56.439,-1.634806
2020/01/09 11:27:56.539,0.089014
2020/01/09 11:27:56.642,0.536519
2020/01/09 11:27:56.739,1.153274
2020/01/09 11:27:56.839,0.180051
2020/01/09 11:27:56.939,-0.088745
2020/01/09 11:27:57.039,-0.213622
2020/01/09 11:27:57.139,-1.113518
2020/01/09 11:27:57.239,-1.094696
2020/01/09 11:27:57.339,-1.585204
2020/01/09 11:27:57.439,-1.659586
2020/01/09 11:27:57.539,-0.919358
2020/01/09 11:27:57.639,-0.500691
2020/01/09 11:27:57.739,-1.010860
2020/01/09 11:27:57.848,-0.820464
2020/01/09 11:27:57.938,-1.147994
2020/01/09 11:27:58.039,-1.309186
2020/01/09 11:27:58.139,-1.558174
2020/01/09 11:27:58.243,-2.367759
2020/01/09 11:27:58.338,-2.522683
2020/01/09 11:27:58.438,-0.624712
2020/01/09 11:27:58.538,-1.501045
2020/01/09 11:27:58.638,-1.731166
2020/01/09 11:27:58.738,-1.499086
2020/01/09 11:27:58.838,-2.069464
2020/01/09 11:27:58.938,-0.493903
2020/01/09 11:27:59.038,-0.606260
2020/01/09 11:27:59.138,0.107125
2020/01/09 11:27:59.238,-0.101324
2020/01/09 11:27:59.338,0.135076
2020/01/09 11:27:59.438,-0.516873
2020/01/09 11:27:59.538,-0.237905
2020/01/09 11:27:59.638,-0.752773
2020/01/09 11:27:59.738,-0.572714
2020/01/09 11:27:59.838,0.075525
2020/01/09 11:27:59.938,0.760059
2020/01/09 11:28:00.038,1.513047
2020/01/09 11:28:00.138,0.294030
2020/01/09 11:28:00.238,2.330966
2020/01/09 11:28:00.338,-0.362273
2020/01/09 11:28:00.438,0.664979
2020/01/09 11:28:00.538,-0.180224
2020/01/09 11:28:00.638,-0.995040
2020/01/09 11:28:00.738,-0.914426
2020/01/09 11:28:00.838,0.035014
2020/01/09 11:28:00.938,1.061054
2020/01/09 11:28:01.038,1.218572
2020/01/09 11:28:01.138,1.366525
2020/01/09 11:28:01.237,0.856135
2020/01/09 11:28:01.337,1.276782
2020/01/09 11:28:01.445,0.393653
2020/01/09 11:28:01.538,-0.662606
2020/01/09 11:28:01.638,-1.842492
2020/01/09 11:28:01.737,0.421551
2020/01/09 11:28:01.837,-0.158059
2020/01/09 11:28:01.937,0.194324
2020/01/09 11:28:02.037,0.388725
2020/01/09 11:28:02.137,-0.410519
2020/01/09 11:28:02.237,0.639782
2020/01/09 11:28:02.337,0.578992
2020/01/09 11:28:02.437,0.973424
2020/01/09 11:28:02.537,-0.718784
2020/01/09 11:28:02.637,-1.928785
2020/01/09 11:28:02.737,-0.838489
2020/01/09 11:28:02.837,-0.639394
2020/01/09 11:28:02.937,0.107064
2020/01/09 11:28:03.044,0.361430
2020/01/09 11:28:03.137,0.469187
2020/01/09 11:28:03.237,0.014330
2020/01/09 11:28:03.337,1.072626
2020/01/09 11:28:03.437,1.186074
2020/01/09 11:28:03.537,-0.617290
2020/01/09 11:28:03.637,-1.909153
2020/01/09 11:28:03.737,0.018497
2020/01/09 11:28:03.837,-1.100592
2020/01/09 11:28:03.937,-0.948970
2020/01/09 11:28:04.037,-0.179767
2020/01/09 11:28:04.137,-0.026338
2020/01/09 11:28:04.237,1.471875
2020/01/09 11:28:04.337,-0.142071
2020/01/09 11:28:04.437,1.365965
2020/01/09 11:28:04.537,-0.892513
2020/01/09 11:28:04.645,-2.205084
2020/01/09 11:28:04.736,-0.423365
2020/01/09 11:28:04.836,-0.103538
2020/01/09 11:28:04.937,0.074474
2020/01/09 11:28:05.036,0.704378
2020/01/09 11:28:05.137,1.211832
2020/01/09 11:28:05.236,-0.228146
2020/01/09 11:28:05.336,0.747637
2020/01/09 11:28:05.436,1.230394
2020/01/09 11:28:05.536,0.228579
2020/01/09 11:28:05.636,-1.236086
2020/01/09 11:28:05.736,-1.023318
2020/01/09 11:28:05.836,-0.364598
2020/01/09 11:28:05.936,-0.874612
2020/01/09 11:28:06.036,-0.596012
2020/01/09 11:28:06.136,1.482419
2020/01/09 11:28:06.245,0.823731
2020/01/09 11:28:06.336,1.341715
2020/01/09 11:28:06.436,-0.361062
2020/01/09 11:28:06.536,0.271778
2020/01/09 11:28:06.636,-1.759380
2020/01/09 11:28:06.736,-1.301755
2020/01/09 11:28:06.836,-0.609495
2020/01/09 11:28:06.936,-1.098235
2020/01/09 11:28:07.036,0.935197
2020/01/09 11:28:07.136,0.007307
2020/01/09 11:28:07.236,-0.916563
2020/01/09 11:28:07.336,1.255878
2020/01/09 11:28:07.436,-0.298479
2020/01/09 11:28:07.536,0.849273
2020/01/09 11:28:07.636,-1.228507
2020/01/09 11:28:07.736,-1.267464
2020/01/09 11:28:07.836,-1.424003
2020/01/09 11:28:07.935,-2.110557
2020/01/09 11:28:08.035,0.426953
2020/01/09 11:28:08.135,0.583757
2020/01/09 11:28:08.235,0.604887
2020/01/09 11:28:08.336,0.980257
2020/01/09 11:28:08.435,-0.165751
2020/01/09 11:28:08.535,-0.277276
2020/01/09 11:28:08.635,-0.030953
2020/01/09 11:28:08.735,-1.744193
2020/01/09 11:28:08.835,-0.982446
2020/01/09 11:28:08.935,-0.589426
2020/01/09 11:28:09.035,-1.462429
2020/01/09 11:28:09.135,0.000589
2020/01/09 11:28:09.235,0.384037
2020/01/09 11:28:09.335,-0.292262
2020/01/09 11:28:09.435,0.211303
2020/01/09 11:28:09.535,-0.613182
2020/01/09 11:28:09.635,-0.194739
2020/01/09 11:28:09.735,-1.738817
2020/01/09 11:28:09.835,-1.280713
2020/01/09 11:28:09.935,-0.192097
2020/01/09 11:28:10.035,-2.819834
2020/01/09 11:28:10.135,0.351809
2020/01/09 11:28:10.235,1.162228
2020/01/09 11:28:10.335,-1.523362
2020/01/09 11:28:10.435,-0.592040
2020/01/09 11:28:10.535,-1.178350
2020/01/09 11:28:10.635,-0.210833
2020/01/09 11:28:10.735,-1.169001
2020/01/09 11:28:10.835,-2.887680
2020/01/09 11:28:10.935,-2.360992
2020/01/09 11:28:11.035,-1.609797
2020/01/09 11:28:11.135,-2.244817
2020/01/09 11:28:11.235,-1.824102
2020/01/09 11:28:11.335,-2.118780
2020/01/09 11:28:11.434,-2.172216
2020/01/09 11:28:11.534,-0.649095
2020/01/09 11:28:11.634,-0.554337
2020/01/09 11:28:11.735,-0.290746
2020/01/09 11:28:11.834,-0.734176
2020/01/09 11:28:11.934,-1.180621
2020/01/09 11:28:12.034,-1.630925
2020/01/09 11:28:12.134,-1.197785
2020/01/09 11:28:12.234,-0.349775
2020/01/09 11:28:12.334,-0.395324
2020/01/09 11:28:12.434,-0.621015
2020/01/09 11:28:12.534,0.049029
2020/01/09 11:28:12.634,0.661797
2020/01/09 11:28:12.734,0.622685
2020/01/09 11:28:12.834,1.359010
2020/01/09 11:28:12.934,1.658056
2020/01/09 11:28:13.034,0.893513
2020/01/09 11:28:13.134,1.527492
2020/01/09 11:28:13.235,1.943246
2020/01/09 11:28:13.334,-0.026995
2020/01/09 11:28:13.434,0.274302
2020/01/09 11:28:13.534,0.338750
2020/01/09 11:28:13.634,0.719226
2020/01/09 11:28:13.734,0.756811
2020/01/09 11:28:13.834,1.524820
2020/01/09 11:28:13.934,1.588227
2020/01/09 11:28:14.034,1.572148
2020/01/09 11:28:14.134,1.098291
2020/01/09 11:28:14.234,0.957219
2020/01/09 11:28:14.333,-0.560758
2020/01/09 11:28:14.434,-0.229364
2020/01/09 11:28:14.533,-0.533877
2020/01/09 11:28:14.633,-0.317586
2020/01/09 11:28:14.733,1.142945
2020/01/09 11:28:14.834,0.691401
2020/01/09 11:28:14.933,1.585745
2020/01/09 11:28:15.034,-0.051563
2020/01/09 11:28:15.133,-0.408454
2020/01/09 11:28:15.233,2.480861
2020/01/09 11:28:15.333,-0.865260
2020/01/09 11:28:15.433,-0.740485
2020/01/09 11:28:15.533,0.143908
2020/01/09 11:28:15.633,-0.149640
2020/01/09 11:28:15.733,0.763957
2020/01/09 11:28:15.836,0.173001
2020/01/09 11:28:15.933,0.346292
2020/01/09 11:28:16.033,0.288672
2020/01/09 11:28:16.133,-0.032136
2020/01/09 11:28:16.233,1.373227
2020/01/09 11:28:16.333,-0.675883
2020/01/09 11:28:16.433,-1.595741
2020/01/09 11:28:16.533,0.329230
2020/01/09 11:28:16.633,-1.696847
2020/01/09 11:28:16.733,0.244721
2020/01/09 11:28:16.833,1.795583
2020/01/09 11:28:16.933,1.288624
2020/01/09 11:28:17.033,0.744811
2020/01/09 11:28:17.133,0.020015
2020/01/09 11:28:17.233,0.459019
2020/01/09 11:28:17.333,-0.708000
2020/01/09 11:28:17.433,-1.264473
2020/01/09 11:28:17.532,-0.228930
2020/01/09 11:28:17.633,-0.235313
2020/01/09 11:28:17.733,-0.388554
2020/01/09 11:28:17.833,0.735239
2020/01/09 11:28:17.932,1.606196
2020/01/09 11:28:18.032,-1.229947
2020/01/09 11:28:18.133,1.348446
2020/01/09 11:28:18.233,1.779710
2020/01/09 11:28:18.332,-0.741325
2020/01/09 11:28:18.432,-1.426049
2020/01/09 11:28:18.532,-0.515345
2020/01/09 11:28:18.632,-0.390302
2020/01/09 11:28:18.733,-1.075128
2020/01/09 11:28:18.832,1.659163
2020/01/09 11:28:18.932,1.505567
2020/01/09 11:28:19.032,-1.228784
2020/01/09 11:28:19.132,1.386183
2020/01/09 11:28:19.232,0.481331
2020/01/09 11:28:19.332,0.151272
2020/01/09 11:28:19.432,-1.863369
2020/01/09 11:28:19.532,0.178856
2020/01/09 11:28:19.632,-0.819296
2020/01/09 11:28:19.732,-1.219016
2020/01/09 11:28:19.832,1.355189
2020/01/09 11:28:19.933,1.315890
2020/01/09 11:28:20.032,0.703334
2020/01/09 11:28:20.132,1.556369
2020/01/09 11:28:20.232,-0.668904
2020/01/09 11:28:20.332,1.210145
2020/01/09 11:28:20.432,-1.989007
2020/01/09 11:28:20.532,-1.275813
2020/01/09 11:28:20.632,0.024144
2020/01/09 11:28:20.731,-0.203318
2020/01/09 11:28:20.832,0.203502
2020/01/09 11:28:20.932,0.979060
2020/01/09 11:28:21.032,0.247539
2020/01/09 11:28:21.132,1.479514
2020/01/09 11:28:21.231,-0.139000
2020/01/09 11:28:21.331,-0.119786
2020/01/09 11:28:21.431,-1.489887
2020/01/09 11:28:21.532,-0.146800
2020/01/09 11:28:21.631,-0.089422
2020/01/09 11:28:21.731,-0.676418
2020/01/09 11:28:21.831,0.697346
2020/01/09 11:28:21.931,0.417664
2020/01/09 11:28:22.031,0.317811
2020/01/09 11:28:22.131,1.462113
2020/01/09 11:28:22.231,-0.581908
2020/01/09 11:28:22.331,0.233384
2020/01/09 11:28:22.431,-1.653597
2020/01/09 11:28:22.531,-1.302404
2020/01/09 11:28:22.631,-0.986899
2020/01/09 11:28:22.731,-2.219846
2020/01/09 11:28:22.831,0.540004
2020/01/09 11:28:22.931,-0.285486
2020/01/09 11:28:23.040,-0.994104
2020/01/09 11:28:23.131,-0.300890
2020/01/09 11:28:23.231,-1.925936
2020/01/09 11:28:23.331,-1.502163
2020/01/09 11:28:23.431,-1.400831
2020/01/09 11:28:23.531,-2.432245
2020/01/09 11:28:23.631,-1.695693
2020/01/09 11:28:23.731,-0.446010
2020/01/09 11:28:23.832,-2.107984
2020/01/09 11:28:23.931,-2.095356
2020/01/09 11:28:24.031,-1.554917
2020/01/09 11:28:24.131,-1.048072
2020/01/09 11:28:24.231,-1.480290
2020/01/09 11:28:24.330,-0.169088
2020/01/09 11:28:24.431,0.547617
2020/01/09 11:28:24.530,-0.817474
2020/01/09 11:28:24.631,-1.713859
2020/01/09 11:28:24.731,-0.834379
2020/01/09 11:28:24.831,-0.834244
2020/01/09 11:28:24.930,0.677055
2020/01/09 11:28:25.037,-0.593593
2020/01/09 11:28:25.130,0.671534
2020/01/09 11:28:25.230,2.414886
2020/01/09 11:28:25.330,-1.493712
2020/01/09 11:28:25.430,-1.297095
2020/01/09 11:28:25.530,2.037350
2020/01/09 11:28:25.630,1.169982
2020/01/09 11:28:25.730,0.329157
2020/01/09 11:28:25.830,-0.425413
2020/01/09 11:28:25.930,-0.506114
2020/01/09 11:28:26.030,1.025896
2020/01/09 11:28:26.130,0.719900
2020/01/09 11:28:26.230,1.968224
2020/01/09 11:28:26.330,0.111560
2020/01/09 11:28:26.430,1.135576
2020/01/09 11:28:26.530,0.886311
2020/01/09 11:28:26.630,-0.322626
2020/01/09 11:28:26.730,-0.958057
2020/01/09 11:28:26.830,-0.481851
2020/01/09 11:28:26.930,-0.258372
2020/01/09 11:28:27.032,-0.138181
2020/01/09 11:28:27.130,0.256691
2020/01/09 11:28:27.230,0.172183
2020/01/09 11:28:27.330,0.764700
2020/01/09 11:28:27.430,1.069651
2020/01/09 11:28:27.529,0.060493
2020/01/09 11:28:27.629,-0.036797
2020/01/09 11:28:27.730,-1.471753
2020/01/09 11:28:27.830,-0.727416
2020/01/09 11:28:27.929,-1.111192
2020/01/09 11:28:28.029,-1.269753
2020/01/09 11:28:28.129,0.280062
2020/01/09 11:28:28.237,-0.247684
2020/01/09 11:28:28.329,-1.131658
2020/01/09 11:28:28.429,0.416763
2020/01/09 11:28:28.529,-0.390945
2020/01/09 11:28:28.629,1.636850
2020/01/09 11:28:28.729,0.150385
2020/01/09 11:28:28.829,-0.465997
2020/01/09 11:28:28.929,0.105299
2020/01/09 11:28:29.029,-1.293683
2020/01/09 11:28:29.129,0.840067
2020/01/09 11:28:29.229,1.162687
2020/01/09 11:28:29.329,0.285960
2020/01/09 11:28:29.429,0.283199
2020/01/09 11:28:29.529,1.661807
2020/01/09 11:28:29.629,0.602652
2020/01/09 11:28:29.729,-0.283942
2020/01/09 11:28:29.837,-2.203145
2020/01/09 11:28:29.929,-1.017386
2020/01/09 11:28:30.029,-1.249002
2020/01/09 11:28:30.129,-0.160654
2020/01/09 11:28:30.229,1.074702
2020/01/09 11:28:30.329,0.238925
2020/01/09 11:28:30.429,0.081185
2020/01/09 11:28:30.529,1.026642
2020/01/09 11:28:30.629,-0.064878
2020/01/09 11:28:30.729,0.747294
2020/01/09 11:28:30.829,-0.827540
2020/01/09 11:28:30.929,-0.272459
2020/01/09 11:28:31.029,-0.378766
2020/01/09 11:28:31.129,-0.637275
2020/01/09 11:28:31.228,1.497844
2020/01/09 11:28:31.329,1.661697
2020/01/09 11:28:31.437,-0.495198
2020/01/09 11:28:31.528,1.188385
2020/01/09 11:28:31.628,0.461218
2020/01/09 11:28:31.728,0.886898
2020/01/09 11:28:31.829,-1.305097
2020/01/09 11:28:31.928,-1.923600
2020/01/09 11:28:32.028,0.086984
2020/01/09 11:28:32.128,-0.791889
2020/01/09 11:28:32.228,-0.366495
2020/01/09 11:28:32.328,-0.195315
2020/01/09 11:28:32.428,0.202676
2020/01/09 11:28:32.528,0.331967
2020/01/09 11:28:32.628,-0.348474
2020/01/09 11:28:32.728,-0.417596
2020/01/09 11:28:32.828,-0.325263
2020/01/09 11:28:32.928,-0.384514
2020/01/09 11:28:33.038,-0.740021
2020/01/09 11:28:33.128,-0.724102
2020/01/09 11:28:33.228,-1.690023
2020/01/09 11:28:33.328,0.730507
2020/01/09 11:28:33.428,0.189264
2020/01/09 11:28:33.528,-0.683551
2020/01/09 11:28:33.628,1.038687
2020/01/09 11:28:33.728,-0.858579
2020/01/09 11:28:33.829,-0.167642
2020/01/09 11:28:33.928,-0.701292
2020/01/09 11:28:34.028,-1.695569
2020/01/09 11:28:34.128,-0.323006
2020/01/09 11:28:34.227,-1.917387
2020/01/09 11:28:34.328,-0.339175
2020/01/09 11:28:34.428,0.993885
2020/01/09 11:28:34.528,-0.211148
2020/01/09 11:28:34.628,-1.398697
2020/01/09 11:28:34.728,-2.261111
2020/01/09 11:28:34.827,0.100840
2020/01/09 11:28:34.927,0.296291
2020/01/09 11:28:35.027,-0.952356
2020/01/09 11:28:35.127,-1.886797
2020/01/09 11:28:35.227,-0.703902
2020/01/09 11:28:35.327,-2.931674
2020/01/09 11:28:35.427,-1.207467
2020/01/09 11:28:35.527,-0.134960
2020/01/09 11:28:35.627,-1.287562
2020/01/09 11:28:35.727,-1.733369
2020/01/09 11:28:35.827,-0.535204
2020/01/09 11:28:35.927,-0.964403
2020/01/09 11:28:36.027,-0.394413
2020/01/09 11:28:36.127,-0.239503
2020/01/09 11:28:36.230,0.080733
2020/01/09 11:28:36.327,-1.333336
2020/01/09 11:28:36.427,-0.893694
2020/01/09 11:28:36.527,-1.123447
2020/01/09 11:28:36.627,-0.556254
2020/01/09 11:28:36.727,-0.348998
2020/01/09 11:28:36.827,0.118283
2020/01/09 11:28:36.927,2.071376
2020/01/09 11:28:37.027,1.701170
2020/01/09 11:28:37.127,-0.124251
2020/01/09 11:28:37.227,2.260515
2020/01/09 11:28:37.327,1.097181
2020/01/09 11:28:37.427,1.314408
2020/01/09 11:28:37.527,-0.337950
2020/01/09 11:28:37.627,0.097238
2020/01/09 11:28:37.727,-0.112498
2020/01/09 11:28:37.827,-1.735412
2020/01/09 11:28:37.926,0.898763
2020/01/09 11:28:38.026,1.109002
2020/01/09 11:28:38.126,0.289218
2020/01/09 11:28:38.227,1.186735
2020/01/09 11:28:38.326,1.176767
2020/01/09 11:28:38.426,0.495681
2020/01/09 11:28:38.526,-1.048886
2020/01/09 11:28:38.627,-1.019908
2020/01/09 11:28:38.726,-0.645243
2020/01/09 11:28:38.826,-0.531326
2020/01/09 11:28:38.926,-0.193945
2020/01/09 11:28:39.026,0.648624
2020/01/09 11:28:39.126,-0.467727
2020/01/09 11:28:39.226,0.157587
2020/01/09 11:28:39.326,0.236526
2020/01/09 11:28:39.426,0.771027
2020/01/09 11:28:39.526,-0.335093
2020/01/09 11:28:39.626,-1.387572
2020/01/09 11:28:39.726,-0.146111
2020/01/09 11:28:39.826,-1.680405
2020/01/09 11:28:39.926,0.324232
2020/01/09 11:28:40.026,1.281895
2020/01/09 11:28:40.126,-0.387991
2020/01/09 11:28:40.227,0.418839
2020/01/09 11:28:40.326,1.522217
2020/01/09 11:28:40.426,0.485591
2020/01/09 11:28:40.526,1.389902
2020/01/09 11:28:40.626,-2.190347
2020/01/09 11:28:40.726,-1.428366
2020/01/09 11:28:40.826,0.397091
2020/01/09 11:28:40.926,0.161491
2020/01/09 11:28:41.027,0.758942
2020/01/09 11:28:41.126,1.029200
2020/01/09 11:28:41.226,0.026319
2020/01/09 11:28:41.325,1.274774
2020/01/09 11:28:41.428,-0.058816
2020/01/09 11:28:41.525,0.061789
2020/01/09 11:28:41.626,-1.103049
2020/01/09 11:28:41.725,0.044888
2020/01/09 11:28:41.828,0.793445
2020/01/09 11:28:41.925,-1.765425
2020/01/09 11:28:42.025,1.163641
2020/01/09 11:28:42.125,0.905943
2020/01/09 11:28:42.225,0.383079
2020/01/09 11:28:42.325,1.507106
2020/01/09 11:28:42.425,-0.477842
2020/01/09 11:28:42.525,0.732926
2020/01/09 11:28:42.625,-1.205528
2020/01/09 11:28:42.725,-1.107960
2020/01/09 11:28:42.825,0.108648
2020/01/09 11:28:42.925,-0.243735
2020/01/09 11:28:43.025,1.020277
2020/01/09 11:28:43.125,0.636347
2020/01/09 11:28:43.225,-0.709939
2020/01/09 11:28:43.325,1.331988
2020/01/09 11:28:43.425,0.666752
2020/01/09 11:28:43.525,0.343892
2020/01/09 11:28:43.625,-1.110837
2020/01/09 11:28:43.725,-1.368470
2020/01/09 11:28:43.825,0.373384
2020/01/09 11:28:43.925,-0.824971
2020/01/09 11:28:44.025,0.218326
2020/01/09 11:28:44.125,0.111688
2020/01/09 11:28:44.225,0.742306
2020/01/09 11:28:44.325,0.592301
2020/01/09 11:28:44.425,-0.477652
2020/01/09 11:28:44.525,-0.628957
2020/01/09 11:28:44.625,-0.565103
2020/01/09 11:28:44.724,-1.772181
2020/01/09 11:28:44.824,-1.104205
2020/01/09 11:28:44.924,-0.444967
2020/01/09 11:28:45.030,0.339264
2020/01/09 11:28:45.124,1.193558
2020/01/09 11:28:45.224,-0.252046
2020/01/09 11:28:45.324,0.831725
2020/01/09 11:28:45.424,-1.037569
2020/01/09 11:28:45.524,0.195731
2020/01/09 11:28:45.624,-1.380827
2020/01/09 11:28:45.724,-1.522942
2020/01/09 11:28:45.824,-0.823397
2020/01/09 11:28:45.924,-1.255059
2020/01/09 11:28:46.024,-0.434130
2020/01/09 11:28:46.124,-0.286918
2020/01/09 11:28:46.224,-1.443585
2020/01/09 11:28:46.324,-0.479677
2020/01/09 11:28:46.424,-1.962510
2020/01/09 11:28:46.524,-1.193230
2020/01/09 11:28:46.624,-1.705350
2020/01/09 11:28:46.724,-3.315566
2020/01/09 11:28:46.824,-0.675391
2020/01/09 11:28:46.924,-1.004066
2020/01/09 11:28:47.026,-2.063051
2020/01/09 11:28:47.124,-1.871576
2020/01/09 11:28:47.224,-1.247357
2020/01/09 11:28:47.324,-1.028639
2020/01/09 11:28:47.424,-0.819637
2020/01/09 11:28:47.523,0.213633
2020/01/09 11:28:47.624,-0.727555
2020/01/09 11:28:47.724,-0.000415
2020/01/09 11:28:47.824,0.322340
2020/01/09 11:28:47.924,-1.834023
2020/01/09 11:28:48.023,-0.407732
2020/01/09 11:28:48.123,0.199625
2020/01/09 11:28:48.223,0.665666
2020/01/09 11:28:48.323,1.105099
2020/01/09 11:28:48.423,1.105069
2020/01/09 11:28:48.523,-0.311310
2020/01/09 11:28:48.626,1.833691
2020/01/09 11:28:48.723,-0.139393
2020/01/09 11:28:48.823,1.161263
2020/01/09 11:28:48.923,-0.529564
2020/01/09 11:28:49.023,-0.130808
2020/01/09 11:28:49.123,-0.635663
2020/01/09 11:28:49.223,0.314574
2020/01/09 11:28:49.323,0.532934
2020/01/09 11:28:49.423,0.970853
2020/01/09 11:28:49.523,0.886857
2020/01/09 11:28:49.623,1.762786
2020/01/09 11:28:49.723,0.715412
2020/01/09 11:28:49.832,-0.031177
2020/01/09 11:28:49.923,-2.149750
2020/01/09 11:28:50.023,-0.682523
2020/01/09 11:28:50.123,-0.028091
2020/01/09 11:28:50.227,-0.282309
2020/01/09 11:28:50.323,0.053722
2020/01/09 11:28:50.423,-0.090184
2020/01/09 11:28:50.523,-0.183633
2020/01/09 11:28:50.623,2.381916
2020/01/09 11:28:50.723,0.147626
2020/01/09 11:28:50.823,1.197339
2020/01/09 11:28:50.923,-0.883209
2020/01/09 11:28:51.023,-2.006381
2020/01/09 11:28:51.123,0.041407
2020/01/09 11:28:51.223,-0.368209
2020/01/09 11:28:51.322,0.133019
2020/01/09 11:28:51.432,0.286397
2020/01/09 11:28:51.522,-0.683694
2020/01/09 11:28:51.622,0.553865
2020/01/09 11:28:51.722,0.980497
2020/01/09 11:28:51.827,0.446176
2020/01/09 11:28:51.922,-0.430328
2020/01/09 11:28:52.022,-1.751983
2020/01/09 11:28:52.122,-0.875813
2020/01/09 11:28:52.222,-0.364440
2020/01/09 11:28:52.322,-0.296066
2020/01/09 11:28:52.422,0.715756
2020/01/09 11:28:52.522,0.309935
2020/01/09 11:28:52.622,0.119630
2020/01/09 11:28:52.722,1.596032
2020/01/09 11:28:52.822,0.149429
2020/01/09 11:28:52.922,0.178943
2020/01/09 11:28:53.022,-1.498523
2020/01/09 11:28:53.122,-1.002987
2020/01/09 11:28:53.222,-0.078597
2020/01/09 11:28:53.322,-0.966764
2020/01/09 11:28:53.427,0.441818
2020/01/09 11:28:53.522,0.404089
2020/01/09 11:28:53.622,0.459542
2020/01/09 11:28:53.722,1.289865
2020/01/09 11:28:53.822,-0.024931
2020/01/09 11:28:53.922,1.124842
2020/01/09 11:28:54.022,-0.491578
2020/01/09 11:28:54.122,-1.547040
2020/01/09 11:28:54.222,-0.087059
2020/01/09 11:28:54.322,-0.429122
2020/01/09 11:28:54.422,0.964049
2020/01/09 11:28:54.522,0.765812
2020/01/09 11:28:54.622,-0.127488
2020/01/09 11:28:54.721,1.496340
2020/01/09 11:28:54.821,0.804982
2020/01/09 11:28:54.921,0.495656
2020/01/09 11:28:55.028,-0.692819
2020/01/09 11:28:55.121,-2.140947
2020/01/09 11:28:55.221,-0.451841
2020/01/09 11:28:55.321,-1.077327
2020/01/09 11:28:55.431,-0.060232
2020/01/09 11:28:55.521,0.365757
2020/01/09 11:28:55.621,1.766231
2020/01/09 11:28:55.721,0.504922
2020/01/09 11:28:55.821,0.117328
2020/01/09 11:28:55.921,-0.803552
2020/01/09 11:28:56.021,0.078410
2020/01/09 11:28:56.121,-0.580373
2020/01/09 11:28:56.221,-0.827560
2020/01/09 11:28:56.321,-1.281271
2020/01/09 11:28:56.421,-1.696873
2020/01/09 11:28:56.521,0.575983
2020/01/09 11:28:56.621,0.093860
2020/01/09 11:28:56.721,0.122401
2020/01/09 11:28:56.821,1.041426
2020/01/09 11:28:56.921,-0.646255
2020/01/09 11:28:57.021,-0.317122
2020/01/09 11:28:57.121,-1.737402
2020/01/09 11:28:57.221,-1.450697
2020/01/09 11:28:57.321,-0.766871
2020/01/09 11:28:57.421,-1.013647
2020/01/09 11:28:57.521,-0.352415
2020/01/09 11:28:57.621,0.499646
2020/01/09 11:28:57.721,0.453879
2020/01/09 11:28:57.821,0.903451
2020/01/09 11:28:57.920,0.215918
2020/01/09 11:28:58.020,-0.366768
2020/01/09 11:28:58.120,-0.123997
2020/01/09 11:28:58.228,-1.359713
2020/01/09 11:28:58.320,-0.598208
2020/01/09 11:28:58.420,-0.791786
2020/01/09 11:28:58.520,-1.383676
2020/01/09 11:28:58.625,0.516251
2020/01/09 11:28:58.720,-0.469761
2020/01/09 11:28:58.820,0.295398
2020/01/09 11:28:58.920,-1.130104
2020/01/09 11:28:59.022,-1.490735
2020/01/09 11:28:59.120,-0.328699
2020/01/09 11:28:59.220,-1.308050
2020/01/09 11:28:59.320,-0.950003
2020/01/09 11:28:59.425,-1.151124
2020/01/09 11:28:59.520,-1.161026
2020/01/09 11:28:59.620,-1.344186
2020/01/09 11:28:59.720,-2.146175
2020/01/09 11:28:59.824,-1.761832
2020/01/09 11:28:59.920,-0.197152
2020/01/09 11:29:00.020,-0.628524
2020/01/09 11:29:00.120,-0.552041
2020/01/09 11:29:00.223,0.269076
2020/01/09 11:29:00.319,0.028914
2020/01/09 11:29:00.419,-0.252145
2020/01/09 11:29:00.519,-0.389048
2020/01/09 11:29:00.620,-0.473754
2020/01/09 11:29:00.724,-0.788754
2020/01/09 11:29:00.819,-0.783799
2020/01/09 11:29:00.920,-1.031281
2020/01/09 11:29:01.020,-0.759195
2020/01/09 11:29:01.125,0.808586
2020/01/09 11:29:01.220,1.069791
2020/01/09 11:29:01.319,1.319687
2020/01/09 11:29:01.419,1.612417
2020/01/09 11:29:01.526,0.978226
2020/01/09 11:29:01.619,1.376600
2020/01/09 11:29:01.719,-0.564716
2020/01/09 11:29:01.819,-0.752116
2020/01/09 11:29:01.919,0.887337
2020/01/09 11:29:02.019,-0.998378
2020/01/09 11:29:02.119,0.186595
2020/01/09 11:29:02.219,0.624996
2020/01/09 11:29:02.319,0.960851
2020/01/09 11:29:02.419,1.455615
2020/01/09 11:29:02.519,1.069421
2020/01/09 11:29:02.619,-0.140087
2020/01/09 11:29:02.724,0.013432
2020/01/09 11:29:02.819,-1.543562
2020/01/09 11:29:02.919,-0.015983
2020/01/09 11:29:03.019,-0.456371
2020/01/09 11:29:03.123,0.389474
2020/01/09 11:29:03.219,0.545126
2020/01/09 11:29:03.319,0.634644
2020/01/09 11:29:03.419,0.944106
2020/01/09 11:29:03.519,0.638620
2020/01/09 11:29:03.619,0.179750
2020/01/09 11:29:03.719,0.118928
2020/01/09 11:29:03.819,-1.572960
2020/01/09 11:29:03.924,-0.542162
2020/01/09 11:29:04.019,-0.851012
2020/01/09 11:29:04.119,-0.034070
2020/01/09 11:29:04.219,0.859149
2020/01/09 11:29:04.319,0.790503
2020/01/09 11:29:04.419,0.048151
2020/01/09 11:29:04.519,0.195644
2020/01/09 11:29:04.619,0.678692
2020/01/09 11:29:04.724,0.883166
2020/01/09 11:29:04.818,-1.461285
2020/01/09 11:29:04.918,-0.544289
2020/01/09 11:29:05.018,-1.033853
2020/01/09 11:29:05.123,-0.089194
2020/01/09 11:29:05.218,0.932621
2020/01/09 11:29:05.318,0.846770
2020/01/09 11:29:05.418,0.812301
2020/01/09 11:29:05.525,0.972249
2020/01/09 11:29:05.618,0.751665
2020/01/09 11:29:05.718,0.967963
2020/01/09 11:29:05.818,-1.103928
2020/01/09 11:29:05.924,-1.177821
2020/01/09 11:29:06.018,0.666383
2020/01/09 11:29:06.118,-0.240920
2020/01/09 11:29:06.218,0.163532
2020/01/09 11:29:06.318,0.935053
2020/01/09 11:29:06.418,1.255897
2020/01/09 11:29:06.518,1.131857
2020/01/09 11:29:06.618,-0.514799
2020/01/09 11:29:06.724,0.507775
2020/01/09 11:29:06.818,-1.572329
2020/01/09 11:29:06.918,-0.906675
2020/01/09 11:29:07.018,0.200734
2020/01/09 11:29:07.123,-0.310948
2020/01/09 11:29:07.218,0.216052
2020/01/09 11:29:07.318,0.661757
2020/01/09 11:29:07.418,-0.227664
2020/01/09 11:29:07.517,1.773475
2020/01/09 11:29:07.618,0.332331
2020/01/09 11:29:07.718,0.403655
2020/01/09 11:29:07.818,-1.763397
2020/01/09 11:29:07.918,-0.889487
2020/01/09 11:29:08.018,-0.087171
2020/01/09 11:29:08.118,-0.701456
2020/01/09 11:29:08.218,0.327804
2020/01/09 11:29:08.318,0.727694
2020/01/09 11:29:08.417,0.645543
2020/01/09 11:29:08.517,1.236138
2020/01/09 11:29:08.617,-0.263951
2020/01/09 11:29:08.717,-1.542739
2020/01/09 11:29:08.817,-1.340274
2020/01/09 11:29:08.917,-0.892089
2020/01/09 11:29:09.017,-1.448605
2020/01/09 11:29:09.117,0.399291
2020/01/09 11:29:09.217,-0.359226
2020/01/09 11:29:09.317,0.719646
2020/01/09 11:29:09.417,1.734928
2020/01/09 11:29:09.517,1.168570
2020/01/09 11:29:09.617,0.199447
2020/01/09 11:29:09.717,-1.509775
2020/01/09 11:29:09.817,-2.197809
2020/01/09 11:29:09.917,-1.767372
2020/01/09 11:29:10.017,-1.268329
2020/01/09 11:29:10.117,-2.493287
2020/01/09 11:29:10.217,-0.502239
2020/01/09 11:29:10.317,-0.331429
2020/01/09 11:29:10.417,-0.957886
2020/01/09 11:29:10.517,-0.498720
2020/01/09 11:29:10.617,-1.766126
2020/01/09 11:29:10.717,-0.976380
2020/01/09 11:29:10.817,-0.761599
2020/01/09 11:29:10.917,-2.170145
2020/01/09 11:29:11.017,-0.961556
2020/01/09 11:29:11.116,-1.405390
2020/01/09 11:29:11.217,-2.203870
2020/01/09 11:29:11.317,-1.366825
2020/01/09 11:29:11.417,-1.264247
2020/01/09 11:29:11.525,-1.242255
2020/01/09 11:29:11.616,-0.735882
2020/01/09 11:29:11.716,-0.095006
2020/01/09 11:29:11.816,-0.191355
2020/01/09 11:29:11.923,-0.909161
2020/01/09 11:29:12.016,-1.118398
2020/01/09 11:29:12.116,-0.820114
2020/01/09 11:29:12.216,-1.404351
2020/01/09 11:29:12.316,-0.172766
2020/01/09 11:29:12.416,0.677976
2020/01/09 11:29:12.516,1.065832
2020/01/09 11:29:12.616,0.401999
2020/01/09 11:29:12.716,0.764841
2020/01/09 11:29:12.816,1.538362
2020/01/09 11:29:12.916,1.222018
2020/01/09 11:29:13.016,1.250782
2020/01/09 11:29:13.124,0.508714
2020/01/09 11:29:13.216,-2.214915
2020/01/09 11:29:13.316,0.279067
2020/01/09 11:29:13.416,-0.679956
2020/01/09 11:29:13.522,0.209077
2020/01/09 11:29:13.616,0.312753
2020/01/09 11:29:13.716,-0.237471
2020/01/09 11:29:13.816,0.971587
2020/01/09 11:29:13.923,0.872093
2020/01/09 11:29:14.016,1.145279
2020/01/09 11:29:14.116,0.241184
2020/01/09 11:29:14.216,-1.952880
2020/01/09 11:29:14.316,0.707684
2020/01/09 11:29:14.416,-0.605269
2020/01/09 11:29:14.516,-0.111643
2020/01/09 11:29:14.616,0.387689
2020/01/09 11:29:14.716,-0.024493
2020/01/09 11:29:14.816,1.453049
2020/01/09 11:29:14.915,0.161780
2020/01/09 11:29:15.015,0.385158
2020/01/09 11:29:15.116,-0.640141
2020/01/09 11:29:15.215,-1.445105
2020/01/09 11:29:15.316,-0.668975
2020/01/09 11:29:15.415,-0.811679
2020/01/09 11:29:15.515,-0.329636
2020/01/09 11:29:15.615,0.616484
2020/01/09 11:29:15.715,0.684604
2020/01/09 11:29:15.815,0.118881
2020/01/09 11:29:15.915,0.151116
2020/01/09 11:29:16.015,1.439577
2020/01/09 11:29:16.115,0.458589
2020/01/09 11:29:16.215,-1.749638
2020/01/09 11:29:16.315,-0.935771
2020/01/09 11:29:16.415,-0.779350
2020/01/09 11:29:16.515,-0.406945
2020/01/09 11:29:16.615,0.383673
2020/01/09 11:29:16.715,0.214824
2020/01/09 11:29:16.815,1.096799
2020/01/09 11:29:16.915,0.451423
2020/01/09 11:29:17.015,-0.082791
2020/01/09 11:29:17.115,-0.604750
2020/01/09 11:29:17.215,-1.482675
2020/01/09 11:29:17.315,-0.289461
2020/01/09 11:29:17.415,-1.438864
2020/01/09 11:29:17.515,-1.618598
2020/01/09 11:29:17.615,0.678066
2020/01/09 11:29:17.715,0.974618
2020/01/09 11:29:17.815,0.838879
2020/01/09 11:29:17.915,1.980517
2020/01/09 11:29:18.014,0.063447
2020/01/09 11:29:18.114,0.148839
2020/01/09 11:29:18.214,-0.897454
2020/01/09 11:29:18.314,-0.668835
2020/01/09 11:29:18.414,0.182233
2020/01/09 11:29:18.514,-0.634632
2020/01/09 11:29:18.614,1.125509
2020/01/09 11:29:18.714,0.715735
2020/01/09 11:29:18.814,-0.113008
2020/01/09 11:29:18.914,0.529782
2020/01/09 11:29:19.014,0.272513
2020/01/09 11:29:19.114,1.239666
2020/01/09 11:29:19.214,-1.239406
2020/01/09 11:29:19.314,-1.060540
2020/01/09 11:29:19.414,-0.940135
2020/01/09 11:29:19.514,-1.221648
2020/01/09 11:29:19.614,0.476556
2020/01/09 11:29:19.714,0.411393
2020/01/09 11:29:19.814,0.370938
2020/01/09 11:29:19.914,0.332577
2020/01/09 11:29:20.014,-0.708932
2020/01/09 11:29:20.114,0.290007
2020/01/09 11:29:20.214,-0.986504
2020/01/09 11:29:20.314,-1.400219
2020/01/09 11:29:20.414,-0.681150
2020/01/09 11:29:20.514,-1.113229
2020/01/09 11:29:20.614,-1.308202
2020/01/09 11:29:20.714,0.058353
2020/01/09 11:29:20.814,-0.100693
2020/01/09 11:29:20.914,-0.569969
2020/01/09 11:29:21.014,-1.210033
2020/01/09 11:29:21.114,-0.734424
2020/01/09 11:29:21.213,-0.148539
2020/01/09 11:29:21.313,-1.532215
2020/01/09 11:29:21.413,-2.681670
2020/01/09 11:29:21.513,-0.323991
2020/01/09 11:29:21.613,-2.517721
2020/01/09 11:29:21.713,-1.305147
2020/01/09 11:29:21.813,-1.238456
2020/01/09 11:29:21.913,-0.761115
2020/01/09 11:29:22.013,0.238876
2020/01/09 11:29:22.113,-1.927084
2020/01/09 11:29:22.213,-0.019829
2020/01/09 11:29:22.313,-0.381078
2020/01/09 11:29:22.413,-0.327312
2020/01/09 11:29:22.513,-0.834197
2020/01/09 11:29:22.613,-0.738099
2020/01/09 11:29:22.713,-2.306056
2020/01/09 11:29:22.813,-0.524527
2020/01/09 11:29:22.913,0.047258
2020/01/09 11:29:23.013,0.182703
2020/01/09 11:29:23.113,0.863408
2020/01/09 11:29:23.213,1.368075
2020/01/09 11:29:23.313,0.062639
2020/01/09 11:29:23.413,0.649526
2020/01/09 11:29:23.513,-0.951501
2020/01/09 11:29:23.613,-0.178236
2020/01/09 11:29:23.713,-0.343550
2020/01/09 11:29:23.813,-0.515549
2020/01/09 11:29:23.913,0.587672
2020/01/09 11:29:24.013,0.601966
2020/01/09 11:29:24.113,0.375034
2020/01/09 11:29:24.213,1.075323
2020/01/09 11:29:24.313,0.297372
2020/01/09 11:29:24.412,0.024315
2020/01/09 11:29:24.513,-1.767693
2020/01/09 11:29:24.613,-1.572222
2020/01/09 11:29:24.713,-1.104684
2020/01/09 11:29:24.812,-1.580569
2020/01/09 11:29:24.913,-0.245842
2020/01/09 11:29:25.012,0.042937
2020/01/09 11:29:25.112,0.170863
2020/01/09 11:29:25.212,1.367375
2020/01/09 11:29:25.312,0.023901
2020/01/09 11:29:25.412,0.647091
2020/01/09 11:29:25.512,-0.937410
2020/01/09 11:29:25.612,-1.021990
2020/01/09 11:29:25.712,0.328493
2020/01/09 11:29:25.812,-0.816140
2020/01/09 11:29:25.912,0.182534
2020/01/09 11:29:26.012,-0.137660
2020/01/09 11:29:26.112,-0.430862
2020/01/09 11:29:26.212,0.181041
2020/01/09 11:29:26.312,-1.136953
2020/01/09 11:29:26.412,-0.441186
2020/01/09 11:29:26.512,-1.203712
2020/01/09 11:29:26.612,-1.763188
2020/01/09 11:29:26.712,-0.316335
2020/01/09 11:29:26.812,-0.969857
2020/01/09 11:29:26.912,-1.118078
2020/01/09 11:29:27.012,-0.917175
2020/01/09 11:29:27.112,-0.706220
2020/01/09 11:29:27.211,-0.795241
2020/01/09 11:29:27.311,-1.127564
2020/01/09 11:29:27.412,-0.388062
2020/01/09 11:29:27.512,0.208403
2020/01/09 11:29:27.611,-0.082909
2020/01/09 11:29:27.712,0.132832
2020/01/09 11:29:27.812,0.491381
2020/01/09 11:29:27.911,0.044143
2020/01/09 11:29:28.011,0.280145
2020/01/09 11:29:28.111,0.012545
2020/01/09 11:29:28.211,-0.032526
2020/01/09 11:29:28.313,-0.141041
2020/01/09 11:29:28.411,0.055073
